2026/01/23 07:58:01 [error] [php] ftp_get(): /reads.ctk: No such file or directory (/var/www/html/chitkar/protected/commands/remoteStatsCommand.php:75)
Stack trace:
#0 /var/www/html/chitkar/protected/commands/remoteStatsCommand.php(75): ftp_get()
#1 /var/www/html/chitkar/protected/framework/console/CConsoleCommandRunner.php(71): remoteStatsCommand->run()
#2 /var/www/html/chitkar/protected/framework/console/CConsoleApplication.php(92): CConsoleCommandRunner->run()
#3 /var/www/html/chitkar/protected/framework/base/CApplication.php(185): CConsoleApplication->processRequest()
#4 /var/www/html/chitkar/cron.php(6): CConsoleApplication->run()

2026/01/23 08:38:02 [error] [php] ftp_get(): /reads.ctk: No such file or directory (/var/www/html/chitkar/protected/commands/remoteStatsCommand.php:75)
Stack trace:
#0 /var/www/html/chitkar/protected/commands/remoteStatsCommand.php(75): ftp_get()
#1 /var/www/html/chitkar/protected/framework/console/CConsoleCommandRunner.php(71): remoteStatsCommand->run()
#2 /var/www/html/chitkar/protected/framework/console/CConsoleApplication.php(92): CConsoleCommandRunner->run()
#3 /var/www/html/chitkar/protected/framework/base/CApplication.php(185): CConsoleApplication->processRequest()
#4 /var/www/html/chitkar/cron.php(6): CConsoleApplication->run()

2026/01/23 09:14:02 [error] [php] ftp_get(): /reads.ctk: No such file or directory (/var/www/html/chitkar/protected/commands/remoteStatsCommand.php:75)
Stack trace:
#0 /var/www/html/chitkar/protected/commands/remoteStatsCommand.php(75): ftp_get()
#1 /var/www/html/chitkar/protected/framework/console/CConsoleCommandRunner.php(71): remoteStatsCommand->run()
#2 /var/www/html/chitkar/protected/framework/console/CConsoleApplication.php(92): CConsoleCommandRunner->run()
#3 /var/www/html/chitkar/protected/framework/base/CApplication.php(185): CConsoleApplication->processRequest()
#4 /var/www/html/chitkar/cron.php(6): CConsoleApplication->run()

2026/01/23 09:52:01 [error] [php] ftp_get(): /reads.ctk: No such file or directory (/var/www/html/chitkar/protected/commands/remoteStatsCommand.php:75)
Stack trace:
#0 /var/www/html/chitkar/protected/commands/remoteStatsCommand.php(75): ftp_get()
#1 /var/www/html/chitkar/protected/framework/console/CConsoleCommandRunner.php(71): remoteStatsCommand->run()
#2 /var/www/html/chitkar/protected/framework/console/CConsoleApplication.php(92): CConsoleCommandRunner->run()
#3 /var/www/html/chitkar/protected/framework/base/CApplication.php(185): CConsoleApplication->processRequest()
#4 /var/www/html/chitkar/cron.php(6): CConsoleApplication->run()

2026/01/24 01:00:01 [error] [php] ftp_get(): /reads.ctk: No such file or directory (/var/www/html/chitkar/protected/commands/remoteStatsCommand.php:75)
Stack trace:
#0 /var/www/html/chitkar/protected/commands/remoteStatsCommand.php(75): ftp_get()
#1 /var/www/html/chitkar/protected/framework/console/CConsoleCommandRunner.php(71): remoteStatsCommand->run()
#2 /var/www/html/chitkar/protected/framework/console/CConsoleApplication.php(92): CConsoleCommandRunner->run()
#3 /var/www/html/chitkar/protected/framework/base/CApplication.php(185): CConsoleApplication->processRequest()
#4 /var/www/html/chitkar/cron.php(6): CConsoleApplication->run()

2026/01/24 01:50:01 [error] [php] ftp_get(): /reads.ctk: No such file or directory (/var/www/html/chitkar/protected/commands/remoteStatsCommand.php:75)
Stack trace:
#0 /var/www/html/chitkar/protected/commands/remoteStatsCommand.php(75): ftp_get()
#1 /var/www/html/chitkar/protected/framework/console/CConsoleCommandRunner.php(71): remoteStatsCommand->run()
#2 /var/www/html/chitkar/protected/framework/console/CConsoleApplication.php(92): CConsoleCommandRunner->run()
#3 /var/www/html/chitkar/protected/framework/base/CApplication.php(185): CConsoleApplication->processRequest()
#4 /var/www/html/chitkar/cron.php(6): CConsoleApplication->run()

2026/01/24 02:28:01 [error] [php] ftp_get(): /reads.ctk: No such file or directory (/var/www/html/chitkar/protected/commands/remoteStatsCommand.php:75)
Stack trace:
#0 /var/www/html/chitkar/protected/commands/remoteStatsCommand.php(75): ftp_get()
#1 /var/www/html/chitkar/protected/framework/console/CConsoleCommandRunner.php(71): remoteStatsCommand->run()
#2 /var/www/html/chitkar/protected/framework/console/CConsoleApplication.php(92): CConsoleCommandRunner->run()
#3 /var/www/html/chitkar/protected/framework/base/CApplication.php(185): CConsoleApplication->processRequest()
#4 /var/www/html/chitkar/cron.php(6): CConsoleApplication->run()

2026/01/24 03:14:01 [error] [php] ftp_get(): /reads.ctk: No such file or directory (/var/www/html/chitkar/protected/commands/remoteStatsCommand.php:75)
Stack trace:
#0 /var/www/html/chitkar/protected/commands/remoteStatsCommand.php(75): ftp_get()
#1 /var/www/html/chitkar/protected/framework/console/CConsoleCommandRunner.php(71): remoteStatsCommand->run()
#2 /var/www/html/chitkar/protected/framework/console/CConsoleApplication.php(92): CConsoleCommandRunner->run()
#3 /var/www/html/chitkar/protected/framework/base/CApplication.php(185): CConsoleApplication->processRequest()
#4 /var/www/html/chitkar/cron.php(6): CConsoleApplication->run()

2026/01/24 03:52:01 [error] [php] ftp_get(): /reads.ctk: No such file or directory (/var/www/html/chitkar/protected/commands/remoteStatsCommand.php:75)
Stack trace:
#0 /var/www/html/chitkar/protected/commands/remoteStatsCommand.php(75): ftp_get()
#1 /var/www/html/chitkar/protected/framework/console/CConsoleCommandRunner.php(71): remoteStatsCommand->run()
#2 /var/www/html/chitkar/protected/framework/console/CConsoleApplication.php(92): CConsoleCommandRunner->run()
#3 /var/www/html/chitkar/protected/framework/base/CApplication.php(185): CConsoleApplication->processRequest()
#4 /var/www/html/chitkar/cron.php(6): CConsoleApplication->run()

2026/01/24 04:26:01 [error] [php] ftp_get(): /reads.ctk: No such file or directory (/var/www/html/chitkar/protected/commands/remoteStatsCommand.php:75)
Stack trace:
#0 /var/www/html/chitkar/protected/commands/remoteStatsCommand.php(75): ftp_get()
#1 /var/www/html/chitkar/protected/framework/console/CConsoleCommandRunner.php(71): remoteStatsCommand->run()
#2 /var/www/html/chitkar/protected/framework/console/CConsoleApplication.php(92): CConsoleCommandRunner->run()
#3 /var/www/html/chitkar/protected/framework/base/CApplication.php(185): CConsoleApplication->processRequest()
#4 /var/www/html/chitkar/cron.php(6): CConsoleApplication->run()

2026/01/24 05:06:01 [error] [php] ftp_get(): /reads.ctk: No such file or directory (/var/www/html/chitkar/protected/commands/remoteStatsCommand.php:75)
Stack trace:
#0 /var/www/html/chitkar/protected/commands/remoteStatsCommand.php(75): ftp_get()
#1 /var/www/html/chitkar/protected/framework/console/CConsoleCommandRunner.php(71): remoteStatsCommand->run()
#2 /var/www/html/chitkar/protected/framework/console/CConsoleApplication.php(92): CConsoleCommandRunner->run()
#3 /var/www/html/chitkar/protected/framework/base/CApplication.php(185): CConsoleApplication->processRequest()
#4 /var/www/html/chitkar/cron.php(6): CConsoleApplication->run()

2026/01/24 05:40:02 [error] [php] ftp_get(): /reads.ctk: No such file or directory (/var/www/html/chitkar/protected/commands/remoteStatsCommand.php:75)
Stack trace:
#0 /var/www/html/chitkar/protected/commands/remoteStatsCommand.php(75): ftp_get()
#1 /var/www/html/chitkar/protected/framework/console/CConsoleCommandRunner.php(71): remoteStatsCommand->run()
#2 /var/www/html/chitkar/protected/framework/console/CConsoleApplication.php(92): CConsoleCommandRunner->run()
#3 /var/www/html/chitkar/protected/framework/base/CApplication.php(185): CConsoleApplication->processRequest()
#4 /var/www/html/chitkar/cron.php(6): CConsoleApplication->run()

2026/01/24 06:22:01 [error] [php] ftp_get(): /reads.ctk: No such file or directory (/var/www/html/chitkar/protected/commands/remoteStatsCommand.php:75)
Stack trace:
#0 /var/www/html/chitkar/protected/commands/remoteStatsCommand.php(75): ftp_get()
#1 /var/www/html/chitkar/protected/framework/console/CConsoleCommandRunner.php(71): remoteStatsCommand->run()
#2 /var/www/html/chitkar/protected/framework/console/CConsoleApplication.php(92): CConsoleCommandRunner->run()
#3 /var/www/html/chitkar/protected/framework/base/CApplication.php(185): CConsoleApplication->processRequest()
#4 /var/www/html/chitkar/cron.php(6): CConsoleApplication->run()

2026/01/24 06:56:01 [error] [php] ftp_get(): /reads.ctk: No such file or directory (/var/www/html/chitkar/protected/commands/remoteStatsCommand.php:75)
Stack trace:
#0 /var/www/html/chitkar/protected/commands/remoteStatsCommand.php(75): ftp_get()
#1 /var/www/html/chitkar/protected/framework/console/CConsoleCommandRunner.php(71): remoteStatsCommand->run()
#2 /var/www/html/chitkar/protected/framework/console/CConsoleApplication.php(92): CConsoleCommandRunner->run()
#3 /var/www/html/chitkar/protected/framework/base/CApplication.php(185): CConsoleApplication->processRequest()
#4 /var/www/html/chitkar/cron.php(6): CConsoleApplication->run()

2026/01/24 08:06:01 [error] [php] ftp_get(): /reads.ctk: No such file or directory (/var/www/html/chitkar/protected/commands/remoteStatsCommand.php:75)
Stack trace:
#0 /var/www/html/chitkar/protected/commands/remoteStatsCommand.php(75): ftp_get()
#1 /var/www/html/chitkar/protected/framework/console/CConsoleCommandRunner.php(71): remoteStatsCommand->run()
#2 /var/www/html/chitkar/protected/framework/console/CConsoleApplication.php(92): CConsoleCommandRunner->run()
#3 /var/www/html/chitkar/protected/framework/base/CApplication.php(185): CConsoleApplication->processRequest()
#4 /var/www/html/chitkar/cron.php(6): CConsoleApplication->run()

2026/01/24 09:08:01 [error] [php] ftp_get(): /reads.ctk: No such file or directory (/var/www/html/chitkar/protected/commands/remoteStatsCommand.php:75)
Stack trace:
#0 /var/www/html/chitkar/protected/commands/remoteStatsCommand.php(75): ftp_get()
#1 /var/www/html/chitkar/protected/framework/console/CConsoleCommandRunner.php(71): remoteStatsCommand->run()
#2 /var/www/html/chitkar/protected/framework/console/CConsoleApplication.php(92): CConsoleCommandRunner->run()
#3 /var/www/html/chitkar/protected/framework/base/CApplication.php(185): CConsoleApplication->processRequest()
#4 /var/www/html/chitkar/cron.php(6): CConsoleApplication->run()

2026/01/24 10:06:02 [error] [php] ftp_get(): /reads.ctk: No such file or directory (/var/www/html/chitkar/protected/commands/remoteStatsCommand.php:75)
Stack trace:
#0 /var/www/html/chitkar/protected/commands/remoteStatsCommand.php(75): ftp_get()
#1 /var/www/html/chitkar/protected/framework/console/CConsoleCommandRunner.php(71): remoteStatsCommand->run()
#2 /var/www/html/chitkar/protected/framework/console/CConsoleApplication.php(92): CConsoleCommandRunner->run()
#3 /var/www/html/chitkar/protected/framework/base/CApplication.php(185): CConsoleApplication->processRequest()
#4 /var/www/html/chitkar/cron.php(6): CConsoleApplication->run()

2026/01/24 13:02:02 [error] [php] ftp_get(): /reads.ctk: No such file or directory (/var/www/html/chitkar/protected/commands/remoteStatsCommand.php:75)
Stack trace:
#0 /var/www/html/chitkar/protected/commands/remoteStatsCommand.php(75): ftp_get()
#1 /var/www/html/chitkar/protected/framework/console/CConsoleCommandRunner.php(71): remoteStatsCommand->run()
#2 /var/www/html/chitkar/protected/framework/console/CConsoleApplication.php(92): CConsoleCommandRunner->run()
#3 /var/www/html/chitkar/protected/framework/base/CApplication.php(185): CConsoleApplication->processRequest()
#4 /var/www/html/chitkar/cron.php(6): CConsoleApplication->run()

2026/01/24 13:42:01 [error] [php] ftp_get(): /reads.ctk: No such file or directory (/var/www/html/chitkar/protected/commands/remoteStatsCommand.php:75)
Stack trace:
#0 /var/www/html/chitkar/protected/commands/remoteStatsCommand.php(75): ftp_get()
#1 /var/www/html/chitkar/protected/framework/console/CConsoleCommandRunner.php(71): remoteStatsCommand->run()
#2 /var/www/html/chitkar/protected/framework/console/CConsoleApplication.php(92): CConsoleCommandRunner->run()
#3 /var/www/html/chitkar/protected/framework/base/CApplication.php(185): CConsoleApplication->processRequest()
#4 /var/www/html/chitkar/cron.php(6): CConsoleApplication->run()

2026/01/24 14:18:01 [error] [php] ftp_get(): /reads.ctk: No such file or directory (/var/www/html/chitkar/protected/commands/remoteStatsCommand.php:75)
Stack trace:
#0 /var/www/html/chitkar/protected/commands/remoteStatsCommand.php(75): ftp_get()
#1 /var/www/html/chitkar/protected/framework/console/CConsoleCommandRunner.php(71): remoteStatsCommand->run()
#2 /var/www/html/chitkar/protected/framework/console/CConsoleApplication.php(92): CConsoleCommandRunner->run()
#3 /var/www/html/chitkar/protected/framework/base/CApplication.php(185): CConsoleApplication->processRequest()
#4 /var/www/html/chitkar/cron.php(6): CConsoleApplication->run()

2026/01/24 15:02:01 [error] [php] ftp_get(): /reads.ctk: No such file or directory (/var/www/html/chitkar/protected/commands/remoteStatsCommand.php:75)
Stack trace:
#0 /var/www/html/chitkar/protected/commands/remoteStatsCommand.php(75): ftp_get()
#1 /var/www/html/chitkar/protected/framework/console/CConsoleCommandRunner.php(71): remoteStatsCommand->run()
#2 /var/www/html/chitkar/protected/framework/console/CConsoleApplication.php(92): CConsoleCommandRunner->run()
#3 /var/www/html/chitkar/protected/framework/base/CApplication.php(185): CConsoleApplication->processRequest()
#4 /var/www/html/chitkar/cron.php(6): CConsoleApplication->run()

2026/01/24 15:42:01 [error] [php] ftp_get(): /reads.ctk: No such file or directory (/var/www/html/chitkar/protected/commands/remoteStatsCommand.php:75)
Stack trace:
#0 /var/www/html/chitkar/protected/commands/remoteStatsCommand.php(75): ftp_get()
#1 /var/www/html/chitkar/protected/framework/console/CConsoleCommandRunner.php(71): remoteStatsCommand->run()
#2 /var/www/html/chitkar/protected/framework/console/CConsoleApplication.php(92): CConsoleCommandRunner->run()
#3 /var/www/html/chitkar/protected/framework/base/CApplication.php(185): CConsoleApplication->processRequest()
#4 /var/www/html/chitkar/cron.php(6): CConsoleApplication->run()

2026/01/24 16:30:01 [error] [php] ftp_get(): /reads.ctk: No such file or directory (/var/www/html/chitkar/protected/commands/remoteStatsCommand.php:75)
Stack trace:
#0 /var/www/html/chitkar/protected/commands/remoteStatsCommand.php(75): ftp_get()
#1 /var/www/html/chitkar/protected/framework/console/CConsoleCommandRunner.php(71): remoteStatsCommand->run()
#2 /var/www/html/chitkar/protected/framework/console/CConsoleApplication.php(92): CConsoleCommandRunner->run()
#3 /var/www/html/chitkar/protected/framework/base/CApplication.php(185): CConsoleApplication->processRequest()
#4 /var/www/html/chitkar/cron.php(6): CConsoleApplication->run()

2026/01/24 17:04:01 [error] [php] ftp_get(): /reads.ctk: No such file or directory (/var/www/html/chitkar/protected/commands/remoteStatsCommand.php:75)
Stack trace:
#0 /var/www/html/chitkar/protected/commands/remoteStatsCommand.php(75): ftp_get()
#1 /var/www/html/chitkar/protected/framework/console/CConsoleCommandRunner.php(71): remoteStatsCommand->run()
#2 /var/www/html/chitkar/protected/framework/console/CConsoleApplication.php(92): CConsoleCommandRunner->run()
#3 /var/www/html/chitkar/protected/framework/base/CApplication.php(185): CConsoleApplication->processRequest()
#4 /var/www/html/chitkar/cron.php(6): CConsoleApplication->run()

2026/01/24 17:46:01 [error] [php] ftp_get(): /reads.ctk: No such file or directory (/var/www/html/chitkar/protected/commands/remoteStatsCommand.php:75)
Stack trace:
#0 /var/www/html/chitkar/protected/commands/remoteStatsCommand.php(75): ftp_get()
#1 /var/www/html/chitkar/protected/framework/console/CConsoleCommandRunner.php(71): remoteStatsCommand->run()
#2 /var/www/html/chitkar/protected/framework/console/CConsoleApplication.php(92): CConsoleCommandRunner->run()
#3 /var/www/html/chitkar/protected/framework/base/CApplication.php(185): CConsoleApplication->processRequest()
#4 /var/www/html/chitkar/cron.php(6): CConsoleApplication->run()

2026/01/24 19:34:01 [error] [php] ftp_get(): /reads.ctk: No such file or directory (/var/www/html/chitkar/protected/commands/remoteStatsCommand.php:75)
Stack trace:
#0 /var/www/html/chitkar/protected/commands/remoteStatsCommand.php(75): ftp_get()
#1 /var/www/html/chitkar/protected/framework/console/CConsoleCommandRunner.php(71): remoteStatsCommand->run()
#2 /var/www/html/chitkar/protected/framework/console/CConsoleApplication.php(92): CConsoleCommandRunner->run()
#3 /var/www/html/chitkar/protected/framework/base/CApplication.php(185): CConsoleApplication->processRequest()
#4 /var/www/html/chitkar/cron.php(6): CConsoleApplication->run()

2026/01/24 20:08:01 [error] [php] ftp_get(): /reads.ctk: No such file or directory (/var/www/html/chitkar/protected/commands/remoteStatsCommand.php:75)
Stack trace:
#0 /var/www/html/chitkar/protected/commands/remoteStatsCommand.php(75): ftp_get()
#1 /var/www/html/chitkar/protected/framework/console/CConsoleCommandRunner.php(71): remoteStatsCommand->run()
#2 /var/www/html/chitkar/protected/framework/console/CConsoleApplication.php(92): CConsoleCommandRunner->run()
#3 /var/www/html/chitkar/protected/framework/base/CApplication.php(185): CConsoleApplication->processRequest()
#4 /var/www/html/chitkar/cron.php(6): CConsoleApplication->run()

2026/01/24 20:52:01 [error] [php] ftp_get(): /reads.ctk: No such file or directory (/var/www/html/chitkar/protected/commands/remoteStatsCommand.php:75)
Stack trace:
#0 /var/www/html/chitkar/protected/commands/remoteStatsCommand.php(75): ftp_get()
#1 /var/www/html/chitkar/protected/framework/console/CConsoleCommandRunner.php(71): remoteStatsCommand->run()
#2 /var/www/html/chitkar/protected/framework/console/CConsoleApplication.php(92): CConsoleCommandRunner->run()
#3 /var/www/html/chitkar/protected/framework/base/CApplication.php(185): CConsoleApplication->processRequest()
#4 /var/www/html/chitkar/cron.php(6): CConsoleApplication->run()

2026/01/24 21:38:01 [error] [php] ftp_get(): /reads.ctk: No such file or directory (/var/www/html/chitkar/protected/commands/remoteStatsCommand.php:75)
Stack trace:
#0 /var/www/html/chitkar/protected/commands/remoteStatsCommand.php(75): ftp_get()
#1 /var/www/html/chitkar/protected/framework/console/CConsoleCommandRunner.php(71): remoteStatsCommand->run()
#2 /var/www/html/chitkar/protected/framework/console/CConsoleApplication.php(92): CConsoleCommandRunner->run()
#3 /var/www/html/chitkar/protected/framework/base/CApplication.php(185): CConsoleApplication->processRequest()
#4 /var/www/html/chitkar/cron.php(6): CConsoleApplication->run()

2026/01/24 22:14:01 [error] [php] ftp_get(): /reads.ctk: No such file or directory (/var/www/html/chitkar/protected/commands/remoteStatsCommand.php:75)
Stack trace:
#0 /var/www/html/chitkar/protected/commands/remoteStatsCommand.php(75): ftp_get()
#1 /var/www/html/chitkar/protected/framework/console/CConsoleCommandRunner.php(71): remoteStatsCommand->run()
#2 /var/www/html/chitkar/protected/framework/console/CConsoleApplication.php(92): CConsoleCommandRunner->run()
#3 /var/www/html/chitkar/protected/framework/base/CApplication.php(185): CConsoleApplication->processRequest()
#4 /var/www/html/chitkar/cron.php(6): CConsoleApplication->run()

2026/01/24 22:50:01 [error] [php] ftp_get(): /reads.ctk: No such file or directory (/var/www/html/chitkar/protected/commands/remoteStatsCommand.php:75)
Stack trace:
#0 /var/www/html/chitkar/protected/commands/remoteStatsCommand.php(75): ftp_get()
#1 /var/www/html/chitkar/protected/framework/console/CConsoleCommandRunner.php(71): remoteStatsCommand->run()
#2 /var/www/html/chitkar/protected/framework/console/CConsoleApplication.php(92): CConsoleCommandRunner->run()
#3 /var/www/html/chitkar/protected/framework/base/CApplication.php(185): CConsoleApplication->processRequest()
#4 /var/www/html/chitkar/cron.php(6): CConsoleApplication->run()

2026/01/24 23:36:02 [error] [php] ftp_get(): /reads.ctk: No such file or directory (/var/www/html/chitkar/protected/commands/remoteStatsCommand.php:75)
Stack trace:
#0 /var/www/html/chitkar/protected/commands/remoteStatsCommand.php(75): ftp_get()
#1 /var/www/html/chitkar/protected/framework/console/CConsoleCommandRunner.php(71): remoteStatsCommand->run()
#2 /var/www/html/chitkar/protected/framework/console/CConsoleApplication.php(92): CConsoleCommandRunner->run()
#3 /var/www/html/chitkar/protected/framework/base/CApplication.php(185): CConsoleApplication->processRequest()
#4 /var/www/html/chitkar/cron.php(6): CConsoleApplication->run()

2026/01/25 00:10:02 [error] [php] ftp_get(): /reads.ctk: No such file or directory (/var/www/html/chitkar/protected/commands/remoteStatsCommand.php:75)
Stack trace:
#0 /var/www/html/chitkar/protected/commands/remoteStatsCommand.php(75): ftp_get()
#1 /var/www/html/chitkar/protected/framework/console/CConsoleCommandRunner.php(71): remoteStatsCommand->run()
#2 /var/www/html/chitkar/protected/framework/console/CConsoleApplication.php(92): CConsoleCommandRunner->run()
#3 /var/www/html/chitkar/protected/framework/base/CApplication.php(185): CConsoleApplication->processRequest()
#4 /var/www/html/chitkar/cron.php(6): CConsoleApplication->run()

2026/01/25 00:44:01 [error] [php] ftp_get(): /reads.ctk: No such file or directory (/var/www/html/chitkar/protected/commands/remoteStatsCommand.php:75)
Stack trace:
#0 /var/www/html/chitkar/protected/commands/remoteStatsCommand.php(75): ftp_get()
#1 /var/www/html/chitkar/protected/framework/console/CConsoleCommandRunner.php(71): remoteStatsCommand->run()
#2 /var/www/html/chitkar/protected/framework/console/CConsoleApplication.php(92): CConsoleCommandRunner->run()
#3 /var/www/html/chitkar/protected/framework/base/CApplication.php(185): CConsoleApplication->processRequest()
#4 /var/www/html/chitkar/cron.php(6): CConsoleApplication->run()

2026/01/25 01:22:01 [error] [php] ftp_get(): /reads.ctk: No such file or directory (/var/www/html/chitkar/protected/commands/remoteStatsCommand.php:75)
Stack trace:
#0 /var/www/html/chitkar/protected/commands/remoteStatsCommand.php(75): ftp_get()
#1 /var/www/html/chitkar/protected/framework/console/CConsoleCommandRunner.php(71): remoteStatsCommand->run()
#2 /var/www/html/chitkar/protected/framework/console/CConsoleApplication.php(92): CConsoleCommandRunner->run()
#3 /var/www/html/chitkar/protected/framework/base/CApplication.php(185): CConsoleApplication->processRequest()
#4 /var/www/html/chitkar/cron.php(6): CConsoleApplication->run()

2026/01/25 01:56:02 [error] [php] ftp_get(): /reads.ctk: No such file or directory (/var/www/html/chitkar/protected/commands/remoteStatsCommand.php:75)
Stack trace:
#0 /var/www/html/chitkar/protected/commands/remoteStatsCommand.php(75): ftp_get()
#1 /var/www/html/chitkar/protected/framework/console/CConsoleCommandRunner.php(71): remoteStatsCommand->run()
#2 /var/www/html/chitkar/protected/framework/console/CConsoleApplication.php(92): CConsoleCommandRunner->run()
#3 /var/www/html/chitkar/protected/framework/base/CApplication.php(185): CConsoleApplication->processRequest()
#4 /var/www/html/chitkar/cron.php(6): CConsoleApplication->run()

2026/01/25 02:30:01 [error] [php] ftp_get(): /reads.ctk: No such file or directory (/var/www/html/chitkar/protected/commands/remoteStatsCommand.php:75)
Stack trace:
#0 /var/www/html/chitkar/protected/commands/remoteStatsCommand.php(75): ftp_get()
#1 /var/www/html/chitkar/protected/framework/console/CConsoleCommandRunner.php(71): remoteStatsCommand->run()
#2 /var/www/html/chitkar/protected/framework/console/CConsoleApplication.php(92): CConsoleCommandRunner->run()
#3 /var/www/html/chitkar/protected/framework/base/CApplication.php(185): CConsoleApplication->processRequest()
#4 /var/www/html/chitkar/cron.php(6): CConsoleApplication->run()

2026/01/25 03:04:01 [error] [php] ftp_get(): /reads.ctk: No such file or directory (/var/www/html/chitkar/protected/commands/remoteStatsCommand.php:75)
Stack trace:
#0 /var/www/html/chitkar/protected/commands/remoteStatsCommand.php(75): ftp_get()
#1 /var/www/html/chitkar/protected/framework/console/CConsoleCommandRunner.php(71): remoteStatsCommand->run()
#2 /var/www/html/chitkar/protected/framework/console/CConsoleApplication.php(92): CConsoleCommandRunner->run()
#3 /var/www/html/chitkar/protected/framework/base/CApplication.php(185): CConsoleApplication->processRequest()
#4 /var/www/html/chitkar/cron.php(6): CConsoleApplication->run()

2026/01/25 03:38:02 [error] [php] ftp_get(): /reads.ctk: No such file or directory (/var/www/html/chitkar/protected/commands/remoteStatsCommand.php:75)
Stack trace:
#0 /var/www/html/chitkar/protected/commands/remoteStatsCommand.php(75): ftp_get()
#1 /var/www/html/chitkar/protected/framework/console/CConsoleCommandRunner.php(71): remoteStatsCommand->run()
#2 /var/www/html/chitkar/protected/framework/console/CConsoleApplication.php(92): CConsoleCommandRunner->run()
#3 /var/www/html/chitkar/protected/framework/base/CApplication.php(185): CConsoleApplication->processRequest()
#4 /var/www/html/chitkar/cron.php(6): CConsoleApplication->run()

2026/01/25 04:12:01 [error] [php] ftp_get(): /reads.ctk: No such file or directory (/var/www/html/chitkar/protected/commands/remoteStatsCommand.php:75)
Stack trace:
#0 /var/www/html/chitkar/protected/commands/remoteStatsCommand.php(75): ftp_get()
#1 /var/www/html/chitkar/protected/framework/console/CConsoleCommandRunner.php(71): remoteStatsCommand->run()
#2 /var/www/html/chitkar/protected/framework/console/CConsoleApplication.php(92): CConsoleCommandRunner->run()
#3 /var/www/html/chitkar/protected/framework/base/CApplication.php(185): CConsoleApplication->processRequest()
#4 /var/www/html/chitkar/cron.php(6): CConsoleApplication->run()

2026/01/25 04:46:01 [error] [php] ftp_get(): /reads.ctk: No such file or directory (/var/www/html/chitkar/protected/commands/remoteStatsCommand.php:75)
Stack trace:
#0 /var/www/html/chitkar/protected/commands/remoteStatsCommand.php(75): ftp_get()
#1 /var/www/html/chitkar/protected/framework/console/CConsoleCommandRunner.php(71): remoteStatsCommand->run()
#2 /var/www/html/chitkar/protected/framework/console/CConsoleApplication.php(92): CConsoleCommandRunner->run()
#3 /var/www/html/chitkar/protected/framework/base/CApplication.php(185): CConsoleApplication->processRequest()
#4 /var/www/html/chitkar/cron.php(6): CConsoleApplication->run()

2026/01/25 05:22:01 [error] [php] ftp_get(): /reads.ctk: No such file or directory (/var/www/html/chitkar/protected/commands/remoteStatsCommand.php:75)
Stack trace:
#0 /var/www/html/chitkar/protected/commands/remoteStatsCommand.php(75): ftp_get()
#1 /var/www/html/chitkar/protected/framework/console/CConsoleCommandRunner.php(71): remoteStatsCommand->run()
#2 /var/www/html/chitkar/protected/framework/console/CConsoleApplication.php(92): CConsoleCommandRunner->run()
#3 /var/www/html/chitkar/protected/framework/base/CApplication.php(185): CConsoleApplication->processRequest()
#4 /var/www/html/chitkar/cron.php(6): CConsoleApplication->run()

2026/01/25 05:58:02 [error] [php] ftp_get(): /reads.ctk: No such file or directory (/var/www/html/chitkar/protected/commands/remoteStatsCommand.php:75)
Stack trace:
#0 /var/www/html/chitkar/protected/commands/remoteStatsCommand.php(75): ftp_get()
#1 /var/www/html/chitkar/protected/framework/console/CConsoleCommandRunner.php(71): remoteStatsCommand->run()
#2 /var/www/html/chitkar/protected/framework/console/CConsoleApplication.php(92): CConsoleCommandRunner->run()
#3 /var/www/html/chitkar/protected/framework/base/CApplication.php(185): CConsoleApplication->processRequest()
#4 /var/www/html/chitkar/cron.php(6): CConsoleApplication->run()

2026/01/25 06:32:01 [error] [php] ftp_get(): /reads.ctk: No such file or directory (/var/www/html/chitkar/protected/commands/remoteStatsCommand.php:75)
Stack trace:
#0 /var/www/html/chitkar/protected/commands/remoteStatsCommand.php(75): ftp_get()
#1 /var/www/html/chitkar/protected/framework/console/CConsoleCommandRunner.php(71): remoteStatsCommand->run()
#2 /var/www/html/chitkar/protected/framework/console/CConsoleApplication.php(92): CConsoleCommandRunner->run()
#3 /var/www/html/chitkar/protected/framework/base/CApplication.php(185): CConsoleApplication->processRequest()
#4 /var/www/html/chitkar/cron.php(6): CConsoleApplication->run()

2026/01/25 07:14:01 [error] [php] ftp_get(): /reads.ctk: No such file or directory (/var/www/html/chitkar/protected/commands/remoteStatsCommand.php:75)
Stack trace:
#0 /var/www/html/chitkar/protected/commands/remoteStatsCommand.php(75): ftp_get()
#1 /var/www/html/chitkar/protected/framework/console/CConsoleCommandRunner.php(71): remoteStatsCommand->run()
#2 /var/www/html/chitkar/protected/framework/console/CConsoleApplication.php(92): CConsoleCommandRunner->run()
#3 /var/www/html/chitkar/protected/framework/base/CApplication.php(185): CConsoleApplication->processRequest()
#4 /var/www/html/chitkar/cron.php(6): CConsoleApplication->run()

2026/01/25 07:50:01 [error] [php] ftp_get(): /reads.ctk: No such file or directory (/var/www/html/chitkar/protected/commands/remoteStatsCommand.php:75)
Stack trace:
#0 /var/www/html/chitkar/protected/commands/remoteStatsCommand.php(75): ftp_get()
#1 /var/www/html/chitkar/protected/framework/console/CConsoleCommandRunner.php(71): remoteStatsCommand->run()
#2 /var/www/html/chitkar/protected/framework/console/CConsoleApplication.php(92): CConsoleCommandRunner->run()
#3 /var/www/html/chitkar/protected/framework/base/CApplication.php(185): CConsoleApplication->processRequest()
#4 /var/www/html/chitkar/cron.php(6): CConsoleApplication->run()

2026/01/25 08:30:02 [error] [php] ftp_get(): /reads.ctk: No such file or directory (/var/www/html/chitkar/protected/commands/remoteStatsCommand.php:75)
Stack trace:
#0 /var/www/html/chitkar/protected/commands/remoteStatsCommand.php(75): ftp_get()
#1 /var/www/html/chitkar/protected/framework/console/CConsoleCommandRunner.php(71): remoteStatsCommand->run()
#2 /var/www/html/chitkar/protected/framework/console/CConsoleApplication.php(92): CConsoleCommandRunner->run()
#3 /var/www/html/chitkar/protected/framework/base/CApplication.php(185): CConsoleApplication->processRequest()
#4 /var/www/html/chitkar/cron.php(6): CConsoleApplication->run()

2026/01/25 09:06:01 [error] [php] ftp_get(): /reads.ctk: No such file or directory (/var/www/html/chitkar/protected/commands/remoteStatsCommand.php:75)
Stack trace:
#0 /var/www/html/chitkar/protected/commands/remoteStatsCommand.php(75): ftp_get()
#1 /var/www/html/chitkar/protected/framework/console/CConsoleCommandRunner.php(71): remoteStatsCommand->run()
#2 /var/www/html/chitkar/protected/framework/console/CConsoleApplication.php(92): CConsoleCommandRunner->run()
#3 /var/www/html/chitkar/protected/framework/base/CApplication.php(185): CConsoleApplication->processRequest()
#4 /var/www/html/chitkar/cron.php(6): CConsoleApplication->run()

2026/01/25 09:56:01 [error] [php] ftp_get(): /reads.ctk: No such file or directory (/var/www/html/chitkar/protected/commands/remoteStatsCommand.php:75)
Stack trace:
#0 /var/www/html/chitkar/protected/commands/remoteStatsCommand.php(75): ftp_get()
#1 /var/www/html/chitkar/protected/framework/console/CConsoleCommandRunner.php(71): remoteStatsCommand->run()
#2 /var/www/html/chitkar/protected/framework/console/CConsoleApplication.php(92): CConsoleCommandRunner->run()
#3 /var/www/html/chitkar/protected/framework/base/CApplication.php(185): CConsoleApplication->processRequest()
#4 /var/www/html/chitkar/cron.php(6): CConsoleApplication->run()

2026/01/25 10:34:01 [error] [php] ftp_get(): /reads.ctk: No such file or directory (/var/www/html/chitkar/protected/commands/remoteStatsCommand.php:75)
Stack trace:
#0 /var/www/html/chitkar/protected/commands/remoteStatsCommand.php(75): ftp_get()
#1 /var/www/html/chitkar/protected/framework/console/CConsoleCommandRunner.php(71): remoteStatsCommand->run()
#2 /var/www/html/chitkar/protected/framework/console/CConsoleApplication.php(92): CConsoleCommandRunner->run()
#3 /var/www/html/chitkar/protected/framework/base/CApplication.php(185): CConsoleApplication->processRequest()
#4 /var/www/html/chitkar/cron.php(6): CConsoleApplication->run()

2026/01/25 11:08:01 [error] [php] ftp_get(): /reads.ctk: No such file or directory (/var/www/html/chitkar/protected/commands/remoteStatsCommand.php:75)
Stack trace:
#0 /var/www/html/chitkar/protected/commands/remoteStatsCommand.php(75): ftp_get()
#1 /var/www/html/chitkar/protected/framework/console/CConsoleCommandRunner.php(71): remoteStatsCommand->run()
#2 /var/www/html/chitkar/protected/framework/console/CConsoleApplication.php(92): CConsoleCommandRunner->run()
#3 /var/www/html/chitkar/protected/framework/base/CApplication.php(185): CConsoleApplication->processRequest()
#4 /var/www/html/chitkar/cron.php(6): CConsoleApplication->run()

2026/01/25 11:46:01 [error] [php] ftp_get(): /reads.ctk: No such file or directory (/var/www/html/chitkar/protected/commands/remoteStatsCommand.php:75)
Stack trace:
#0 /var/www/html/chitkar/protected/commands/remoteStatsCommand.php(75): ftp_get()
#1 /var/www/html/chitkar/protected/framework/console/CConsoleCommandRunner.php(71): remoteStatsCommand->run()
#2 /var/www/html/chitkar/protected/framework/console/CConsoleApplication.php(92): CConsoleCommandRunner->run()
#3 /var/www/html/chitkar/protected/framework/base/CApplication.php(185): CConsoleApplication->processRequest()
#4 /var/www/html/chitkar/cron.php(6): CConsoleApplication->run()

2026/01/25 12:22:02 [error] [php] ftp_get(): /reads.ctk: No such file or directory (/var/www/html/chitkar/protected/commands/remoteStatsCommand.php:75)
Stack trace:
#0 /var/www/html/chitkar/protected/commands/remoteStatsCommand.php(75): ftp_get()
#1 /var/www/html/chitkar/protected/framework/console/CConsoleCommandRunner.php(71): remoteStatsCommand->run()
#2 /var/www/html/chitkar/protected/framework/console/CConsoleApplication.php(92): CConsoleCommandRunner->run()
#3 /var/www/html/chitkar/protected/framework/base/CApplication.php(185): CConsoleApplication->processRequest()
#4 /var/www/html/chitkar/cron.php(6): CConsoleApplication->run()

2026/01/25 12:58:01 [error] [php] ftp_get(): /reads.ctk: No such file or directory (/var/www/html/chitkar/protected/commands/remoteStatsCommand.php:75)
Stack trace:
#0 /var/www/html/chitkar/protected/commands/remoteStatsCommand.php(75): ftp_get()
#1 /var/www/html/chitkar/protected/framework/console/CConsoleCommandRunner.php(71): remoteStatsCommand->run()
#2 /var/www/html/chitkar/protected/framework/console/CConsoleApplication.php(92): CConsoleCommandRunner->run()
#3 /var/www/html/chitkar/protected/framework/base/CApplication.php(185): CConsoleApplication->processRequest()
#4 /var/www/html/chitkar/cron.php(6): CConsoleApplication->run()

2026/01/25 13:40:01 [error] [php] ftp_get(): /reads.ctk: No such file or directory (/var/www/html/chitkar/protected/commands/remoteStatsCommand.php:75)
Stack trace:
#0 /var/www/html/chitkar/protected/commands/remoteStatsCommand.php(75): ftp_get()
#1 /var/www/html/chitkar/protected/framework/console/CConsoleCommandRunner.php(71): remoteStatsCommand->run()
#2 /var/www/html/chitkar/protected/framework/console/CConsoleApplication.php(92): CConsoleCommandRunner->run()
#3 /var/www/html/chitkar/protected/framework/base/CApplication.php(185): CConsoleApplication->processRequest()
#4 /var/www/html/chitkar/cron.php(6): CConsoleApplication->run()

2026/01/25 14:14:01 [error] [php] ftp_get(): /reads.ctk: No such file or directory (/var/www/html/chitkar/protected/commands/remoteStatsCommand.php:75)
Stack trace:
#0 /var/www/html/chitkar/protected/commands/remoteStatsCommand.php(75): ftp_get()
#1 /var/www/html/chitkar/protected/framework/console/CConsoleCommandRunner.php(71): remoteStatsCommand->run()
#2 /var/www/html/chitkar/protected/framework/console/CConsoleApplication.php(92): CConsoleCommandRunner->run()
#3 /var/www/html/chitkar/protected/framework/base/CApplication.php(185): CConsoleApplication->processRequest()
#4 /var/www/html/chitkar/cron.php(6): CConsoleApplication->run()

2026/01/25 14:48:02 [error] [php] ftp_get(): /reads.ctk: No such file or directory (/var/www/html/chitkar/protected/commands/remoteStatsCommand.php:75)
Stack trace:
#0 /var/www/html/chitkar/protected/commands/remoteStatsCommand.php(75): ftp_get()
#1 /var/www/html/chitkar/protected/framework/console/CConsoleCommandRunner.php(71): remoteStatsCommand->run()
#2 /var/www/html/chitkar/protected/framework/console/CConsoleApplication.php(92): CConsoleCommandRunner->run()
#3 /var/www/html/chitkar/protected/framework/base/CApplication.php(185): CConsoleApplication->processRequest()
#4 /var/www/html/chitkar/cron.php(6): CConsoleApplication->run()

2026/01/25 15:22:01 [error] [php] ftp_get(): /reads.ctk: No such file or directory (/var/www/html/chitkar/protected/commands/remoteStatsCommand.php:75)
Stack trace:
#0 /var/www/html/chitkar/protected/commands/remoteStatsCommand.php(75): ftp_get()
#1 /var/www/html/chitkar/protected/framework/console/CConsoleCommandRunner.php(71): remoteStatsCommand->run()
#2 /var/www/html/chitkar/protected/framework/console/CConsoleApplication.php(92): CConsoleCommandRunner->run()
#3 /var/www/html/chitkar/protected/framework/base/CApplication.php(185): CConsoleApplication->processRequest()
#4 /var/www/html/chitkar/cron.php(6): CConsoleApplication->run()

2026/01/25 15:56:01 [error] [php] ftp_get(): /reads.ctk: No such file or directory (/var/www/html/chitkar/protected/commands/remoteStatsCommand.php:75)
Stack trace:
#0 /var/www/html/chitkar/protected/commands/remoteStatsCommand.php(75): ftp_get()
#1 /var/www/html/chitkar/protected/framework/console/CConsoleCommandRunner.php(71): remoteStatsCommand->run()
#2 /var/www/html/chitkar/protected/framework/console/CConsoleApplication.php(92): CConsoleCommandRunner->run()
#3 /var/www/html/chitkar/protected/framework/base/CApplication.php(185): CConsoleApplication->processRequest()
#4 /var/www/html/chitkar/cron.php(6): CConsoleApplication->run()

2026/01/25 16:38:01 [error] [php] ftp_get(): /reads.ctk: No such file or directory (/var/www/html/chitkar/protected/commands/remoteStatsCommand.php:75)
Stack trace:
#0 /var/www/html/chitkar/protected/commands/remoteStatsCommand.php(75): ftp_get()
#1 /var/www/html/chitkar/protected/framework/console/CConsoleCommandRunner.php(71): remoteStatsCommand->run()
#2 /var/www/html/chitkar/protected/framework/console/CConsoleApplication.php(92): CConsoleCommandRunner->run()
#3 /var/www/html/chitkar/protected/framework/base/CApplication.php(185): CConsoleApplication->processRequest()
#4 /var/www/html/chitkar/cron.php(6): CConsoleApplication->run()

2026/01/25 17:12:01 [error] [php] ftp_get(): /reads.ctk: No such file or directory (/var/www/html/chitkar/protected/commands/remoteStatsCommand.php:75)
Stack trace:
#0 /var/www/html/chitkar/protected/commands/remoteStatsCommand.php(75): ftp_get()
#1 /var/www/html/chitkar/protected/framework/console/CConsoleCommandRunner.php(71): remoteStatsCommand->run()
#2 /var/www/html/chitkar/protected/framework/console/CConsoleApplication.php(92): CConsoleCommandRunner->run()
#3 /var/www/html/chitkar/protected/framework/base/CApplication.php(185): CConsoleApplication->processRequest()
#4 /var/www/html/chitkar/cron.php(6): CConsoleApplication->run()

2026/01/25 17:46:01 [error] [php] ftp_get(): /reads.ctk: No such file or directory (/var/www/html/chitkar/protected/commands/remoteStatsCommand.php:75)
Stack trace:
#0 /var/www/html/chitkar/protected/commands/remoteStatsCommand.php(75): ftp_get()
#1 /var/www/html/chitkar/protected/framework/console/CConsoleCommandRunner.php(71): remoteStatsCommand->run()
#2 /var/www/html/chitkar/protected/framework/console/CConsoleApplication.php(92): CConsoleCommandRunner->run()
#3 /var/www/html/chitkar/protected/framework/base/CApplication.php(185): CConsoleApplication->processRequest()
#4 /var/www/html/chitkar/cron.php(6): CConsoleApplication->run()

2026/01/25 18:20:02 [error] [php] ftp_get(): /reads.ctk: No such file or directory (/var/www/html/chitkar/protected/commands/remoteStatsCommand.php:75)
Stack trace:
#0 /var/www/html/chitkar/protected/commands/remoteStatsCommand.php(75): ftp_get()
#1 /var/www/html/chitkar/protected/framework/console/CConsoleCommandRunner.php(71): remoteStatsCommand->run()
#2 /var/www/html/chitkar/protected/framework/console/CConsoleApplication.php(92): CConsoleCommandRunner->run()
#3 /var/www/html/chitkar/protected/framework/base/CApplication.php(185): CConsoleApplication->processRequest()
#4 /var/www/html/chitkar/cron.php(6): CConsoleApplication->run()

2026/01/25 19:02:01 [error] [php] ftp_get(): /reads.ctk: No such file or directory (/var/www/html/chitkar/protected/commands/remoteStatsCommand.php:75)
Stack trace:
#0 /var/www/html/chitkar/protected/commands/remoteStatsCommand.php(75): ftp_get()
#1 /var/www/html/chitkar/protected/framework/console/CConsoleCommandRunner.php(71): remoteStatsCommand->run()
#2 /var/www/html/chitkar/protected/framework/console/CConsoleApplication.php(92): CConsoleCommandRunner->run()
#3 /var/www/html/chitkar/protected/framework/base/CApplication.php(185): CConsoleApplication->processRequest()
#4 /var/www/html/chitkar/cron.php(6): CConsoleApplication->run()

2026/01/25 19:36:02 [error] [php] ftp_get(): /reads.ctk: No such file or directory (/var/www/html/chitkar/protected/commands/remoteStatsCommand.php:75)
Stack trace:
#0 /var/www/html/chitkar/protected/commands/remoteStatsCommand.php(75): ftp_get()
#1 /var/www/html/chitkar/protected/framework/console/CConsoleCommandRunner.php(71): remoteStatsCommand->run()
#2 /var/www/html/chitkar/protected/framework/console/CConsoleApplication.php(92): CConsoleCommandRunner->run()
#3 /var/www/html/chitkar/protected/framework/base/CApplication.php(185): CConsoleApplication->processRequest()
#4 /var/www/html/chitkar/cron.php(6): CConsoleApplication->run()

2026/01/25 20:10:01 [error] [php] ftp_get(): /reads.ctk: No such file or directory (/var/www/html/chitkar/protected/commands/remoteStatsCommand.php:75)
Stack trace:
#0 /var/www/html/chitkar/protected/commands/remoteStatsCommand.php(75): ftp_get()
#1 /var/www/html/chitkar/protected/framework/console/CConsoleCommandRunner.php(71): remoteStatsCommand->run()
#2 /var/www/html/chitkar/protected/framework/console/CConsoleApplication.php(92): CConsoleCommandRunner->run()
#3 /var/www/html/chitkar/protected/framework/base/CApplication.php(185): CConsoleApplication->processRequest()
#4 /var/www/html/chitkar/cron.php(6): CConsoleApplication->run()

2026/01/25 20:44:01 [error] [php] ftp_get(): /reads.ctk: No such file or directory (/var/www/html/chitkar/protected/commands/remoteStatsCommand.php:75)
Stack trace:
#0 /var/www/html/chitkar/protected/commands/remoteStatsCommand.php(75): ftp_get()
#1 /var/www/html/chitkar/protected/framework/console/CConsoleCommandRunner.php(71): remoteStatsCommand->run()
#2 /var/www/html/chitkar/protected/framework/console/CConsoleApplication.php(92): CConsoleCommandRunner->run()
#3 /var/www/html/chitkar/protected/framework/base/CApplication.php(185): CConsoleApplication->processRequest()
#4 /var/www/html/chitkar/cron.php(6): CConsoleApplication->run()

2026/01/25 21:18:01 [error] [php] ftp_get(): /reads.ctk: No such file or directory (/var/www/html/chitkar/protected/commands/remoteStatsCommand.php:75)
Stack trace:
#0 /var/www/html/chitkar/protected/commands/remoteStatsCommand.php(75): ftp_get()
#1 /var/www/html/chitkar/protected/framework/console/CConsoleCommandRunner.php(71): remoteStatsCommand->run()
#2 /var/www/html/chitkar/protected/framework/console/CConsoleApplication.php(92): CConsoleCommandRunner->run()
#3 /var/www/html/chitkar/protected/framework/base/CApplication.php(185): CConsoleApplication->processRequest()
#4 /var/www/html/chitkar/cron.php(6): CConsoleApplication->run()

2026/01/25 21:54:01 [error] [php] ftp_get(): /reads.ctk: No such file or directory (/var/www/html/chitkar/protected/commands/remoteStatsCommand.php:75)
Stack trace:
#0 /var/www/html/chitkar/protected/commands/remoteStatsCommand.php(75): ftp_get()
#1 /var/www/html/chitkar/protected/framework/console/CConsoleCommandRunner.php(71): remoteStatsCommand->run()
#2 /var/www/html/chitkar/protected/framework/console/CConsoleApplication.php(92): CConsoleCommandRunner->run()
#3 /var/www/html/chitkar/protected/framework/base/CApplication.php(185): CConsoleApplication->processRequest()
#4 /var/www/html/chitkar/cron.php(6): CConsoleApplication->run()

2026/01/25 22:32:02 [error] [php] ftp_get(): /reads.ctk: No such file or directory (/var/www/html/chitkar/protected/commands/remoteStatsCommand.php:75)
Stack trace:
#0 /var/www/html/chitkar/protected/commands/remoteStatsCommand.php(75): ftp_get()
#1 /var/www/html/chitkar/protected/framework/console/CConsoleCommandRunner.php(71): remoteStatsCommand->run()
#2 /var/www/html/chitkar/protected/framework/console/CConsoleApplication.php(92): CConsoleCommandRunner->run()
#3 /var/www/html/chitkar/protected/framework/base/CApplication.php(185): CConsoleApplication->processRequest()
#4 /var/www/html/chitkar/cron.php(6): CConsoleApplication->run()

2026/01/25 23:06:01 [error] [php] ftp_get(): /reads.ctk: No such file or directory (/var/www/html/chitkar/protected/commands/remoteStatsCommand.php:75)
Stack trace:
#0 /var/www/html/chitkar/protected/commands/remoteStatsCommand.php(75): ftp_get()
#1 /var/www/html/chitkar/protected/framework/console/CConsoleCommandRunner.php(71): remoteStatsCommand->run()
#2 /var/www/html/chitkar/protected/framework/console/CConsoleApplication.php(92): CConsoleCommandRunner->run()
#3 /var/www/html/chitkar/protected/framework/base/CApplication.php(185): CConsoleApplication->processRequest()
#4 /var/www/html/chitkar/cron.php(6): CConsoleApplication->run()

2026/01/25 23:42:02 [error] [php] ftp_get(): /reads.ctk: No such file or directory (/var/www/html/chitkar/protected/commands/remoteStatsCommand.php:75)
Stack trace:
#0 /var/www/html/chitkar/protected/commands/remoteStatsCommand.php(75): ftp_get()
#1 /var/www/html/chitkar/protected/framework/console/CConsoleCommandRunner.php(71): remoteStatsCommand->run()
#2 /var/www/html/chitkar/protected/framework/console/CConsoleApplication.php(92): CConsoleCommandRunner->run()
#3 /var/www/html/chitkar/protected/framework/base/CApplication.php(185): CConsoleApplication->processRequest()
#4 /var/www/html/chitkar/cron.php(6): CConsoleApplication->run()

2026/01/26 00:20:01 [error] [php] ftp_get(): /reads.ctk: No such file or directory (/var/www/html/chitkar/protected/commands/remoteStatsCommand.php:75)
Stack trace:
#0 /var/www/html/chitkar/protected/commands/remoteStatsCommand.php(75): ftp_get()
#1 /var/www/html/chitkar/protected/framework/console/CConsoleCommandRunner.php(71): remoteStatsCommand->run()
#2 /var/www/html/chitkar/protected/framework/console/CConsoleApplication.php(92): CConsoleCommandRunner->run()
#3 /var/www/html/chitkar/protected/framework/base/CApplication.php(185): CConsoleApplication->processRequest()
#4 /var/www/html/chitkar/cron.php(6): CConsoleApplication->run()

2026/01/26 00:54:01 [error] [php] ftp_get(): /reads.ctk: No such file or directory (/var/www/html/chitkar/protected/commands/remoteStatsCommand.php:75)
Stack trace:
#0 /var/www/html/chitkar/protected/commands/remoteStatsCommand.php(75): ftp_get()
#1 /var/www/html/chitkar/protected/framework/console/CConsoleCommandRunner.php(71): remoteStatsCommand->run()
#2 /var/www/html/chitkar/protected/framework/console/CConsoleApplication.php(92): CConsoleCommandRunner->run()
#3 /var/www/html/chitkar/protected/framework/base/CApplication.php(185): CConsoleApplication->processRequest()
#4 /var/www/html/chitkar/cron.php(6): CConsoleApplication->run()

2026/01/26 01:30:01 [error] [php] ftp_get(): /reads.ctk: No such file or directory (/var/www/html/chitkar/protected/commands/remoteStatsCommand.php:75)
Stack trace:
#0 /var/www/html/chitkar/protected/commands/remoteStatsCommand.php(75): ftp_get()
#1 /var/www/html/chitkar/protected/framework/console/CConsoleCommandRunner.php(71): remoteStatsCommand->run()
#2 /var/www/html/chitkar/protected/framework/console/CConsoleApplication.php(92): CConsoleCommandRunner->run()
#3 /var/www/html/chitkar/protected/framework/base/CApplication.php(185): CConsoleApplication->processRequest()
#4 /var/www/html/chitkar/cron.php(6): CConsoleApplication->run()

2026/01/26 02:06:02 [error] [php] ftp_get(): /reads.ctk: No such file or directory (/var/www/html/chitkar/protected/commands/remoteStatsCommand.php:75)
Stack trace:
#0 /var/www/html/chitkar/protected/commands/remoteStatsCommand.php(75): ftp_get()
#1 /var/www/html/chitkar/protected/framework/console/CConsoleCommandRunner.php(71): remoteStatsCommand->run()
#2 /var/www/html/chitkar/protected/framework/console/CConsoleApplication.php(92): CConsoleCommandRunner->run()
#3 /var/www/html/chitkar/protected/framework/base/CApplication.php(185): CConsoleApplication->processRequest()
#4 /var/www/html/chitkar/cron.php(6): CConsoleApplication->run()

2026/01/26 02:42:01 [error] [php] ftp_get(): /reads.ctk: No such file or directory (/var/www/html/chitkar/protected/commands/remoteStatsCommand.php:75)
Stack trace:
#0 /var/www/html/chitkar/protected/commands/remoteStatsCommand.php(75): ftp_get()
#1 /var/www/html/chitkar/protected/framework/console/CConsoleCommandRunner.php(71): remoteStatsCommand->run()
#2 /var/www/html/chitkar/protected/framework/console/CConsoleApplication.php(92): CConsoleCommandRunner->run()
#3 /var/www/html/chitkar/protected/framework/base/CApplication.php(185): CConsoleApplication->processRequest()
#4 /var/www/html/chitkar/cron.php(6): CConsoleApplication->run()

2026/01/26 03:16:01 [error] [php] ftp_get(): /reads.ctk: No such file or directory (/var/www/html/chitkar/protected/commands/remoteStatsCommand.php:75)
Stack trace:
#0 /var/www/html/chitkar/protected/commands/remoteStatsCommand.php(75): ftp_get()
#1 /var/www/html/chitkar/protected/framework/console/CConsoleCommandRunner.php(71): remoteStatsCommand->run()
#2 /var/www/html/chitkar/protected/framework/console/CConsoleApplication.php(92): CConsoleCommandRunner->run()
#3 /var/www/html/chitkar/protected/framework/base/CApplication.php(185): CConsoleApplication->processRequest()
#4 /var/www/html/chitkar/cron.php(6): CConsoleApplication->run()

2026/01/26 03:50:01 [error] [php] ftp_get(): /reads.ctk: No such file or directory (/var/www/html/chitkar/protected/commands/remoteStatsCommand.php:75)
Stack trace:
#0 /var/www/html/chitkar/protected/commands/remoteStatsCommand.php(75): ftp_get()
#1 /var/www/html/chitkar/protected/framework/console/CConsoleCommandRunner.php(71): remoteStatsCommand->run()
#2 /var/www/html/chitkar/protected/framework/console/CConsoleApplication.php(92): CConsoleCommandRunner->run()
#3 /var/www/html/chitkar/protected/framework/base/CApplication.php(185): CConsoleApplication->processRequest()
#4 /var/www/html/chitkar/cron.php(6): CConsoleApplication->run()

2026/01/26 04:24:01 [error] [php] ftp_get(): /reads.ctk: No such file or directory (/var/www/html/chitkar/protected/commands/remoteStatsCommand.php:75)
Stack trace:
#0 /var/www/html/chitkar/protected/commands/remoteStatsCommand.php(75): ftp_get()
#1 /var/www/html/chitkar/protected/framework/console/CConsoleCommandRunner.php(71): remoteStatsCommand->run()
#2 /var/www/html/chitkar/protected/framework/console/CConsoleApplication.php(92): CConsoleCommandRunner->run()
#3 /var/www/html/chitkar/protected/framework/base/CApplication.php(185): CConsoleApplication->processRequest()
#4 /var/www/html/chitkar/cron.php(6): CConsoleApplication->run()

2026/01/26 04:58:01 [error] [php] ftp_get(): /reads.ctk: No such file or directory (/var/www/html/chitkar/protected/commands/remoteStatsCommand.php:75)
Stack trace:
#0 /var/www/html/chitkar/protected/commands/remoteStatsCommand.php(75): ftp_get()
#1 /var/www/html/chitkar/protected/framework/console/CConsoleCommandRunner.php(71): remoteStatsCommand->run()
#2 /var/www/html/chitkar/protected/framework/console/CConsoleApplication.php(92): CConsoleCommandRunner->run()
#3 /var/www/html/chitkar/protected/framework/base/CApplication.php(185): CConsoleApplication->processRequest()
#4 /var/www/html/chitkar/cron.php(6): CConsoleApplication->run()

2026/01/26 05:30:01 [error] [php] ftp_get(): /reads.ctk: No such file or directory (/var/www/html/chitkar/protected/commands/remoteStatsCommand.php:75)
Stack trace:
#0 /var/www/html/chitkar/protected/commands/remoteStatsCommand.php(75): ftp_get()
#1 /var/www/html/chitkar/protected/framework/console/CConsoleCommandRunner.php(71): remoteStatsCommand->run()
#2 /var/www/html/chitkar/protected/framework/console/CConsoleApplication.php(92): CConsoleCommandRunner->run()
#3 /var/www/html/chitkar/protected/framework/base/CApplication.php(185): CConsoleApplication->processRequest()
#4 /var/www/html/chitkar/cron.php(6): CConsoleApplication->run()

2026/01/26 06:04:01 [error] [php] ftp_get(): /reads.ctk: No such file or directory (/var/www/html/chitkar/protected/commands/remoteStatsCommand.php:75)
Stack trace:
#0 /var/www/html/chitkar/protected/commands/remoteStatsCommand.php(75): ftp_get()
#1 /var/www/html/chitkar/protected/framework/console/CConsoleCommandRunner.php(71): remoteStatsCommand->run()
#2 /var/www/html/chitkar/protected/framework/console/CConsoleApplication.php(92): CConsoleCommandRunner->run()
#3 /var/www/html/chitkar/protected/framework/base/CApplication.php(185): CConsoleApplication->processRequest()
#4 /var/www/html/chitkar/cron.php(6): CConsoleApplication->run()

2026/01/26 06:38:02 [error] [php] ftp_get(): /reads.ctk: No such file or directory (/var/www/html/chitkar/protected/commands/remoteStatsCommand.php:75)
Stack trace:
#0 /var/www/html/chitkar/protected/commands/remoteStatsCommand.php(75): ftp_get()
#1 /var/www/html/chitkar/protected/framework/console/CConsoleCommandRunner.php(71): remoteStatsCommand->run()
#2 /var/www/html/chitkar/protected/framework/console/CConsoleApplication.php(92): CConsoleCommandRunner->run()
#3 /var/www/html/chitkar/protected/framework/base/CApplication.php(185): CConsoleApplication->processRequest()
#4 /var/www/html/chitkar/cron.php(6): CConsoleApplication->run()

2026/01/26 07:12:01 [error] [php] ftp_get(): /reads.ctk: No such file or directory (/var/www/html/chitkar/protected/commands/remoteStatsCommand.php:75)
Stack trace:
#0 /var/www/html/chitkar/protected/commands/remoteStatsCommand.php(75): ftp_get()
#1 /var/www/html/chitkar/protected/framework/console/CConsoleCommandRunner.php(71): remoteStatsCommand->run()
#2 /var/www/html/chitkar/protected/framework/console/CConsoleApplication.php(92): CConsoleCommandRunner->run()
#3 /var/www/html/chitkar/protected/framework/base/CApplication.php(185): CConsoleApplication->processRequest()
#4 /var/www/html/chitkar/cron.php(6): CConsoleApplication->run()

2026/01/26 07:48:01 [error] [php] ftp_get(): /reads.ctk: No such file or directory (/var/www/html/chitkar/protected/commands/remoteStatsCommand.php:75)
Stack trace:
#0 /var/www/html/chitkar/protected/commands/remoteStatsCommand.php(75): ftp_get()
#1 /var/www/html/chitkar/protected/framework/console/CConsoleCommandRunner.php(71): remoteStatsCommand->run()
#2 /var/www/html/chitkar/protected/framework/console/CConsoleApplication.php(92): CConsoleCommandRunner->run()
#3 /var/www/html/chitkar/protected/framework/base/CApplication.php(185): CConsoleApplication->processRequest()
#4 /var/www/html/chitkar/cron.php(6): CConsoleApplication->run()

2026/01/26 08:44:01 [error] [php] ftp_get(): /reads.ctk: No such file or directory (/var/www/html/chitkar/protected/commands/remoteStatsCommand.php:75)
Stack trace:
#0 /var/www/html/chitkar/protected/commands/remoteStatsCommand.php(75): ftp_get()
#1 /var/www/html/chitkar/protected/framework/console/CConsoleCommandRunner.php(71): remoteStatsCommand->run()
#2 /var/www/html/chitkar/protected/framework/console/CConsoleApplication.php(92): CConsoleCommandRunner->run()
#3 /var/www/html/chitkar/protected/framework/base/CApplication.php(185): CConsoleApplication->processRequest()
#4 /var/www/html/chitkar/cron.php(6): CConsoleApplication->run()

2026/01/26 09:22:01 [error] [php] ftp_get(): /reads.ctk: No such file or directory (/var/www/html/chitkar/protected/commands/remoteStatsCommand.php:75)
Stack trace:
#0 /var/www/html/chitkar/protected/commands/remoteStatsCommand.php(75): ftp_get()
#1 /var/www/html/chitkar/protected/framework/console/CConsoleCommandRunner.php(71): remoteStatsCommand->run()
#2 /var/www/html/chitkar/protected/framework/console/CConsoleApplication.php(92): CConsoleCommandRunner->run()
#3 /var/www/html/chitkar/protected/framework/base/CApplication.php(185): CConsoleApplication->processRequest()
#4 /var/www/html/chitkar/cron.php(6): CConsoleApplication->run()

2026/01/26 09:56:02 [error] [php] ftp_get(): /reads.ctk: No such file or directory (/var/www/html/chitkar/protected/commands/remoteStatsCommand.php:75)
Stack trace:
#0 /var/www/html/chitkar/protected/commands/remoteStatsCommand.php(75): ftp_get()
#1 /var/www/html/chitkar/protected/framework/console/CConsoleCommandRunner.php(71): remoteStatsCommand->run()
#2 /var/www/html/chitkar/protected/framework/console/CConsoleApplication.php(92): CConsoleCommandRunner->run()
#3 /var/www/html/chitkar/protected/framework/base/CApplication.php(185): CConsoleApplication->processRequest()
#4 /var/www/html/chitkar/cron.php(6): CConsoleApplication->run()

2026/01/26 10:34:01 [error] [php] ftp_get(): /reads.ctk: No such file or directory (/var/www/html/chitkar/protected/commands/remoteStatsCommand.php:75)
Stack trace:
#0 /var/www/html/chitkar/protected/commands/remoteStatsCommand.php(75): ftp_get()
#1 /var/www/html/chitkar/protected/framework/console/CConsoleCommandRunner.php(71): remoteStatsCommand->run()
#2 /var/www/html/chitkar/protected/framework/console/CConsoleApplication.php(92): CConsoleCommandRunner->run()
#3 /var/www/html/chitkar/protected/framework/base/CApplication.php(185): CConsoleApplication->processRequest()
#4 /var/www/html/chitkar/cron.php(6): CConsoleApplication->run()

2026/01/26 11:12:01 [error] [php] ftp_get(): /reads.ctk: No such file or directory (/var/www/html/chitkar/protected/commands/remoteStatsCommand.php:75)
Stack trace:
#0 /var/www/html/chitkar/protected/commands/remoteStatsCommand.php(75): ftp_get()
#1 /var/www/html/chitkar/protected/framework/console/CConsoleCommandRunner.php(71): remoteStatsCommand->run()
#2 /var/www/html/chitkar/protected/framework/console/CConsoleApplication.php(92): CConsoleCommandRunner->run()
#3 /var/www/html/chitkar/protected/framework/base/CApplication.php(185): CConsoleApplication->processRequest()
#4 /var/www/html/chitkar/cron.php(6): CConsoleApplication->run()

2026/01/26 11:46:01 [error] [php] ftp_get(): /reads.ctk: No such file or directory (/var/www/html/chitkar/protected/commands/remoteStatsCommand.php:75)
Stack trace:
#0 /var/www/html/chitkar/protected/commands/remoteStatsCommand.php(75): ftp_get()
#1 /var/www/html/chitkar/protected/framework/console/CConsoleCommandRunner.php(71): remoteStatsCommand->run()
#2 /var/www/html/chitkar/protected/framework/console/CConsoleApplication.php(92): CConsoleCommandRunner->run()
#3 /var/www/html/chitkar/protected/framework/base/CApplication.php(185): CConsoleApplication->processRequest()
#4 /var/www/html/chitkar/cron.php(6): CConsoleApplication->run()

2026/01/26 12:20:01 [error] [php] ftp_get(): /reads.ctk: No such file or directory (/var/www/html/chitkar/protected/commands/remoteStatsCommand.php:75)
Stack trace:
#0 /var/www/html/chitkar/protected/commands/remoteStatsCommand.php(75): ftp_get()
#1 /var/www/html/chitkar/protected/framework/console/CConsoleCommandRunner.php(71): remoteStatsCommand->run()
#2 /var/www/html/chitkar/protected/framework/console/CConsoleApplication.php(92): CConsoleCommandRunner->run()
#3 /var/www/html/chitkar/protected/framework/base/CApplication.php(185): CConsoleApplication->processRequest()
#4 /var/www/html/chitkar/cron.php(6): CConsoleApplication->run()

2026/01/26 12:54:02 [error] [php] ftp_get(): /reads.ctk: No such file or directory (/var/www/html/chitkar/protected/commands/remoteStatsCommand.php:75)
Stack trace:
#0 /var/www/html/chitkar/protected/commands/remoteStatsCommand.php(75): ftp_get()
#1 /var/www/html/chitkar/protected/framework/console/CConsoleCommandRunner.php(71): remoteStatsCommand->run()
#2 /var/www/html/chitkar/protected/framework/console/CConsoleApplication.php(92): CConsoleCommandRunner->run()
#3 /var/www/html/chitkar/protected/framework/base/CApplication.php(185): CConsoleApplication->processRequest()
#4 /var/www/html/chitkar/cron.php(6): CConsoleApplication->run()

2026/01/26 13:30:01 [error] [php] ftp_get(): /reads.ctk: No such file or directory (/var/www/html/chitkar/protected/commands/remoteStatsCommand.php:75)
Stack trace:
#0 /var/www/html/chitkar/protected/commands/remoteStatsCommand.php(75): ftp_get()
#1 /var/www/html/chitkar/protected/framework/console/CConsoleCommandRunner.php(71): remoteStatsCommand->run()
#2 /var/www/html/chitkar/protected/framework/console/CConsoleApplication.php(92): CConsoleCommandRunner->run()
#3 /var/www/html/chitkar/protected/framework/base/CApplication.php(185): CConsoleApplication->processRequest()
#4 /var/www/html/chitkar/cron.php(6): CConsoleApplication->run()

2026/01/26 14:12:01 [error] [php] ftp_get(): /reads.ctk: No such file or directory (/var/www/html/chitkar/protected/commands/remoteStatsCommand.php:75)
Stack trace:
#0 /var/www/html/chitkar/protected/commands/remoteStatsCommand.php(75): ftp_get()
#1 /var/www/html/chitkar/protected/framework/console/CConsoleCommandRunner.php(71): remoteStatsCommand->run()
#2 /var/www/html/chitkar/protected/framework/console/CConsoleApplication.php(92): CConsoleCommandRunner->run()
#3 /var/www/html/chitkar/protected/framework/base/CApplication.php(185): CConsoleApplication->processRequest()
#4 /var/www/html/chitkar/cron.php(6): CConsoleApplication->run()

2026/01/26 14:46:02 [error] [php] ftp_get(): /reads.ctk: No such file or directory (/var/www/html/chitkar/protected/commands/remoteStatsCommand.php:75)
Stack trace:
#0 /var/www/html/chitkar/protected/commands/remoteStatsCommand.php(75): ftp_get()
#1 /var/www/html/chitkar/protected/framework/console/CConsoleCommandRunner.php(71): remoteStatsCommand->run()
#2 /var/www/html/chitkar/protected/framework/console/CConsoleApplication.php(92): CConsoleCommandRunner->run()
#3 /var/www/html/chitkar/protected/framework/base/CApplication.php(185): CConsoleApplication->processRequest()
#4 /var/www/html/chitkar/cron.php(6): CConsoleApplication->run()

2026/01/26 15:22:01 [error] [php] ftp_get(): /reads.ctk: No such file or directory (/var/www/html/chitkar/protected/commands/remoteStatsCommand.php:75)
Stack trace:
#0 /var/www/html/chitkar/protected/commands/remoteStatsCommand.php(75): ftp_get()
#1 /var/www/html/chitkar/protected/framework/console/CConsoleCommandRunner.php(71): remoteStatsCommand->run()
#2 /var/www/html/chitkar/protected/framework/console/CConsoleApplication.php(92): CConsoleCommandRunner->run()
#3 /var/www/html/chitkar/protected/framework/base/CApplication.php(185): CConsoleApplication->processRequest()
#4 /var/www/html/chitkar/cron.php(6): CConsoleApplication->run()

2026/01/26 15:58:02 [error] [php] ftp_get(): /reads.ctk: No such file or directory (/var/www/html/chitkar/protected/commands/remoteStatsCommand.php:75)
Stack trace:
#0 /var/www/html/chitkar/protected/commands/remoteStatsCommand.php(75): ftp_get()
#1 /var/www/html/chitkar/protected/framework/console/CConsoleCommandRunner.php(71): remoteStatsCommand->run()
#2 /var/www/html/chitkar/protected/framework/console/CConsoleApplication.php(92): CConsoleCommandRunner->run()
#3 /var/www/html/chitkar/protected/framework/base/CApplication.php(185): CConsoleApplication->processRequest()
#4 /var/www/html/chitkar/cron.php(6): CConsoleApplication->run()

2026/01/26 16:36:01 [error] [php] ftp_get(): /reads.ctk: No such file or directory (/var/www/html/chitkar/protected/commands/remoteStatsCommand.php:75)
Stack trace:
#0 /var/www/html/chitkar/protected/commands/remoteStatsCommand.php(75): ftp_get()
#1 /var/www/html/chitkar/protected/framework/console/CConsoleCommandRunner.php(71): remoteStatsCommand->run()
#2 /var/www/html/chitkar/protected/framework/console/CConsoleApplication.php(92): CConsoleCommandRunner->run()
#3 /var/www/html/chitkar/protected/framework/base/CApplication.php(185): CConsoleApplication->processRequest()
#4 /var/www/html/chitkar/cron.php(6): CConsoleApplication->run()

2026/01/26 17:10:01 [error] [php] ftp_get(): /reads.ctk: No such file or directory (/var/www/html/chitkar/protected/commands/remoteStatsCommand.php:75)
Stack trace:
#0 /var/www/html/chitkar/protected/commands/remoteStatsCommand.php(75): ftp_get()
#1 /var/www/html/chitkar/protected/framework/console/CConsoleCommandRunner.php(71): remoteStatsCommand->run()
#2 /var/www/html/chitkar/protected/framework/console/CConsoleApplication.php(92): CConsoleCommandRunner->run()
#3 /var/www/html/chitkar/protected/framework/base/CApplication.php(185): CConsoleApplication->processRequest()
#4 /var/www/html/chitkar/cron.php(6): CConsoleApplication->run()

2026/01/26 17:58:01 [error] [php] ftp_get(): /reads.ctk: No such file or directory (/var/www/html/chitkar/protected/commands/remoteStatsCommand.php:75)
Stack trace:
#0 /var/www/html/chitkar/protected/commands/remoteStatsCommand.php(75): ftp_get()
#1 /var/www/html/chitkar/protected/framework/console/CConsoleCommandRunner.php(71): remoteStatsCommand->run()
#2 /var/www/html/chitkar/protected/framework/console/CConsoleApplication.php(92): CConsoleCommandRunner->run()
#3 /var/www/html/chitkar/protected/framework/base/CApplication.php(185): CConsoleApplication->processRequest()
#4 /var/www/html/chitkar/cron.php(6): CConsoleApplication->run()

2026/01/26 18:32:02 [error] [php] ftp_get(): /reads.ctk: No such file or directory (/var/www/html/chitkar/protected/commands/remoteStatsCommand.php:75)
Stack trace:
#0 /var/www/html/chitkar/protected/commands/remoteStatsCommand.php(75): ftp_get()
#1 /var/www/html/chitkar/protected/framework/console/CConsoleCommandRunner.php(71): remoteStatsCommand->run()
#2 /var/www/html/chitkar/protected/framework/console/CConsoleApplication.php(92): CConsoleCommandRunner->run()
#3 /var/www/html/chitkar/protected/framework/base/CApplication.php(185): CConsoleApplication->processRequest()
#4 /var/www/html/chitkar/cron.php(6): CConsoleApplication->run()

2026/01/26 19:06:01 [error] [php] ftp_get(): /reads.ctk: No such file or directory (/var/www/html/chitkar/protected/commands/remoteStatsCommand.php:75)
Stack trace:
#0 /var/www/html/chitkar/protected/commands/remoteStatsCommand.php(75): ftp_get()
#1 /var/www/html/chitkar/protected/framework/console/CConsoleCommandRunner.php(71): remoteStatsCommand->run()
#2 /var/www/html/chitkar/protected/framework/console/CConsoleApplication.php(92): CConsoleCommandRunner->run()
#3 /var/www/html/chitkar/protected/framework/base/CApplication.php(185): CConsoleApplication->processRequest()
#4 /var/www/html/chitkar/cron.php(6): CConsoleApplication->run()

2026/01/26 19:40:02 [error] [php] ftp_get(): /reads.ctk: No such file or directory (/var/www/html/chitkar/protected/commands/remoteStatsCommand.php:75)
Stack trace:
#0 /var/www/html/chitkar/protected/commands/remoteStatsCommand.php(75): ftp_get()
#1 /var/www/html/chitkar/protected/framework/console/CConsoleCommandRunner.php(71): remoteStatsCommand->run()
#2 /var/www/html/chitkar/protected/framework/console/CConsoleApplication.php(92): CConsoleCommandRunner->run()
#3 /var/www/html/chitkar/protected/framework/base/CApplication.php(185): CConsoleApplication->processRequest()
#4 /var/www/html/chitkar/cron.php(6): CConsoleApplication->run()

2026/01/26 20:14:01 [error] [php] ftp_get(): /reads.ctk: No such file or directory (/var/www/html/chitkar/protected/commands/remoteStatsCommand.php:75)
Stack trace:
#0 /var/www/html/chitkar/protected/commands/remoteStatsCommand.php(75): ftp_get()
#1 /var/www/html/chitkar/protected/framework/console/CConsoleCommandRunner.php(71): remoteStatsCommand->run()
#2 /var/www/html/chitkar/protected/framework/console/CConsoleApplication.php(92): CConsoleCommandRunner->run()
#3 /var/www/html/chitkar/protected/framework/base/CApplication.php(185): CConsoleApplication->processRequest()
#4 /var/www/html/chitkar/cron.php(6): CConsoleApplication->run()

2026/01/26 20:48:01 [error] [php] ftp_get(): /reads.ctk: No such file or directory (/var/www/html/chitkar/protected/commands/remoteStatsCommand.php:75)
Stack trace:
#0 /var/www/html/chitkar/protected/commands/remoteStatsCommand.php(75): ftp_get()
#1 /var/www/html/chitkar/protected/framework/console/CConsoleCommandRunner.php(71): remoteStatsCommand->run()
#2 /var/www/html/chitkar/protected/framework/console/CConsoleApplication.php(92): CConsoleCommandRunner->run()
#3 /var/www/html/chitkar/protected/framework/base/CApplication.php(185): CConsoleApplication->processRequest()
#4 /var/www/html/chitkar/cron.php(6): CConsoleApplication->run()

2026/01/26 21:22:01 [error] [php] ftp_get(): /reads.ctk: No such file or directory (/var/www/html/chitkar/protected/commands/remoteStatsCommand.php:75)
Stack trace:
#0 /var/www/html/chitkar/protected/commands/remoteStatsCommand.php(75): ftp_get()
#1 /var/www/html/chitkar/protected/framework/console/CConsoleCommandRunner.php(71): remoteStatsCommand->run()
#2 /var/www/html/chitkar/protected/framework/console/CConsoleApplication.php(92): CConsoleCommandRunner->run()
#3 /var/www/html/chitkar/protected/framework/base/CApplication.php(185): CConsoleApplication->processRequest()
#4 /var/www/html/chitkar/cron.php(6): CConsoleApplication->run()

2026/01/26 21:56:01 [error] [php] ftp_get(): /reads.ctk: No such file or directory (/var/www/html/chitkar/protected/commands/remoteStatsCommand.php:75)
Stack trace:
#0 /var/www/html/chitkar/protected/commands/remoteStatsCommand.php(75): ftp_get()
#1 /var/www/html/chitkar/protected/framework/console/CConsoleCommandRunner.php(71): remoteStatsCommand->run()
#2 /var/www/html/chitkar/protected/framework/console/CConsoleApplication.php(92): CConsoleCommandRunner->run()
#3 /var/www/html/chitkar/protected/framework/base/CApplication.php(185): CConsoleApplication->processRequest()
#4 /var/www/html/chitkar/cron.php(6): CConsoleApplication->run()

2026/01/26 22:38:01 [error] [php] ftp_get(): /reads.ctk: No such file or directory (/var/www/html/chitkar/protected/commands/remoteStatsCommand.php:75)
Stack trace:
#0 /var/www/html/chitkar/protected/commands/remoteStatsCommand.php(75): ftp_get()
#1 /var/www/html/chitkar/protected/framework/console/CConsoleCommandRunner.php(71): remoteStatsCommand->run()
#2 /var/www/html/chitkar/protected/framework/console/CConsoleApplication.php(92): CConsoleCommandRunner->run()
#3 /var/www/html/chitkar/protected/framework/base/CApplication.php(185): CConsoleApplication->processRequest()
#4 /var/www/html/chitkar/cron.php(6): CConsoleApplication->run()

2026/01/26 23:12:01 [error] [php] ftp_get(): /reads.ctk: No such file or directory (/var/www/html/chitkar/protected/commands/remoteStatsCommand.php:75)
Stack trace:
#0 /var/www/html/chitkar/protected/commands/remoteStatsCommand.php(75): ftp_get()
#1 /var/www/html/chitkar/protected/framework/console/CConsoleCommandRunner.php(71): remoteStatsCommand->run()
#2 /var/www/html/chitkar/protected/framework/console/CConsoleApplication.php(92): CConsoleCommandRunner->run()
#3 /var/www/html/chitkar/protected/framework/base/CApplication.php(185): CConsoleApplication->processRequest()
#4 /var/www/html/chitkar/cron.php(6): CConsoleApplication->run()

2026/01/26 23:46:01 [error] [php] ftp_get(): /reads.ctk: No such file or directory (/var/www/html/chitkar/protected/commands/remoteStatsCommand.php:75)
Stack trace:
#0 /var/www/html/chitkar/protected/commands/remoteStatsCommand.php(75): ftp_get()
#1 /var/www/html/chitkar/protected/framework/console/CConsoleCommandRunner.php(71): remoteStatsCommand->run()
#2 /var/www/html/chitkar/protected/framework/console/CConsoleApplication.php(92): CConsoleCommandRunner->run()
#3 /var/www/html/chitkar/protected/framework/base/CApplication.php(185): CConsoleApplication->processRequest()
#4 /var/www/html/chitkar/cron.php(6): CConsoleApplication->run()

2026/01/27 00:20:01 [error] [php] ftp_get(): /reads.ctk: No such file or directory (/var/www/html/chitkar/protected/commands/remoteStatsCommand.php:75)
Stack trace:
#0 /var/www/html/chitkar/protected/commands/remoteStatsCommand.php(75): ftp_get()
#1 /var/www/html/chitkar/protected/framework/console/CConsoleCommandRunner.php(71): remoteStatsCommand->run()
#2 /var/www/html/chitkar/protected/framework/console/CConsoleApplication.php(92): CConsoleCommandRunner->run()
#3 /var/www/html/chitkar/protected/framework/base/CApplication.php(185): CConsoleApplication->processRequest()
#4 /var/www/html/chitkar/cron.php(6): CConsoleApplication->run()

2026/01/27 00:56:01 [error] [php] ftp_get(): /reads.ctk: No such file or directory (/var/www/html/chitkar/protected/commands/remoteStatsCommand.php:75)
Stack trace:
#0 /var/www/html/chitkar/protected/commands/remoteStatsCommand.php(75): ftp_get()
#1 /var/www/html/chitkar/protected/framework/console/CConsoleCommandRunner.php(71): remoteStatsCommand->run()
#2 /var/www/html/chitkar/protected/framework/console/CConsoleApplication.php(92): CConsoleCommandRunner->run()
#3 /var/www/html/chitkar/protected/framework/base/CApplication.php(185): CConsoleApplication->processRequest()
#4 /var/www/html/chitkar/cron.php(6): CConsoleApplication->run()

2026/01/27 01:30:01 [error] [php] ftp_get(): /reads.ctk: No such file or directory (/var/www/html/chitkar/protected/commands/remoteStatsCommand.php:75)
Stack trace:
#0 /var/www/html/chitkar/protected/commands/remoteStatsCommand.php(75): ftp_get()
#1 /var/www/html/chitkar/protected/framework/console/CConsoleCommandRunner.php(71): remoteStatsCommand->run()
#2 /var/www/html/chitkar/protected/framework/console/CConsoleApplication.php(92): CConsoleCommandRunner->run()
#3 /var/www/html/chitkar/protected/framework/base/CApplication.php(185): CConsoleApplication->processRequest()
#4 /var/www/html/chitkar/cron.php(6): CConsoleApplication->run()

2026/01/27 02:06:02 [error] [php] ftp_get(): /reads.ctk: No such file or directory (/var/www/html/chitkar/protected/commands/remoteStatsCommand.php:75)
Stack trace:
#0 /var/www/html/chitkar/protected/commands/remoteStatsCommand.php(75): ftp_get()
#1 /var/www/html/chitkar/protected/framework/console/CConsoleCommandRunner.php(71): remoteStatsCommand->run()
#2 /var/www/html/chitkar/protected/framework/console/CConsoleApplication.php(92): CConsoleCommandRunner->run()
#3 /var/www/html/chitkar/protected/framework/base/CApplication.php(185): CConsoleApplication->processRequest()
#4 /var/www/html/chitkar/cron.php(6): CConsoleApplication->run()

2026/01/27 02:40:01 [error] [php] ftp_get(): /reads.ctk: No such file or directory (/var/www/html/chitkar/protected/commands/remoteStatsCommand.php:75)
Stack trace:
#0 /var/www/html/chitkar/protected/commands/remoteStatsCommand.php(75): ftp_get()
#1 /var/www/html/chitkar/protected/framework/console/CConsoleCommandRunner.php(71): remoteStatsCommand->run()
#2 /var/www/html/chitkar/protected/framework/console/CConsoleApplication.php(92): CConsoleCommandRunner->run()
#3 /var/www/html/chitkar/protected/framework/base/CApplication.php(185): CConsoleApplication->processRequest()
#4 /var/www/html/chitkar/cron.php(6): CConsoleApplication->run()

2026/01/27 03:16:01 [error] [php] ftp_get(): /reads.ctk: No such file or directory (/var/www/html/chitkar/protected/commands/remoteStatsCommand.php:75)
Stack trace:
#0 /var/www/html/chitkar/protected/commands/remoteStatsCommand.php(75): ftp_get()
#1 /var/www/html/chitkar/protected/framework/console/CConsoleCommandRunner.php(71): remoteStatsCommand->run()
#2 /var/www/html/chitkar/protected/framework/console/CConsoleApplication.php(92): CConsoleCommandRunner->run()
#3 /var/www/html/chitkar/protected/framework/base/CApplication.php(185): CConsoleApplication->processRequest()
#4 /var/www/html/chitkar/cron.php(6): CConsoleApplication->run()

2026/01/27 03:50:01 [error] [php] ftp_get(): /reads.ctk: No such file or directory (/var/www/html/chitkar/protected/commands/remoteStatsCommand.php:75)
Stack trace:
#0 /var/www/html/chitkar/protected/commands/remoteStatsCommand.php(75): ftp_get()
#1 /var/www/html/chitkar/protected/framework/console/CConsoleCommandRunner.php(71): remoteStatsCommand->run()
#2 /var/www/html/chitkar/protected/framework/console/CConsoleApplication.php(92): CConsoleCommandRunner->run()
#3 /var/www/html/chitkar/protected/framework/base/CApplication.php(185): CConsoleApplication->processRequest()
#4 /var/www/html/chitkar/cron.php(6): CConsoleApplication->run()

2026/01/27 04:24:02 [error] [php] ftp_get(): /reads.ctk: No such file or directory (/var/www/html/chitkar/protected/commands/remoteStatsCommand.php:75)
Stack trace:
#0 /var/www/html/chitkar/protected/commands/remoteStatsCommand.php(75): ftp_get()
#1 /var/www/html/chitkar/protected/framework/console/CConsoleCommandRunner.php(71): remoteStatsCommand->run()
#2 /var/www/html/chitkar/protected/framework/console/CConsoleApplication.php(92): CConsoleCommandRunner->run()
#3 /var/www/html/chitkar/protected/framework/base/CApplication.php(185): CConsoleApplication->processRequest()
#4 /var/www/html/chitkar/cron.php(6): CConsoleApplication->run()

2026/01/27 04:58:01 [error] [php] ftp_get(): /reads.ctk: No such file or directory (/var/www/html/chitkar/protected/commands/remoteStatsCommand.php:75)
Stack trace:
#0 /var/www/html/chitkar/protected/commands/remoteStatsCommand.php(75): ftp_get()
#1 /var/www/html/chitkar/protected/framework/console/CConsoleCommandRunner.php(71): remoteStatsCommand->run()
#2 /var/www/html/chitkar/protected/framework/console/CConsoleApplication.php(92): CConsoleCommandRunner->run()
#3 /var/www/html/chitkar/protected/framework/base/CApplication.php(185): CConsoleApplication->processRequest()
#4 /var/www/html/chitkar/cron.php(6): CConsoleApplication->run()

2026/01/27 05:34:01 [error] [php] ftp_get(): /reads.ctk: No such file or directory (/var/www/html/chitkar/protected/commands/remoteStatsCommand.php:75)
Stack trace:
#0 /var/www/html/chitkar/protected/commands/remoteStatsCommand.php(75): ftp_get()
#1 /var/www/html/chitkar/protected/framework/console/CConsoleCommandRunner.php(71): remoteStatsCommand->run()
#2 /var/www/html/chitkar/protected/framework/console/CConsoleApplication.php(92): CConsoleCommandRunner->run()
#3 /var/www/html/chitkar/protected/framework/base/CApplication.php(185): CConsoleApplication->processRequest()
#4 /var/www/html/chitkar/cron.php(6): CConsoleApplication->run()

2026/01/27 06:10:01 [error] [php] ftp_get(): /reads.ctk: No such file or directory (/var/www/html/chitkar/protected/commands/remoteStatsCommand.php:75)
Stack trace:
#0 /var/www/html/chitkar/protected/commands/remoteStatsCommand.php(75): ftp_get()
#1 /var/www/html/chitkar/protected/framework/console/CConsoleCommandRunner.php(71): remoteStatsCommand->run()
#2 /var/www/html/chitkar/protected/framework/console/CConsoleApplication.php(92): CConsoleCommandRunner->run()
#3 /var/www/html/chitkar/protected/framework/base/CApplication.php(185): CConsoleApplication->processRequest()
#4 /var/www/html/chitkar/cron.php(6): CConsoleApplication->run()

2026/01/27 06:44:01 [error] [php] ftp_get(): /reads.ctk: No such file or directory (/var/www/html/chitkar/protected/commands/remoteStatsCommand.php:75)
Stack trace:
#0 /var/www/html/chitkar/protected/commands/remoteStatsCommand.php(75): ftp_get()
#1 /var/www/html/chitkar/protected/framework/console/CConsoleCommandRunner.php(71): remoteStatsCommand->run()
#2 /var/www/html/chitkar/protected/framework/console/CConsoleApplication.php(92): CConsoleCommandRunner->run()
#3 /var/www/html/chitkar/protected/framework/base/CApplication.php(185): CConsoleApplication->processRequest()
#4 /var/www/html/chitkar/cron.php(6): CConsoleApplication->run()

2026/01/27 07:26:01 [error] [php] ftp_get(): /reads.ctk: No such file or directory (/var/www/html/chitkar/protected/commands/remoteStatsCommand.php:75)
Stack trace:
#0 /var/www/html/chitkar/protected/commands/remoteStatsCommand.php(75): ftp_get()
#1 /var/www/html/chitkar/protected/framework/console/CConsoleCommandRunner.php(71): remoteStatsCommand->run()
#2 /var/www/html/chitkar/protected/framework/console/CConsoleApplication.php(92): CConsoleCommandRunner->run()
#3 /var/www/html/chitkar/protected/framework/base/CApplication.php(185): CConsoleApplication->processRequest()
#4 /var/www/html/chitkar/cron.php(6): CConsoleApplication->run()

2026/01/27 08:06:01 [error] [php] ftp_get(): /reads.ctk: No such file or directory (/var/www/html/chitkar/protected/commands/remoteStatsCommand.php:75)
Stack trace:
#0 /var/www/html/chitkar/protected/commands/remoteStatsCommand.php(75): ftp_get()
#1 /var/www/html/chitkar/protected/framework/console/CConsoleCommandRunner.php(71): remoteStatsCommand->run()
#2 /var/www/html/chitkar/protected/framework/console/CConsoleApplication.php(92): CConsoleCommandRunner->run()
#3 /var/www/html/chitkar/protected/framework/base/CApplication.php(185): CConsoleApplication->processRequest()
#4 /var/www/html/chitkar/cron.php(6): CConsoleApplication->run()

2026/01/27 09:20:01 [error] [php] ftp_get(): /reads.ctk: No such file or directory (/var/www/html/chitkar/protected/commands/remoteStatsCommand.php:75)
Stack trace:
#0 /var/www/html/chitkar/protected/commands/remoteStatsCommand.php(75): ftp_get()
#1 /var/www/html/chitkar/protected/framework/console/CConsoleCommandRunner.php(71): remoteStatsCommand->run()
#2 /var/www/html/chitkar/protected/framework/console/CConsoleApplication.php(92): CConsoleCommandRunner->run()
#3 /var/www/html/chitkar/protected/framework/base/CApplication.php(185): CConsoleApplication->processRequest()
#4 /var/www/html/chitkar/cron.php(6): CConsoleApplication->run()

2026/01/27 12:48:01 [error] [php] ftp_get(): /reads.ctk: No such file or directory (/var/www/html/chitkar/protected/commands/remoteStatsCommand.php:75)
Stack trace:
#0 /var/www/html/chitkar/protected/commands/remoteStatsCommand.php(75): ftp_get()
#1 /var/www/html/chitkar/protected/framework/console/CConsoleCommandRunner.php(71): remoteStatsCommand->run()
#2 /var/www/html/chitkar/protected/framework/console/CConsoleApplication.php(92): CConsoleCommandRunner->run()
#3 /var/www/html/chitkar/protected/framework/base/CApplication.php(185): CConsoleApplication->processRequest()
#4 /var/www/html/chitkar/cron.php(6): CConsoleApplication->run()

2026/01/27 14:40:01 [error] [php] ftp_get(): /reads.ctk: No such file or directory (/var/www/html/chitkar/protected/commands/remoteStatsCommand.php:75)
Stack trace:
#0 /var/www/html/chitkar/protected/commands/remoteStatsCommand.php(75): ftp_get()
#1 /var/www/html/chitkar/protected/framework/console/CConsoleCommandRunner.php(71): remoteStatsCommand->run()
#2 /var/www/html/chitkar/protected/framework/console/CConsoleApplication.php(92): CConsoleCommandRunner->run()
#3 /var/www/html/chitkar/protected/framework/base/CApplication.php(185): CConsoleApplication->processRequest()
#4 /var/www/html/chitkar/cron.php(6): CConsoleApplication->run()

2026/01/27 15:54:01 [error] [php] ftp_get(): /reads.ctk: No such file or directory (/var/www/html/chitkar/protected/commands/remoteStatsCommand.php:75)
Stack trace:
#0 /var/www/html/chitkar/protected/commands/remoteStatsCommand.php(75): ftp_get()
#1 /var/www/html/chitkar/protected/framework/console/CConsoleCommandRunner.php(71): remoteStatsCommand->run()
#2 /var/www/html/chitkar/protected/framework/console/CConsoleApplication.php(92): CConsoleCommandRunner->run()
#3 /var/www/html/chitkar/protected/framework/base/CApplication.php(185): CConsoleApplication->processRequest()
#4 /var/www/html/chitkar/cron.php(6): CConsoleApplication->run()

2026/01/27 18:10:01 [error] [php] ftp_get(): /reads.ctk: No such file or directory (/var/www/html/chitkar/protected/commands/remoteStatsCommand.php:75)
Stack trace:
#0 /var/www/html/chitkar/protected/commands/remoteStatsCommand.php(75): ftp_get()
#1 /var/www/html/chitkar/protected/framework/console/CConsoleCommandRunner.php(71): remoteStatsCommand->run()
#2 /var/www/html/chitkar/protected/framework/console/CConsoleApplication.php(92): CConsoleCommandRunner->run()
#3 /var/www/html/chitkar/protected/framework/base/CApplication.php(185): CConsoleApplication->processRequest()
#4 /var/www/html/chitkar/cron.php(6): CConsoleApplication->run()

2026/01/27 19:06:02 [error] [php] ftp_get(): /reads.ctk: No such file or directory (/var/www/html/chitkar/protected/commands/remoteStatsCommand.php:75)
Stack trace:
#0 /var/www/html/chitkar/protected/commands/remoteStatsCommand.php(75): ftp_get()
#1 /var/www/html/chitkar/protected/framework/console/CConsoleCommandRunner.php(71): remoteStatsCommand->run()
#2 /var/www/html/chitkar/protected/framework/console/CConsoleApplication.php(92): CConsoleCommandRunner->run()
#3 /var/www/html/chitkar/protected/framework/base/CApplication.php(185): CConsoleApplication->processRequest()
#4 /var/www/html/chitkar/cron.php(6): CConsoleApplication->run()

2026/01/27 19:52:01 [error] [php] ftp_get(): /reads.ctk: No such file or directory (/var/www/html/chitkar/protected/commands/remoteStatsCommand.php:75)
Stack trace:
#0 /var/www/html/chitkar/protected/commands/remoteStatsCommand.php(75): ftp_get()
#1 /var/www/html/chitkar/protected/framework/console/CConsoleCommandRunner.php(71): remoteStatsCommand->run()
#2 /var/www/html/chitkar/protected/framework/console/CConsoleApplication.php(92): CConsoleCommandRunner->run()
#3 /var/www/html/chitkar/protected/framework/base/CApplication.php(185): CConsoleApplication->processRequest()
#4 /var/www/html/chitkar/cron.php(6): CConsoleApplication->run()

2026/01/27 20:32:01 [error] [php] ftp_get(): /reads.ctk: No such file or directory (/var/www/html/chitkar/protected/commands/remoteStatsCommand.php:75)
Stack trace:
#0 /var/www/html/chitkar/protected/commands/remoteStatsCommand.php(75): ftp_get()
#1 /var/www/html/chitkar/protected/framework/console/CConsoleCommandRunner.php(71): remoteStatsCommand->run()
#2 /var/www/html/chitkar/protected/framework/console/CConsoleApplication.php(92): CConsoleCommandRunner->run()
#3 /var/www/html/chitkar/protected/framework/base/CApplication.php(185): CConsoleApplication->processRequest()
#4 /var/www/html/chitkar/cron.php(6): CConsoleApplication->run()

2026/01/27 21:06:01 [error] [php] ftp_get(): /reads.ctk: No such file or directory (/var/www/html/chitkar/protected/commands/remoteStatsCommand.php:75)
Stack trace:
#0 /var/www/html/chitkar/protected/commands/remoteStatsCommand.php(75): ftp_get()
#1 /var/www/html/chitkar/protected/framework/console/CConsoleCommandRunner.php(71): remoteStatsCommand->run()
#2 /var/www/html/chitkar/protected/framework/console/CConsoleApplication.php(92): CConsoleCommandRunner->run()
#3 /var/www/html/chitkar/protected/framework/base/CApplication.php(185): CConsoleApplication->processRequest()
#4 /var/www/html/chitkar/cron.php(6): CConsoleApplication->run()

2026/01/27 21:40:01 [error] [php] ftp_get(): /reads.ctk: No such file or directory (/var/www/html/chitkar/protected/commands/remoteStatsCommand.php:75)
Stack trace:
#0 /var/www/html/chitkar/protected/commands/remoteStatsCommand.php(75): ftp_get()
#1 /var/www/html/chitkar/protected/framework/console/CConsoleCommandRunner.php(71): remoteStatsCommand->run()
#2 /var/www/html/chitkar/protected/framework/console/CConsoleApplication.php(92): CConsoleCommandRunner->run()
#3 /var/www/html/chitkar/protected/framework/base/CApplication.php(185): CConsoleApplication->processRequest()
#4 /var/www/html/chitkar/cron.php(6): CConsoleApplication->run()

2026/01/27 22:46:01 [error] [php] ftp_get(): /reads.ctk: No such file or directory (/var/www/html/chitkar/protected/commands/remoteStatsCommand.php:75)
Stack trace:
#0 /var/www/html/chitkar/protected/commands/remoteStatsCommand.php(75): ftp_get()
#1 /var/www/html/chitkar/protected/framework/console/CConsoleCommandRunner.php(71): remoteStatsCommand->run()
#2 /var/www/html/chitkar/protected/framework/console/CConsoleApplication.php(92): CConsoleCommandRunner->run()
#3 /var/www/html/chitkar/protected/framework/base/CApplication.php(185): CConsoleApplication->processRequest()
#4 /var/www/html/chitkar/cron.php(6): CConsoleApplication->run()

2026/01/27 23:32:02 [error] [php] ftp_get(): /reads.ctk: No such file or directory (/var/www/html/chitkar/protected/commands/remoteStatsCommand.php:75)
Stack trace:
#0 /var/www/html/chitkar/protected/commands/remoteStatsCommand.php(75): ftp_get()
#1 /var/www/html/chitkar/protected/framework/console/CConsoleCommandRunner.php(71): remoteStatsCommand->run()
#2 /var/www/html/chitkar/protected/framework/console/CConsoleApplication.php(92): CConsoleCommandRunner->run()
#3 /var/www/html/chitkar/protected/framework/base/CApplication.php(185): CConsoleApplication->processRequest()
#4 /var/www/html/chitkar/cron.php(6): CConsoleApplication->run()

2026/01/28 00:08:01 [error] [php] ftp_get(): /reads.ctk: No such file or directory (/var/www/html/chitkar/protected/commands/remoteStatsCommand.php:75)
Stack trace:
#0 /var/www/html/chitkar/protected/commands/remoteStatsCommand.php(75): ftp_get()
#1 /var/www/html/chitkar/protected/framework/console/CConsoleCommandRunner.php(71): remoteStatsCommand->run()
#2 /var/www/html/chitkar/protected/framework/console/CConsoleApplication.php(92): CConsoleCommandRunner->run()
#3 /var/www/html/chitkar/protected/framework/base/CApplication.php(185): CConsoleApplication->processRequest()
#4 /var/www/html/chitkar/cron.php(6): CConsoleApplication->run()

2026/01/28 00:42:01 [error] [php] ftp_get(): /reads.ctk: No such file or directory (/var/www/html/chitkar/protected/commands/remoteStatsCommand.php:75)
Stack trace:
#0 /var/www/html/chitkar/protected/commands/remoteStatsCommand.php(75): ftp_get()
#1 /var/www/html/chitkar/protected/framework/console/CConsoleCommandRunner.php(71): remoteStatsCommand->run()
#2 /var/www/html/chitkar/protected/framework/console/CConsoleApplication.php(92): CConsoleCommandRunner->run()
#3 /var/www/html/chitkar/protected/framework/base/CApplication.php(185): CConsoleApplication->processRequest()
#4 /var/www/html/chitkar/cron.php(6): CConsoleApplication->run()

2026/01/28 01:16:01 [error] [php] ftp_get(): /reads.ctk: No such file or directory (/var/www/html/chitkar/protected/commands/remoteStatsCommand.php:75)
Stack trace:
#0 /var/www/html/chitkar/protected/commands/remoteStatsCommand.php(75): ftp_get()
#1 /var/www/html/chitkar/protected/framework/console/CConsoleCommandRunner.php(71): remoteStatsCommand->run()
#2 /var/www/html/chitkar/protected/framework/console/CConsoleApplication.php(92): CConsoleCommandRunner->run()
#3 /var/www/html/chitkar/protected/framework/base/CApplication.php(185): CConsoleApplication->processRequest()
#4 /var/www/html/chitkar/cron.php(6): CConsoleApplication->run()

2026/01/28 01:50:02 [error] [php] ftp_get(): /reads.ctk: No such file or directory (/var/www/html/chitkar/protected/commands/remoteStatsCommand.php:75)
Stack trace:
#0 /var/www/html/chitkar/protected/commands/remoteStatsCommand.php(75): ftp_get()
#1 /var/www/html/chitkar/protected/framework/console/CConsoleCommandRunner.php(71): remoteStatsCommand->run()
#2 /var/www/html/chitkar/protected/framework/console/CConsoleApplication.php(92): CConsoleCommandRunner->run()
#3 /var/www/html/chitkar/protected/framework/base/CApplication.php(185): CConsoleApplication->processRequest()
#4 /var/www/html/chitkar/cron.php(6): CConsoleApplication->run()

2026/01/28 02:24:01 [error] [php] ftp_get(): /reads.ctk: No such file or directory (/var/www/html/chitkar/protected/commands/remoteStatsCommand.php:75)
Stack trace:
#0 /var/www/html/chitkar/protected/commands/remoteStatsCommand.php(75): ftp_get()
#1 /var/www/html/chitkar/protected/framework/console/CConsoleCommandRunner.php(71): remoteStatsCommand->run()
#2 /var/www/html/chitkar/protected/framework/console/CConsoleApplication.php(92): CConsoleCommandRunner->run()
#3 /var/www/html/chitkar/protected/framework/base/CApplication.php(185): CConsoleApplication->processRequest()
#4 /var/www/html/chitkar/cron.php(6): CConsoleApplication->run()

2026/01/28 02:58:02 [error] [php] ftp_get(): /reads.ctk: No such file or directory (/var/www/html/chitkar/protected/commands/remoteStatsCommand.php:75)
Stack trace:
#0 /var/www/html/chitkar/protected/commands/remoteStatsCommand.php(75): ftp_get()
#1 /var/www/html/chitkar/protected/framework/console/CConsoleCommandRunner.php(71): remoteStatsCommand->run()
#2 /var/www/html/chitkar/protected/framework/console/CConsoleApplication.php(92): CConsoleCommandRunner->run()
#3 /var/www/html/chitkar/protected/framework/base/CApplication.php(185): CConsoleApplication->processRequest()
#4 /var/www/html/chitkar/cron.php(6): CConsoleApplication->run()

2026/01/28 03:32:01 [error] [php] ftp_get(): /reads.ctk: No such file or directory (/var/www/html/chitkar/protected/commands/remoteStatsCommand.php:75)
Stack trace:
#0 /var/www/html/chitkar/protected/commands/remoteStatsCommand.php(75): ftp_get()
#1 /var/www/html/chitkar/protected/framework/console/CConsoleCommandRunner.php(71): remoteStatsCommand->run()
#2 /var/www/html/chitkar/protected/framework/console/CConsoleApplication.php(92): CConsoleCommandRunner->run()
#3 /var/www/html/chitkar/protected/framework/base/CApplication.php(185): CConsoleApplication->processRequest()
#4 /var/www/html/chitkar/cron.php(6): CConsoleApplication->run()

2026/01/28 04:06:01 [error] [php] ftp_get(): /reads.ctk: No such file or directory (/var/www/html/chitkar/protected/commands/remoteStatsCommand.php:75)
Stack trace:
#0 /var/www/html/chitkar/protected/commands/remoteStatsCommand.php(75): ftp_get()
#1 /var/www/html/chitkar/protected/framework/console/CConsoleCommandRunner.php(71): remoteStatsCommand->run()
#2 /var/www/html/chitkar/protected/framework/console/CConsoleApplication.php(92): CConsoleCommandRunner->run()
#3 /var/www/html/chitkar/protected/framework/base/CApplication.php(185): CConsoleApplication->processRequest()
#4 /var/www/html/chitkar/cron.php(6): CConsoleApplication->run()

2026/01/28 04:38:01 [error] [php] ftp_get(): /reads.ctk: No such file or directory (/var/www/html/chitkar/protected/commands/remoteStatsCommand.php:75)
Stack trace:
#0 /var/www/html/chitkar/protected/commands/remoteStatsCommand.php(75): ftp_get()
#1 /var/www/html/chitkar/protected/framework/console/CConsoleCommandRunner.php(71): remoteStatsCommand->run()
#2 /var/www/html/chitkar/protected/framework/console/CConsoleApplication.php(92): CConsoleCommandRunner->run()
#3 /var/www/html/chitkar/protected/framework/base/CApplication.php(185): CConsoleApplication->processRequest()
#4 /var/www/html/chitkar/cron.php(6): CConsoleApplication->run()

2026/01/28 05:12:02 [error] [php] ftp_get(): /reads.ctk: No such file or directory (/var/www/html/chitkar/protected/commands/remoteStatsCommand.php:75)
Stack trace:
#0 /var/www/html/chitkar/protected/commands/remoteStatsCommand.php(75): ftp_get()
#1 /var/www/html/chitkar/protected/framework/console/CConsoleCommandRunner.php(71): remoteStatsCommand->run()
#2 /var/www/html/chitkar/protected/framework/console/CConsoleApplication.php(92): CConsoleCommandRunner->run()
#3 /var/www/html/chitkar/protected/framework/base/CApplication.php(185): CConsoleApplication->processRequest()
#4 /var/www/html/chitkar/cron.php(6): CConsoleApplication->run()

2026/01/28 05:46:01 [error] [php] ftp_get(): /reads.ctk: No such file or directory (/var/www/html/chitkar/protected/commands/remoteStatsCommand.php:75)
Stack trace:
#0 /var/www/html/chitkar/protected/commands/remoteStatsCommand.php(75): ftp_get()
#1 /var/www/html/chitkar/protected/framework/console/CConsoleCommandRunner.php(71): remoteStatsCommand->run()
#2 /var/www/html/chitkar/protected/framework/console/CConsoleApplication.php(92): CConsoleCommandRunner->run()
#3 /var/www/html/chitkar/protected/framework/base/CApplication.php(185): CConsoleApplication->processRequest()
#4 /var/www/html/chitkar/cron.php(6): CConsoleApplication->run()

2026/01/28 06:20:01 [error] [php] ftp_get(): /reads.ctk: No such file or directory (/var/www/html/chitkar/protected/commands/remoteStatsCommand.php:75)
Stack trace:
#0 /var/www/html/chitkar/protected/commands/remoteStatsCommand.php(75): ftp_get()
#1 /var/www/html/chitkar/protected/framework/console/CConsoleCommandRunner.php(71): remoteStatsCommand->run()
#2 /var/www/html/chitkar/protected/framework/console/CConsoleApplication.php(92): CConsoleCommandRunner->run()
#3 /var/www/html/chitkar/protected/framework/base/CApplication.php(185): CConsoleApplication->processRequest()
#4 /var/www/html/chitkar/cron.php(6): CConsoleApplication->run()

2026/01/28 06:54:02 [error] [php] ftp_get(): /reads.ctk: No such file or directory (/var/www/html/chitkar/protected/commands/remoteStatsCommand.php:75)
Stack trace:
#0 /var/www/html/chitkar/protected/commands/remoteStatsCommand.php(75): ftp_get()
#1 /var/www/html/chitkar/protected/framework/console/CConsoleCommandRunner.php(71): remoteStatsCommand->run()
#2 /var/www/html/chitkar/protected/framework/console/CConsoleApplication.php(92): CConsoleCommandRunner->run()
#3 /var/www/html/chitkar/protected/framework/base/CApplication.php(185): CConsoleApplication->processRequest()
#4 /var/www/html/chitkar/cron.php(6): CConsoleApplication->run()

2026/01/28 07:34:01 [error] [php] ftp_get(): /reads.ctk: No such file or directory (/var/www/html/chitkar/protected/commands/remoteStatsCommand.php:75)
Stack trace:
#0 /var/www/html/chitkar/protected/commands/remoteStatsCommand.php(75): ftp_get()
#1 /var/www/html/chitkar/protected/framework/console/CConsoleCommandRunner.php(71): remoteStatsCommand->run()
#2 /var/www/html/chitkar/protected/framework/console/CConsoleApplication.php(92): CConsoleCommandRunner->run()
#3 /var/www/html/chitkar/protected/framework/base/CApplication.php(185): CConsoleApplication->processRequest()
#4 /var/www/html/chitkar/cron.php(6): CConsoleApplication->run()

2026/01/28 08:50:01 [error] [php] ftp_get(): /reads.ctk: No such file or directory (/var/www/html/chitkar/protected/commands/remoteStatsCommand.php:75)
Stack trace:
#0 /var/www/html/chitkar/protected/commands/remoteStatsCommand.php(75): ftp_get()
#1 /var/www/html/chitkar/protected/framework/console/CConsoleCommandRunner.php(71): remoteStatsCommand->run()
#2 /var/www/html/chitkar/protected/framework/console/CConsoleApplication.php(92): CConsoleCommandRunner->run()
#3 /var/www/html/chitkar/protected/framework/base/CApplication.php(185): CConsoleApplication->processRequest()
#4 /var/www/html/chitkar/cron.php(6): CConsoleApplication->run()

2026/01/28 10:24:01 [error] [php] ftp_get(): /reads.ctk: No such file or directory (/var/www/html/chitkar/protected/commands/remoteStatsCommand.php:75)
Stack trace:
#0 /var/www/html/chitkar/protected/commands/remoteStatsCommand.php(75): ftp_get()
#1 /var/www/html/chitkar/protected/framework/console/CConsoleCommandRunner.php(71): remoteStatsCommand->run()
#2 /var/www/html/chitkar/protected/framework/console/CConsoleApplication.php(92): CConsoleCommandRunner->run()
#3 /var/www/html/chitkar/protected/framework/base/CApplication.php(185): CConsoleApplication->processRequest()
#4 /var/www/html/chitkar/cron.php(6): CConsoleApplication->run()

2026/01/28 11:06:01 [error] [php] ftp_get(): /reads.ctk: No such file or directory (/var/www/html/chitkar/protected/commands/remoteStatsCommand.php:75)
Stack trace:
#0 /var/www/html/chitkar/protected/commands/remoteStatsCommand.php(75): ftp_get()
#1 /var/www/html/chitkar/protected/framework/console/CConsoleCommandRunner.php(71): remoteStatsCommand->run()
#2 /var/www/html/chitkar/protected/framework/console/CConsoleApplication.php(92): CConsoleCommandRunner->run()
#3 /var/www/html/chitkar/protected/framework/base/CApplication.php(185): CConsoleApplication->processRequest()
#4 /var/www/html/chitkar/cron.php(6): CConsoleApplication->run()

2026/01/28 11:50:02 [error] [php] ftp_get(): /reads.ctk: No such file or directory (/var/www/html/chitkar/protected/commands/remoteStatsCommand.php:75)
Stack trace:
#0 /var/www/html/chitkar/protected/commands/remoteStatsCommand.php(75): ftp_get()
#1 /var/www/html/chitkar/protected/framework/console/CConsoleCommandRunner.php(71): remoteStatsCommand->run()
#2 /var/www/html/chitkar/protected/framework/console/CConsoleApplication.php(92): CConsoleCommandRunner->run()
#3 /var/www/html/chitkar/protected/framework/base/CApplication.php(185): CConsoleApplication->processRequest()
#4 /var/www/html/chitkar/cron.php(6): CConsoleApplication->run()

2026/01/28 12:32:01 [error] [php] ftp_get(): /reads.ctk: No such file or directory (/var/www/html/chitkar/protected/commands/remoteStatsCommand.php:75)
Stack trace:
#0 /var/www/html/chitkar/protected/commands/remoteStatsCommand.php(75): ftp_get()
#1 /var/www/html/chitkar/protected/framework/console/CConsoleCommandRunner.php(71): remoteStatsCommand->run()
#2 /var/www/html/chitkar/protected/framework/console/CConsoleApplication.php(92): CConsoleCommandRunner->run()
#3 /var/www/html/chitkar/protected/framework/base/CApplication.php(185): CConsoleApplication->processRequest()
#4 /var/www/html/chitkar/cron.php(6): CConsoleApplication->run()

2026/01/28 13:28:01 [error] [php] ftp_get(): /reads.ctk: No such file or directory (/var/www/html/chitkar/protected/commands/remoteStatsCommand.php:75)
Stack trace:
#0 /var/www/html/chitkar/protected/commands/remoteStatsCommand.php(75): ftp_get()
#1 /var/www/html/chitkar/protected/framework/console/CConsoleCommandRunner.php(71): remoteStatsCommand->run()
#2 /var/www/html/chitkar/protected/framework/console/CConsoleApplication.php(92): CConsoleCommandRunner->run()
#3 /var/www/html/chitkar/protected/framework/base/CApplication.php(185): CConsoleApplication->processRequest()
#4 /var/www/html/chitkar/cron.php(6): CConsoleApplication->run()

2026/01/28 14:02:01 [error] [php] ftp_get(): /reads.ctk: No such file or directory (/var/www/html/chitkar/protected/commands/remoteStatsCommand.php:75)
Stack trace:
#0 /var/www/html/chitkar/protected/commands/remoteStatsCommand.php(75): ftp_get()
#1 /var/www/html/chitkar/protected/framework/console/CConsoleCommandRunner.php(71): remoteStatsCommand->run()
#2 /var/www/html/chitkar/protected/framework/console/CConsoleApplication.php(92): CConsoleCommandRunner->run()
#3 /var/www/html/chitkar/protected/framework/base/CApplication.php(185): CConsoleApplication->processRequest()
#4 /var/www/html/chitkar/cron.php(6): CConsoleApplication->run()

2026/01/28 14:36:01 [error] [php] ftp_get(): /reads.ctk: No such file or directory (/var/www/html/chitkar/protected/commands/remoteStatsCommand.php:75)
Stack trace:
#0 /var/www/html/chitkar/protected/commands/remoteStatsCommand.php(75): ftp_get()
#1 /var/www/html/chitkar/protected/framework/console/CConsoleCommandRunner.php(71): remoteStatsCommand->run()
#2 /var/www/html/chitkar/protected/framework/console/CConsoleApplication.php(92): CConsoleCommandRunner->run()
#3 /var/www/html/chitkar/protected/framework/base/CApplication.php(185): CConsoleApplication->processRequest()
#4 /var/www/html/chitkar/cron.php(6): CConsoleApplication->run()

2026/01/28 15:10:01 [error] [php] ftp_get(): /reads.ctk: No such file or directory (/var/www/html/chitkar/protected/commands/remoteStatsCommand.php:75)
Stack trace:
#0 /var/www/html/chitkar/protected/commands/remoteStatsCommand.php(75): ftp_get()
#1 /var/www/html/chitkar/protected/framework/console/CConsoleCommandRunner.php(71): remoteStatsCommand->run()
#2 /var/www/html/chitkar/protected/framework/console/CConsoleApplication.php(92): CConsoleCommandRunner->run()
#3 /var/www/html/chitkar/protected/framework/base/CApplication.php(185): CConsoleApplication->processRequest()
#4 /var/www/html/chitkar/cron.php(6): CConsoleApplication->run()

2026/01/28 15:46:01 [error] [php] ftp_get(): /reads.ctk: No such file or directory (/var/www/html/chitkar/protected/commands/remoteStatsCommand.php:75)
Stack trace:
#0 /var/www/html/chitkar/protected/commands/remoteStatsCommand.php(75): ftp_get()
#1 /var/www/html/chitkar/protected/framework/console/CConsoleCommandRunner.php(71): remoteStatsCommand->run()
#2 /var/www/html/chitkar/protected/framework/console/CConsoleApplication.php(92): CConsoleCommandRunner->run()
#3 /var/www/html/chitkar/protected/framework/base/CApplication.php(185): CConsoleApplication->processRequest()
#4 /var/www/html/chitkar/cron.php(6): CConsoleApplication->run()

2026/01/28 16:20:01 [error] [php] ftp_get(): /reads.ctk: No such file or directory (/var/www/html/chitkar/protected/commands/remoteStatsCommand.php:75)
Stack trace:
#0 /var/www/html/chitkar/protected/commands/remoteStatsCommand.php(75): ftp_get()
#1 /var/www/html/chitkar/protected/framework/console/CConsoleCommandRunner.php(71): remoteStatsCommand->run()
#2 /var/www/html/chitkar/protected/framework/console/CConsoleApplication.php(92): CConsoleCommandRunner->run()
#3 /var/www/html/chitkar/protected/framework/base/CApplication.php(185): CConsoleApplication->processRequest()
#4 /var/www/html/chitkar/cron.php(6): CConsoleApplication->run()

2026/01/28 17:04:01 [error] [php] ftp_get(): /reads.ctk: No such file or directory (/var/www/html/chitkar/protected/commands/remoteStatsCommand.php:75)
Stack trace:
#0 /var/www/html/chitkar/protected/commands/remoteStatsCommand.php(75): ftp_get()
#1 /var/www/html/chitkar/protected/framework/console/CConsoleCommandRunner.php(71): remoteStatsCommand->run()
#2 /var/www/html/chitkar/protected/framework/console/CConsoleApplication.php(92): CConsoleCommandRunner->run()
#3 /var/www/html/chitkar/protected/framework/base/CApplication.php(185): CConsoleApplication->processRequest()
#4 /var/www/html/chitkar/cron.php(6): CConsoleApplication->run()

2026/01/28 17:38:01 [error] [php] ftp_get(): /reads.ctk: No such file or directory (/var/www/html/chitkar/protected/commands/remoteStatsCommand.php:75)
Stack trace:
#0 /var/www/html/chitkar/protected/commands/remoteStatsCommand.php(75): ftp_get()
#1 /var/www/html/chitkar/protected/framework/console/CConsoleCommandRunner.php(71): remoteStatsCommand->run()
#2 /var/www/html/chitkar/protected/framework/console/CConsoleApplication.php(92): CConsoleCommandRunner->run()
#3 /var/www/html/chitkar/protected/framework/base/CApplication.php(185): CConsoleApplication->processRequest()
#4 /var/www/html/chitkar/cron.php(6): CConsoleApplication->run()

2026/01/28 18:12:01 [error] [php] ftp_get(): /reads.ctk: No such file or directory (/var/www/html/chitkar/protected/commands/remoteStatsCommand.php:75)
Stack trace:
#0 /var/www/html/chitkar/protected/commands/remoteStatsCommand.php(75): ftp_get()
#1 /var/www/html/chitkar/protected/framework/console/CConsoleCommandRunner.php(71): remoteStatsCommand->run()
#2 /var/www/html/chitkar/protected/framework/console/CConsoleApplication.php(92): CConsoleCommandRunner->run()
#3 /var/www/html/chitkar/protected/framework/base/CApplication.php(185): CConsoleApplication->processRequest()
#4 /var/www/html/chitkar/cron.php(6): CConsoleApplication->run()

2026/01/28 18:46:01 [error] [php] ftp_get(): /reads.ctk: No such file or directory (/var/www/html/chitkar/protected/commands/remoteStatsCommand.php:75)
Stack trace:
#0 /var/www/html/chitkar/protected/commands/remoteStatsCommand.php(75): ftp_get()
#1 /var/www/html/chitkar/protected/framework/console/CConsoleCommandRunner.php(71): remoteStatsCommand->run()
#2 /var/www/html/chitkar/protected/framework/console/CConsoleApplication.php(92): CConsoleCommandRunner->run()
#3 /var/www/html/chitkar/protected/framework/base/CApplication.php(185): CConsoleApplication->processRequest()
#4 /var/www/html/chitkar/cron.php(6): CConsoleApplication->run()

2026/01/28 19:20:02 [error] [php] ftp_get(): /reads.ctk: No such file or directory (/var/www/html/chitkar/protected/commands/remoteStatsCommand.php:75)
Stack trace:
#0 /var/www/html/chitkar/protected/commands/remoteStatsCommand.php(75): ftp_get()
#1 /var/www/html/chitkar/protected/framework/console/CConsoleCommandRunner.php(71): remoteStatsCommand->run()
#2 /var/www/html/chitkar/protected/framework/console/CConsoleApplication.php(92): CConsoleCommandRunner->run()
#3 /var/www/html/chitkar/protected/framework/base/CApplication.php(185): CConsoleApplication->processRequest()
#4 /var/www/html/chitkar/cron.php(6): CConsoleApplication->run()

2026/01/28 19:54:01 [error] [php] ftp_get(): /reads.ctk: No such file or directory (/var/www/html/chitkar/protected/commands/remoteStatsCommand.php:75)
Stack trace:
#0 /var/www/html/chitkar/protected/commands/remoteStatsCommand.php(75): ftp_get()
#1 /var/www/html/chitkar/protected/framework/console/CConsoleCommandRunner.php(71): remoteStatsCommand->run()
#2 /var/www/html/chitkar/protected/framework/console/CConsoleApplication.php(92): CConsoleCommandRunner->run()
#3 /var/www/html/chitkar/protected/framework/base/CApplication.php(185): CConsoleApplication->processRequest()
#4 /var/www/html/chitkar/cron.php(6): CConsoleApplication->run()

2026/01/28 20:28:01 [error] [php] ftp_get(): /reads.ctk: No such file or directory (/var/www/html/chitkar/protected/commands/remoteStatsCommand.php:75)
Stack trace:
#0 /var/www/html/chitkar/protected/commands/remoteStatsCommand.php(75): ftp_get()
#1 /var/www/html/chitkar/protected/framework/console/CConsoleCommandRunner.php(71): remoteStatsCommand->run()
#2 /var/www/html/chitkar/protected/framework/console/CConsoleApplication.php(92): CConsoleCommandRunner->run()
#3 /var/www/html/chitkar/protected/framework/base/CApplication.php(185): CConsoleApplication->processRequest()
#4 /var/www/html/chitkar/cron.php(6): CConsoleApplication->run()

2026/01/28 21:04:02 [error] [php] ftp_get(): /reads.ctk: No such file or directory (/var/www/html/chitkar/protected/commands/remoteStatsCommand.php:75)
Stack trace:
#0 /var/www/html/chitkar/protected/commands/remoteStatsCommand.php(75): ftp_get()
#1 /var/www/html/chitkar/protected/framework/console/CConsoleCommandRunner.php(71): remoteStatsCommand->run()
#2 /var/www/html/chitkar/protected/framework/console/CConsoleApplication.php(92): CConsoleCommandRunner->run()
#3 /var/www/html/chitkar/protected/framework/base/CApplication.php(185): CConsoleApplication->processRequest()
#4 /var/www/html/chitkar/cron.php(6): CConsoleApplication->run()

2026/01/28 21:40:01 [error] [php] ftp_get(): /reads.ctk: No such file or directory (/var/www/html/chitkar/protected/commands/remoteStatsCommand.php:75)
Stack trace:
#0 /var/www/html/chitkar/protected/commands/remoteStatsCommand.php(75): ftp_get()
#1 /var/www/html/chitkar/protected/framework/console/CConsoleCommandRunner.php(71): remoteStatsCommand->run()
#2 /var/www/html/chitkar/protected/framework/console/CConsoleApplication.php(92): CConsoleCommandRunner->run()
#3 /var/www/html/chitkar/protected/framework/base/CApplication.php(185): CConsoleApplication->processRequest()
#4 /var/www/html/chitkar/cron.php(6): CConsoleApplication->run()

2026/01/28 22:24:01 [error] [php] ftp_get(): /reads.ctk: No such file or directory (/var/www/html/chitkar/protected/commands/remoteStatsCommand.php:75)
Stack trace:
#0 /var/www/html/chitkar/protected/commands/remoteStatsCommand.php(75): ftp_get()
#1 /var/www/html/chitkar/protected/framework/console/CConsoleCommandRunner.php(71): remoteStatsCommand->run()
#2 /var/www/html/chitkar/protected/framework/console/CConsoleApplication.php(92): CConsoleCommandRunner->run()
#3 /var/www/html/chitkar/protected/framework/base/CApplication.php(185): CConsoleApplication->processRequest()
#4 /var/www/html/chitkar/cron.php(6): CConsoleApplication->run()

2026/01/28 23:02:01 [error] [php] ftp_get(): /reads.ctk: No such file or directory (/var/www/html/chitkar/protected/commands/remoteStatsCommand.php:75)
Stack trace:
#0 /var/www/html/chitkar/protected/commands/remoteStatsCommand.php(75): ftp_get()
#1 /var/www/html/chitkar/protected/framework/console/CConsoleCommandRunner.php(71): remoteStatsCommand->run()
#2 /var/www/html/chitkar/protected/framework/console/CConsoleApplication.php(92): CConsoleCommandRunner->run()
#3 /var/www/html/chitkar/protected/framework/base/CApplication.php(185): CConsoleApplication->processRequest()
#4 /var/www/html/chitkar/cron.php(6): CConsoleApplication->run()

2026/01/28 23:36:02 [error] [php] ftp_get(): /reads.ctk: No such file or directory (/var/www/html/chitkar/protected/commands/remoteStatsCommand.php:75)
Stack trace:
#0 /var/www/html/chitkar/protected/commands/remoteStatsCommand.php(75): ftp_get()
#1 /var/www/html/chitkar/protected/framework/console/CConsoleCommandRunner.php(71): remoteStatsCommand->run()
#2 /var/www/html/chitkar/protected/framework/console/CConsoleApplication.php(92): CConsoleCommandRunner->run()
#3 /var/www/html/chitkar/protected/framework/base/CApplication.php(185): CConsoleApplication->processRequest()
#4 /var/www/html/chitkar/cron.php(6): CConsoleApplication->run()

2026/01/29 00:10:01 [error] [php] ftp_get(): /reads.ctk: No such file or directory (/var/www/html/chitkar/protected/commands/remoteStatsCommand.php:75)
Stack trace:
#0 /var/www/html/chitkar/protected/commands/remoteStatsCommand.php(75): ftp_get()
#1 /var/www/html/chitkar/protected/framework/console/CConsoleCommandRunner.php(71): remoteStatsCommand->run()
#2 /var/www/html/chitkar/protected/framework/console/CConsoleApplication.php(92): CConsoleCommandRunner->run()
#3 /var/www/html/chitkar/protected/framework/base/CApplication.php(185): CConsoleApplication->processRequest()
#4 /var/www/html/chitkar/cron.php(6): CConsoleApplication->run()

2026/01/29 00:44:01 [error] [php] ftp_get(): /reads.ctk: No such file or directory (/var/www/html/chitkar/protected/commands/remoteStatsCommand.php:75)
Stack trace:
#0 /var/www/html/chitkar/protected/commands/remoteStatsCommand.php(75): ftp_get()
#1 /var/www/html/chitkar/protected/framework/console/CConsoleCommandRunner.php(71): remoteStatsCommand->run()
#2 /var/www/html/chitkar/protected/framework/console/CConsoleApplication.php(92): CConsoleCommandRunner->run()
#3 /var/www/html/chitkar/protected/framework/base/CApplication.php(185): CConsoleApplication->processRequest()
#4 /var/www/html/chitkar/cron.php(6): CConsoleApplication->run()

2026/01/29 01:18:02 [error] [php] ftp_get(): /reads.ctk: No such file or directory (/var/www/html/chitkar/protected/commands/remoteStatsCommand.php:75)
Stack trace:
#0 /var/www/html/chitkar/protected/commands/remoteStatsCommand.php(75): ftp_get()
#1 /var/www/html/chitkar/protected/framework/console/CConsoleCommandRunner.php(71): remoteStatsCommand->run()
#2 /var/www/html/chitkar/protected/framework/console/CConsoleApplication.php(92): CConsoleCommandRunner->run()
#3 /var/www/html/chitkar/protected/framework/base/CApplication.php(185): CConsoleApplication->processRequest()
#4 /var/www/html/chitkar/cron.php(6): CConsoleApplication->run()

2026/01/29 01:54:01 [error] [php] ftp_get(): /reads.ctk: No such file or directory (/var/www/html/chitkar/protected/commands/remoteStatsCommand.php:75)
Stack trace:
#0 /var/www/html/chitkar/protected/commands/remoteStatsCommand.php(75): ftp_get()
#1 /var/www/html/chitkar/protected/framework/console/CConsoleCommandRunner.php(71): remoteStatsCommand->run()
#2 /var/www/html/chitkar/protected/framework/console/CConsoleApplication.php(92): CConsoleCommandRunner->run()
#3 /var/www/html/chitkar/protected/framework/base/CApplication.php(185): CConsoleApplication->processRequest()
#4 /var/www/html/chitkar/cron.php(6): CConsoleApplication->run()

2026/01/29 02:28:01 [error] [php] ftp_get(): /reads.ctk: No such file or directory (/var/www/html/chitkar/protected/commands/remoteStatsCommand.php:75)
Stack trace:
#0 /var/www/html/chitkar/protected/commands/remoteStatsCommand.php(75): ftp_get()
#1 /var/www/html/chitkar/protected/framework/console/CConsoleCommandRunner.php(71): remoteStatsCommand->run()
#2 /var/www/html/chitkar/protected/framework/console/CConsoleApplication.php(92): CConsoleCommandRunner->run()
#3 /var/www/html/chitkar/protected/framework/base/CApplication.php(185): CConsoleApplication->processRequest()
#4 /var/www/html/chitkar/cron.php(6): CConsoleApplication->run()

2026/01/29 03:02:01 [error] [php] ftp_get(): /reads.ctk: No such file or directory (/var/www/html/chitkar/protected/commands/remoteStatsCommand.php:75)
Stack trace:
#0 /var/www/html/chitkar/protected/commands/remoteStatsCommand.php(75): ftp_get()
#1 /var/www/html/chitkar/protected/framework/console/CConsoleCommandRunner.php(71): remoteStatsCommand->run()
#2 /var/www/html/chitkar/protected/framework/console/CConsoleApplication.php(92): CConsoleCommandRunner->run()
#3 /var/www/html/chitkar/protected/framework/base/CApplication.php(185): CConsoleApplication->processRequest()
#4 /var/www/html/chitkar/cron.php(6): CConsoleApplication->run()

2026/01/29 03:36:02 [error] [php] ftp_get(): /reads.ctk: No such file or directory (/var/www/html/chitkar/protected/commands/remoteStatsCommand.php:75)
Stack trace:
#0 /var/www/html/chitkar/protected/commands/remoteStatsCommand.php(75): ftp_get()
#1 /var/www/html/chitkar/protected/framework/console/CConsoleCommandRunner.php(71): remoteStatsCommand->run()
#2 /var/www/html/chitkar/protected/framework/console/CConsoleApplication.php(92): CConsoleCommandRunner->run()
#3 /var/www/html/chitkar/protected/framework/base/CApplication.php(185): CConsoleApplication->processRequest()
#4 /var/www/html/chitkar/cron.php(6): CConsoleApplication->run()

2026/01/29 04:10:02 [error] [php] ftp_get(): /reads.ctk: No such file or directory (/var/www/html/chitkar/protected/commands/remoteStatsCommand.php:75)
Stack trace:
#0 /var/www/html/chitkar/protected/commands/remoteStatsCommand.php(75): ftp_get()
#1 /var/www/html/chitkar/protected/framework/console/CConsoleCommandRunner.php(71): remoteStatsCommand->run()
#2 /var/www/html/chitkar/protected/framework/console/CConsoleApplication.php(92): CConsoleCommandRunner->run()
#3 /var/www/html/chitkar/protected/framework/base/CApplication.php(185): CConsoleApplication->processRequest()
#4 /var/www/html/chitkar/cron.php(6): CConsoleApplication->run()

2026/01/29 04:44:01 [error] [php] ftp_get(): /reads.ctk: No such file or directory (/var/www/html/chitkar/protected/commands/remoteStatsCommand.php:75)
Stack trace:
#0 /var/www/html/chitkar/protected/commands/remoteStatsCommand.php(75): ftp_get()
#1 /var/www/html/chitkar/protected/framework/console/CConsoleCommandRunner.php(71): remoteStatsCommand->run()
#2 /var/www/html/chitkar/protected/framework/console/CConsoleApplication.php(92): CConsoleCommandRunner->run()
#3 /var/www/html/chitkar/protected/framework/base/CApplication.php(185): CConsoleApplication->processRequest()
#4 /var/www/html/chitkar/cron.php(6): CConsoleApplication->run()

2026/01/29 05:18:01 [error] [php] ftp_get(): /reads.ctk: No such file or directory (/var/www/html/chitkar/protected/commands/remoteStatsCommand.php:75)
Stack trace:
#0 /var/www/html/chitkar/protected/commands/remoteStatsCommand.php(75): ftp_get()
#1 /var/www/html/chitkar/protected/framework/console/CConsoleCommandRunner.php(71): remoteStatsCommand->run()
#2 /var/www/html/chitkar/protected/framework/console/CConsoleApplication.php(92): CConsoleCommandRunner->run()
#3 /var/www/html/chitkar/protected/framework/base/CApplication.php(185): CConsoleApplication->processRequest()
#4 /var/www/html/chitkar/cron.php(6): CConsoleApplication->run()

2026/01/29 05:52:01 [error] [php] ftp_get(): /reads.ctk: No such file or directory (/var/www/html/chitkar/protected/commands/remoteStatsCommand.php:75)
Stack trace:
#0 /var/www/html/chitkar/protected/commands/remoteStatsCommand.php(75): ftp_get()
#1 /var/www/html/chitkar/protected/framework/console/CConsoleCommandRunner.php(71): remoteStatsCommand->run()
#2 /var/www/html/chitkar/protected/framework/console/CConsoleApplication.php(92): CConsoleCommandRunner->run()
#3 /var/www/html/chitkar/protected/framework/base/CApplication.php(185): CConsoleApplication->processRequest()
#4 /var/www/html/chitkar/cron.php(6): CConsoleApplication->run()

2026/01/29 06:26:01 [error] [php] ftp_get(): /reads.ctk: No such file or directory (/var/www/html/chitkar/protected/commands/remoteStatsCommand.php:75)
Stack trace:
#0 /var/www/html/chitkar/protected/commands/remoteStatsCommand.php(75): ftp_get()
#1 /var/www/html/chitkar/protected/framework/console/CConsoleCommandRunner.php(71): remoteStatsCommand->run()
#2 /var/www/html/chitkar/protected/framework/console/CConsoleApplication.php(92): CConsoleCommandRunner->run()
#3 /var/www/html/chitkar/protected/framework/base/CApplication.php(185): CConsoleApplication->processRequest()
#4 /var/www/html/chitkar/cron.php(6): CConsoleApplication->run()

2026/01/29 07:02:01 [error] [php] ftp_get(): /reads.ctk: No such file or directory (/var/www/html/chitkar/protected/commands/remoteStatsCommand.php:75)
Stack trace:
#0 /var/www/html/chitkar/protected/commands/remoteStatsCommand.php(75): ftp_get()
#1 /var/www/html/chitkar/protected/framework/console/CConsoleCommandRunner.php(71): remoteStatsCommand->run()
#2 /var/www/html/chitkar/protected/framework/console/CConsoleApplication.php(92): CConsoleCommandRunner->run()
#3 /var/www/html/chitkar/protected/framework/base/CApplication.php(185): CConsoleApplication->processRequest()
#4 /var/www/html/chitkar/cron.php(6): CConsoleApplication->run()

2026/01/29 07:36:01 [error] [php] ftp_get(): /reads.ctk: No such file or directory (/var/www/html/chitkar/protected/commands/remoteStatsCommand.php:75)
Stack trace:
#0 /var/www/html/chitkar/protected/commands/remoteStatsCommand.php(75): ftp_get()
#1 /var/www/html/chitkar/protected/framework/console/CConsoleCommandRunner.php(71): remoteStatsCommand->run()
#2 /var/www/html/chitkar/protected/framework/console/CConsoleApplication.php(92): CConsoleCommandRunner->run()
#3 /var/www/html/chitkar/protected/framework/base/CApplication.php(185): CConsoleApplication->processRequest()
#4 /var/www/html/chitkar/cron.php(6): CConsoleApplication->run()

2026/01/29 08:14:01 [error] [php] ftp_get(): /reads.ctk: No such file or directory (/var/www/html/chitkar/protected/commands/remoteStatsCommand.php:75)
Stack trace:
#0 /var/www/html/chitkar/protected/commands/remoteStatsCommand.php(75): ftp_get()
#1 /var/www/html/chitkar/protected/framework/console/CConsoleCommandRunner.php(71): remoteStatsCommand->run()
#2 /var/www/html/chitkar/protected/framework/console/CConsoleApplication.php(92): CConsoleCommandRunner->run()
#3 /var/www/html/chitkar/protected/framework/base/CApplication.php(185): CConsoleApplication->processRequest()
#4 /var/www/html/chitkar/cron.php(6): CConsoleApplication->run()

2026/01/29 08:48:01 [error] [php] ftp_get(): /reads.ctk: No such file or directory (/var/www/html/chitkar/protected/commands/remoteStatsCommand.php:75)
Stack trace:
#0 /var/www/html/chitkar/protected/commands/remoteStatsCommand.php(75): ftp_get()
#1 /var/www/html/chitkar/protected/framework/console/CConsoleCommandRunner.php(71): remoteStatsCommand->run()
#2 /var/www/html/chitkar/protected/framework/console/CConsoleApplication.php(92): CConsoleCommandRunner->run()
#3 /var/www/html/chitkar/protected/framework/base/CApplication.php(185): CConsoleApplication->processRequest()
#4 /var/www/html/chitkar/cron.php(6): CConsoleApplication->run()

2026/01/29 09:24:01 [error] [php] ftp_get(): /reads.ctk: No such file or directory (/var/www/html/chitkar/protected/commands/remoteStatsCommand.php:75)
Stack trace:
#0 /var/www/html/chitkar/protected/commands/remoteStatsCommand.php(75): ftp_get()
#1 /var/www/html/chitkar/protected/framework/console/CConsoleCommandRunner.php(71): remoteStatsCommand->run()
#2 /var/www/html/chitkar/protected/framework/console/CConsoleApplication.php(92): CConsoleCommandRunner->run()
#3 /var/www/html/chitkar/protected/framework/base/CApplication.php(185): CConsoleApplication->processRequest()
#4 /var/www/html/chitkar/cron.php(6): CConsoleApplication->run()

2026/01/29 10:54:01 [error] [php] ftp_get(): /reads.ctk: No such file or directory (/var/www/html/chitkar/protected/commands/remoteStatsCommand.php:75)
Stack trace:
#0 /var/www/html/chitkar/protected/commands/remoteStatsCommand.php(75): ftp_get()
#1 /var/www/html/chitkar/protected/framework/console/CConsoleCommandRunner.php(71): remoteStatsCommand->run()
#2 /var/www/html/chitkar/protected/framework/console/CConsoleApplication.php(92): CConsoleCommandRunner->run()
#3 /var/www/html/chitkar/protected/framework/base/CApplication.php(185): CConsoleApplication->processRequest()
#4 /var/www/html/chitkar/cron.php(6): CConsoleApplication->run()

2026/01/29 11:42:02 [error] [php] ftp_get(): /reads.ctk: No such file or directory (/var/www/html/chitkar/protected/commands/remoteStatsCommand.php:75)
Stack trace:
#0 /var/www/html/chitkar/protected/commands/remoteStatsCommand.php(75): ftp_get()
#1 /var/www/html/chitkar/protected/framework/console/CConsoleCommandRunner.php(71): remoteStatsCommand->run()
#2 /var/www/html/chitkar/protected/framework/console/CConsoleApplication.php(92): CConsoleCommandRunner->run()
#3 /var/www/html/chitkar/protected/framework/base/CApplication.php(185): CConsoleApplication->processRequest()
#4 /var/www/html/chitkar/cron.php(6): CConsoleApplication->run()

2026/01/29 12:16:01 [error] [php] ftp_get(): /reads.ctk: No such file or directory (/var/www/html/chitkar/protected/commands/remoteStatsCommand.php:75)
Stack trace:
#0 /var/www/html/chitkar/protected/commands/remoteStatsCommand.php(75): ftp_get()
#1 /var/www/html/chitkar/protected/framework/console/CConsoleCommandRunner.php(71): remoteStatsCommand->run()
#2 /var/www/html/chitkar/protected/framework/console/CConsoleApplication.php(92): CConsoleCommandRunner->run()
#3 /var/www/html/chitkar/protected/framework/base/CApplication.php(185): CConsoleApplication->processRequest()
#4 /var/www/html/chitkar/cron.php(6): CConsoleApplication->run()

2026/01/29 12:50:01 [error] [php] ftp_get(): /reads.ctk: No such file or directory (/var/www/html/chitkar/protected/commands/remoteStatsCommand.php:75)
Stack trace:
#0 /var/www/html/chitkar/protected/commands/remoteStatsCommand.php(75): ftp_get()
#1 /var/www/html/chitkar/protected/framework/console/CConsoleCommandRunner.php(71): remoteStatsCommand->run()
#2 /var/www/html/chitkar/protected/framework/console/CConsoleApplication.php(92): CConsoleCommandRunner->run()
#3 /var/www/html/chitkar/protected/framework/base/CApplication.php(185): CConsoleApplication->processRequest()
#4 /var/www/html/chitkar/cron.php(6): CConsoleApplication->run()

2026/01/29 13:32:01 [error] [php] ftp_get(): /reads.ctk: No such file or directory (/var/www/html/chitkar/protected/commands/remoteStatsCommand.php:75)
Stack trace:
#0 /var/www/html/chitkar/protected/commands/remoteStatsCommand.php(75): ftp_get()
#1 /var/www/html/chitkar/protected/framework/console/CConsoleCommandRunner.php(71): remoteStatsCommand->run()
#2 /var/www/html/chitkar/protected/framework/console/CConsoleApplication.php(92): CConsoleCommandRunner->run()
#3 /var/www/html/chitkar/protected/framework/base/CApplication.php(185): CConsoleApplication->processRequest()
#4 /var/www/html/chitkar/cron.php(6): CConsoleApplication->run()

2026/01/29 14:06:01 [error] [php] ftp_get(): /reads.ctk: No such file or directory (/var/www/html/chitkar/protected/commands/remoteStatsCommand.php:75)
Stack trace:
#0 /var/www/html/chitkar/protected/commands/remoteStatsCommand.php(75): ftp_get()
#1 /var/www/html/chitkar/protected/framework/console/CConsoleCommandRunner.php(71): remoteStatsCommand->run()
#2 /var/www/html/chitkar/protected/framework/console/CConsoleApplication.php(92): CConsoleCommandRunner->run()
#3 /var/www/html/chitkar/protected/framework/base/CApplication.php(185): CConsoleApplication->processRequest()
#4 /var/www/html/chitkar/cron.php(6): CConsoleApplication->run()

2026/01/29 14:40:01 [error] [php] ftp_get(): /reads.ctk: No such file or directory (/var/www/html/chitkar/protected/commands/remoteStatsCommand.php:75)
Stack trace:
#0 /var/www/html/chitkar/protected/commands/remoteStatsCommand.php(75): ftp_get()
#1 /var/www/html/chitkar/protected/framework/console/CConsoleCommandRunner.php(71): remoteStatsCommand->run()
#2 /var/www/html/chitkar/protected/framework/console/CConsoleApplication.php(92): CConsoleCommandRunner->run()
#3 /var/www/html/chitkar/protected/framework/base/CApplication.php(185): CConsoleApplication->processRequest()
#4 /var/www/html/chitkar/cron.php(6): CConsoleApplication->run()

2026/01/29 15:18:01 [error] [php] ftp_get(): /reads.ctk: No such file or directory (/var/www/html/chitkar/protected/commands/remoteStatsCommand.php:75)
Stack trace:
#0 /var/www/html/chitkar/protected/commands/remoteStatsCommand.php(75): ftp_get()
#1 /var/www/html/chitkar/protected/framework/console/CConsoleCommandRunner.php(71): remoteStatsCommand->run()
#2 /var/www/html/chitkar/protected/framework/console/CConsoleApplication.php(92): CConsoleCommandRunner->run()
#3 /var/www/html/chitkar/protected/framework/base/CApplication.php(185): CConsoleApplication->processRequest()
#4 /var/www/html/chitkar/cron.php(6): CConsoleApplication->run()

2026/01/29 15:58:01 [error] [php] ftp_get(): /reads.ctk: No such file or directory (/var/www/html/chitkar/protected/commands/remoteStatsCommand.php:75)
Stack trace:
#0 /var/www/html/chitkar/protected/commands/remoteStatsCommand.php(75): ftp_get()
#1 /var/www/html/chitkar/protected/framework/console/CConsoleCommandRunner.php(71): remoteStatsCommand->run()
#2 /var/www/html/chitkar/protected/framework/console/CConsoleApplication.php(92): CConsoleCommandRunner->run()
#3 /var/www/html/chitkar/protected/framework/base/CApplication.php(185): CConsoleApplication->processRequest()
#4 /var/www/html/chitkar/cron.php(6): CConsoleApplication->run()

2026/01/29 16:36:02 [error] [php] ftp_get(): /reads.ctk: No such file or directory (/var/www/html/chitkar/protected/commands/remoteStatsCommand.php:75)
Stack trace:
#0 /var/www/html/chitkar/protected/commands/remoteStatsCommand.php(75): ftp_get()
#1 /var/www/html/chitkar/protected/framework/console/CConsoleCommandRunner.php(71): remoteStatsCommand->run()
#2 /var/www/html/chitkar/protected/framework/console/CConsoleApplication.php(92): CConsoleCommandRunner->run()
#3 /var/www/html/chitkar/protected/framework/base/CApplication.php(185): CConsoleApplication->processRequest()
#4 /var/www/html/chitkar/cron.php(6): CConsoleApplication->run()

2026/01/29 17:14:01 [error] [php] ftp_get(): /reads.ctk: No such file or directory (/var/www/html/chitkar/protected/commands/remoteStatsCommand.php:75)
Stack trace:
#0 /var/www/html/chitkar/protected/commands/remoteStatsCommand.php(75): ftp_get()
#1 /var/www/html/chitkar/protected/framework/console/CConsoleCommandRunner.php(71): remoteStatsCommand->run()
#2 /var/www/html/chitkar/protected/framework/console/CConsoleApplication.php(92): CConsoleCommandRunner->run()
#3 /var/www/html/chitkar/protected/framework/base/CApplication.php(185): CConsoleApplication->processRequest()
#4 /var/www/html/chitkar/cron.php(6): CConsoleApplication->run()

2026/01/29 17:50:01 [error] [php] ftp_get(): /reads.ctk: No such file or directory (/var/www/html/chitkar/protected/commands/remoteStatsCommand.php:75)
Stack trace:
#0 /var/www/html/chitkar/protected/commands/remoteStatsCommand.php(75): ftp_get()
#1 /var/www/html/chitkar/protected/framework/console/CConsoleCommandRunner.php(71): remoteStatsCommand->run()
#2 /var/www/html/chitkar/protected/framework/console/CConsoleApplication.php(92): CConsoleCommandRunner->run()
#3 /var/www/html/chitkar/protected/framework/base/CApplication.php(185): CConsoleApplication->processRequest()
#4 /var/www/html/chitkar/cron.php(6): CConsoleApplication->run()

2026/01/29 18:24:01 [error] [php] ftp_get(): /reads.ctk: No such file or directory (/var/www/html/chitkar/protected/commands/remoteStatsCommand.php:75)
Stack trace:
#0 /var/www/html/chitkar/protected/commands/remoteStatsCommand.php(75): ftp_get()
#1 /var/www/html/chitkar/protected/framework/console/CConsoleCommandRunner.php(71): remoteStatsCommand->run()
#2 /var/www/html/chitkar/protected/framework/console/CConsoleApplication.php(92): CConsoleCommandRunner->run()
#3 /var/www/html/chitkar/protected/framework/base/CApplication.php(185): CConsoleApplication->processRequest()
#4 /var/www/html/chitkar/cron.php(6): CConsoleApplication->run()

2026/01/29 19:06:01 [error] [php] ftp_get(): /reads.ctk: No such file or directory (/var/www/html/chitkar/protected/commands/remoteStatsCommand.php:75)
Stack trace:
#0 /var/www/html/chitkar/protected/commands/remoteStatsCommand.php(75): ftp_get()
#1 /var/www/html/chitkar/protected/framework/console/CConsoleCommandRunner.php(71): remoteStatsCommand->run()
#2 /var/www/html/chitkar/protected/framework/console/CConsoleApplication.php(92): CConsoleCommandRunner->run()
#3 /var/www/html/chitkar/protected/framework/base/CApplication.php(185): CConsoleApplication->processRequest()
#4 /var/www/html/chitkar/cron.php(6): CConsoleApplication->run()

2026/01/29 19:50:01 [error] [php] ftp_get(): /reads.ctk: No such file or directory (/var/www/html/chitkar/protected/commands/remoteStatsCommand.php:75)
Stack trace:
#0 /var/www/html/chitkar/protected/commands/remoteStatsCommand.php(75): ftp_get()
#1 /var/www/html/chitkar/protected/framework/console/CConsoleCommandRunner.php(71): remoteStatsCommand->run()
#2 /var/www/html/chitkar/protected/framework/console/CConsoleApplication.php(92): CConsoleCommandRunner->run()
#3 /var/www/html/chitkar/protected/framework/base/CApplication.php(185): CConsoleApplication->processRequest()
#4 /var/www/html/chitkar/cron.php(6): CConsoleApplication->run()

2026/01/29 20:24:02 [error] [php] ftp_get(): /reads.ctk: No such file or directory (/var/www/html/chitkar/protected/commands/remoteStatsCommand.php:75)
Stack trace:
#0 /var/www/html/chitkar/protected/commands/remoteStatsCommand.php(75): ftp_get()
#1 /var/www/html/chitkar/protected/framework/console/CConsoleCommandRunner.php(71): remoteStatsCommand->run()
#2 /var/www/html/chitkar/protected/framework/console/CConsoleApplication.php(92): CConsoleCommandRunner->run()
#3 /var/www/html/chitkar/protected/framework/base/CApplication.php(185): CConsoleApplication->processRequest()
#4 /var/www/html/chitkar/cron.php(6): CConsoleApplication->run()

2026/01/29 20:58:02 [error] [php] ftp_get(): /reads.ctk: No such file or directory (/var/www/html/chitkar/protected/commands/remoteStatsCommand.php:75)
Stack trace:
#0 /var/www/html/chitkar/protected/commands/remoteStatsCommand.php(75): ftp_get()
#1 /var/www/html/chitkar/protected/framework/console/CConsoleCommandRunner.php(71): remoteStatsCommand->run()
#2 /var/www/html/chitkar/protected/framework/console/CConsoleApplication.php(92): CConsoleCommandRunner->run()
#3 /var/www/html/chitkar/protected/framework/base/CApplication.php(185): CConsoleApplication->processRequest()
#4 /var/www/html/chitkar/cron.php(6): CConsoleApplication->run()

2026/01/29 21:36:01 [error] [php] ftp_get(): /reads.ctk: No such file or directory (/var/www/html/chitkar/protected/commands/remoteStatsCommand.php:75)
Stack trace:
#0 /var/www/html/chitkar/protected/commands/remoteStatsCommand.php(75): ftp_get()
#1 /var/www/html/chitkar/protected/framework/console/CConsoleCommandRunner.php(71): remoteStatsCommand->run()
#2 /var/www/html/chitkar/protected/framework/console/CConsoleApplication.php(92): CConsoleCommandRunner->run()
#3 /var/www/html/chitkar/protected/framework/base/CApplication.php(185): CConsoleApplication->processRequest()
#4 /var/www/html/chitkar/cron.php(6): CConsoleApplication->run()

2026/01/29 22:12:01 [error] [php] ftp_get(): /reads.ctk: No such file or directory (/var/www/html/chitkar/protected/commands/remoteStatsCommand.php:75)
Stack trace:
#0 /var/www/html/chitkar/protected/commands/remoteStatsCommand.php(75): ftp_get()
#1 /var/www/html/chitkar/protected/framework/console/CConsoleCommandRunner.php(71): remoteStatsCommand->run()
#2 /var/www/html/chitkar/protected/framework/console/CConsoleApplication.php(92): CConsoleCommandRunner->run()
#3 /var/www/html/chitkar/protected/framework/base/CApplication.php(185): CConsoleApplication->processRequest()
#4 /var/www/html/chitkar/cron.php(6): CConsoleApplication->run()

2026/01/29 22:48:01 [error] [php] ftp_get(): /reads.ctk: No such file or directory (/var/www/html/chitkar/protected/commands/remoteStatsCommand.php:75)
Stack trace:
#0 /var/www/html/chitkar/protected/commands/remoteStatsCommand.php(75): ftp_get()
#1 /var/www/html/chitkar/protected/framework/console/CConsoleCommandRunner.php(71): remoteStatsCommand->run()
#2 /var/www/html/chitkar/protected/framework/console/CConsoleApplication.php(92): CConsoleCommandRunner->run()
#3 /var/www/html/chitkar/protected/framework/base/CApplication.php(185): CConsoleApplication->processRequest()
#4 /var/www/html/chitkar/cron.php(6): CConsoleApplication->run()

2026/01/29 23:22:01 [error] [php] ftp_get(): /reads.ctk: No such file or directory (/var/www/html/chitkar/protected/commands/remoteStatsCommand.php:75)
Stack trace:
#0 /var/www/html/chitkar/protected/commands/remoteStatsCommand.php(75): ftp_get()
#1 /var/www/html/chitkar/protected/framework/console/CConsoleCommandRunner.php(71): remoteStatsCommand->run()
#2 /var/www/html/chitkar/protected/framework/console/CConsoleApplication.php(92): CConsoleCommandRunner->run()
#3 /var/www/html/chitkar/protected/framework/base/CApplication.php(185): CConsoleApplication->processRequest()
#4 /var/www/html/chitkar/cron.php(6): CConsoleApplication->run()

2026/01/29 23:56:02 [error] [php] ftp_get(): /reads.ctk: No such file or directory (/var/www/html/chitkar/protected/commands/remoteStatsCommand.php:75)
Stack trace:
#0 /var/www/html/chitkar/protected/commands/remoteStatsCommand.php(75): ftp_get()
#1 /var/www/html/chitkar/protected/framework/console/CConsoleCommandRunner.php(71): remoteStatsCommand->run()
#2 /var/www/html/chitkar/protected/framework/console/CConsoleApplication.php(92): CConsoleCommandRunner->run()
#3 /var/www/html/chitkar/protected/framework/base/CApplication.php(185): CConsoleApplication->processRequest()
#4 /var/www/html/chitkar/cron.php(6): CConsoleApplication->run()

2026/01/30 00:34:01 [error] [php] ftp_get(): /reads.ctk: No such file or directory (/var/www/html/chitkar/protected/commands/remoteStatsCommand.php:75)
Stack trace:
#0 /var/www/html/chitkar/protected/commands/remoteStatsCommand.php(75): ftp_get()
#1 /var/www/html/chitkar/protected/framework/console/CConsoleCommandRunner.php(71): remoteStatsCommand->run()
#2 /var/www/html/chitkar/protected/framework/console/CConsoleApplication.php(92): CConsoleCommandRunner->run()
#3 /var/www/html/chitkar/protected/framework/base/CApplication.php(185): CConsoleApplication->processRequest()
#4 /var/www/html/chitkar/cron.php(6): CConsoleApplication->run()

2026/01/30 01:08:01 [error] [php] ftp_get(): /reads.ctk: No such file or directory (/var/www/html/chitkar/protected/commands/remoteStatsCommand.php:75)
Stack trace:
#0 /var/www/html/chitkar/protected/commands/remoteStatsCommand.php(75): ftp_get()
#1 /var/www/html/chitkar/protected/framework/console/CConsoleCommandRunner.php(71): remoteStatsCommand->run()
#2 /var/www/html/chitkar/protected/framework/console/CConsoleApplication.php(92): CConsoleCommandRunner->run()
#3 /var/www/html/chitkar/protected/framework/base/CApplication.php(185): CConsoleApplication->processRequest()
#4 /var/www/html/chitkar/cron.php(6): CConsoleApplication->run()

2026/01/30 01:40:01 [error] [php] ftp_get(): /reads.ctk: No such file or directory (/var/www/html/chitkar/protected/commands/remoteStatsCommand.php:75)
Stack trace:
#0 /var/www/html/chitkar/protected/commands/remoteStatsCommand.php(75): ftp_get()
#1 /var/www/html/chitkar/protected/framework/console/CConsoleCommandRunner.php(71): remoteStatsCommand->run()
#2 /var/www/html/chitkar/protected/framework/console/CConsoleApplication.php(92): CConsoleCommandRunner->run()
#3 /var/www/html/chitkar/protected/framework/base/CApplication.php(185): CConsoleApplication->processRequest()
#4 /var/www/html/chitkar/cron.php(6): CConsoleApplication->run()

2026/01/30 02:14:02 [error] [php] ftp_get(): /reads.ctk: No such file or directory (/var/www/html/chitkar/protected/commands/remoteStatsCommand.php:75)
Stack trace:
#0 /var/www/html/chitkar/protected/commands/remoteStatsCommand.php(75): ftp_get()
#1 /var/www/html/chitkar/protected/framework/console/CConsoleCommandRunner.php(71): remoteStatsCommand->run()
#2 /var/www/html/chitkar/protected/framework/console/CConsoleApplication.php(92): CConsoleCommandRunner->run()
#3 /var/www/html/chitkar/protected/framework/base/CApplication.php(185): CConsoleApplication->processRequest()
#4 /var/www/html/chitkar/cron.php(6): CConsoleApplication->run()

2026/01/30 02:48:02 [error] [php] ftp_get(): /reads.ctk: No such file or directory (/var/www/html/chitkar/protected/commands/remoteStatsCommand.php:75)
Stack trace:
#0 /var/www/html/chitkar/protected/commands/remoteStatsCommand.php(75): ftp_get()
#1 /var/www/html/chitkar/protected/framework/console/CConsoleCommandRunner.php(71): remoteStatsCommand->run()
#2 /var/www/html/chitkar/protected/framework/console/CConsoleApplication.php(92): CConsoleCommandRunner->run()
#3 /var/www/html/chitkar/protected/framework/base/CApplication.php(185): CConsoleApplication->processRequest()
#4 /var/www/html/chitkar/cron.php(6): CConsoleApplication->run()

2026/01/30 03:22:01 [error] [php] ftp_get(): /reads.ctk: No such file or directory (/var/www/html/chitkar/protected/commands/remoteStatsCommand.php:75)
Stack trace:
#0 /var/www/html/chitkar/protected/commands/remoteStatsCommand.php(75): ftp_get()
#1 /var/www/html/chitkar/protected/framework/console/CConsoleCommandRunner.php(71): remoteStatsCommand->run()
#2 /var/www/html/chitkar/protected/framework/console/CConsoleApplication.php(92): CConsoleCommandRunner->run()
#3 /var/www/html/chitkar/protected/framework/base/CApplication.php(185): CConsoleApplication->processRequest()
#4 /var/www/html/chitkar/cron.php(6): CConsoleApplication->run()

2026/01/30 03:56:01 [error] [php] ftp_get(): /reads.ctk: No such file or directory (/var/www/html/chitkar/protected/commands/remoteStatsCommand.php:75)
Stack trace:
#0 /var/www/html/chitkar/protected/commands/remoteStatsCommand.php(75): ftp_get()
#1 /var/www/html/chitkar/protected/framework/console/CConsoleCommandRunner.php(71): remoteStatsCommand->run()
#2 /var/www/html/chitkar/protected/framework/console/CConsoleApplication.php(92): CConsoleCommandRunner->run()
#3 /var/www/html/chitkar/protected/framework/base/CApplication.php(185): CConsoleApplication->processRequest()
#4 /var/www/html/chitkar/cron.php(6): CConsoleApplication->run()

2026/01/30 04:28:01 [error] [php] ftp_get(): /reads.ctk: No such file or directory (/var/www/html/chitkar/protected/commands/remoteStatsCommand.php:75)
Stack trace:
#0 /var/www/html/chitkar/protected/commands/remoteStatsCommand.php(75): ftp_get()
#1 /var/www/html/chitkar/protected/framework/console/CConsoleCommandRunner.php(71): remoteStatsCommand->run()
#2 /var/www/html/chitkar/protected/framework/console/CConsoleApplication.php(92): CConsoleCommandRunner->run()
#3 /var/www/html/chitkar/protected/framework/base/CApplication.php(185): CConsoleApplication->processRequest()
#4 /var/www/html/chitkar/cron.php(6): CConsoleApplication->run()

2026/01/30 05:02:01 [error] [php] ftp_get(): /reads.ctk: No such file or directory (/var/www/html/chitkar/protected/commands/remoteStatsCommand.php:75)
Stack trace:
#0 /var/www/html/chitkar/protected/commands/remoteStatsCommand.php(75): ftp_get()
#1 /var/www/html/chitkar/protected/framework/console/CConsoleCommandRunner.php(71): remoteStatsCommand->run()
#2 /var/www/html/chitkar/protected/framework/console/CConsoleApplication.php(92): CConsoleCommandRunner->run()
#3 /var/www/html/chitkar/protected/framework/base/CApplication.php(185): CConsoleApplication->processRequest()
#4 /var/www/html/chitkar/cron.php(6): CConsoleApplication->run()

2026/01/30 05:36:02 [error] [php] ftp_get(): /reads.ctk: No such file or directory (/var/www/html/chitkar/protected/commands/remoteStatsCommand.php:75)
Stack trace:
#0 /var/www/html/chitkar/protected/commands/remoteStatsCommand.php(75): ftp_get()
#1 /var/www/html/chitkar/protected/framework/console/CConsoleCommandRunner.php(71): remoteStatsCommand->run()
#2 /var/www/html/chitkar/protected/framework/console/CConsoleApplication.php(92): CConsoleCommandRunner->run()
#3 /var/www/html/chitkar/protected/framework/base/CApplication.php(185): CConsoleApplication->processRequest()
#4 /var/www/html/chitkar/cron.php(6): CConsoleApplication->run()

2026/01/30 06:10:02 [error] [php] ftp_get(): /reads.ctk: No such file or directory (/var/www/html/chitkar/protected/commands/remoteStatsCommand.php:75)
Stack trace:
#0 /var/www/html/chitkar/protected/commands/remoteStatsCommand.php(75): ftp_get()
#1 /var/www/html/chitkar/protected/framework/console/CConsoleCommandRunner.php(71): remoteStatsCommand->run()
#2 /var/www/html/chitkar/protected/framework/console/CConsoleApplication.php(92): CConsoleCommandRunner->run()
#3 /var/www/html/chitkar/protected/framework/base/CApplication.php(185): CConsoleApplication->processRequest()
#4 /var/www/html/chitkar/cron.php(6): CConsoleApplication->run()

2026/01/30 06:48:01 [error] [php] ftp_get(): /reads.ctk: No such file or directory (/var/www/html/chitkar/protected/commands/remoteStatsCommand.php:75)
Stack trace:
#0 /var/www/html/chitkar/protected/commands/remoteStatsCommand.php(75): ftp_get()
#1 /var/www/html/chitkar/protected/framework/console/CConsoleCommandRunner.php(71): remoteStatsCommand->run()
#2 /var/www/html/chitkar/protected/framework/console/CConsoleApplication.php(92): CConsoleCommandRunner->run()
#3 /var/www/html/chitkar/protected/framework/base/CApplication.php(185): CConsoleApplication->processRequest()
#4 /var/www/html/chitkar/cron.php(6): CConsoleApplication->run()

2026/01/30 07:22:01 [error] [php] ftp_get(): /reads.ctk: No such file or directory (/var/www/html/chitkar/protected/commands/remoteStatsCommand.php:75)
Stack trace:
#0 /var/www/html/chitkar/protected/commands/remoteStatsCommand.php(75): ftp_get()
#1 /var/www/html/chitkar/protected/framework/console/CConsoleCommandRunner.php(71): remoteStatsCommand->run()
#2 /var/www/html/chitkar/protected/framework/console/CConsoleApplication.php(92): CConsoleCommandRunner->run()
#3 /var/www/html/chitkar/protected/framework/base/CApplication.php(185): CConsoleApplication->processRequest()
#4 /var/www/html/chitkar/cron.php(6): CConsoleApplication->run()

2026/01/30 07:56:01 [error] [php] ftp_get(): /reads.ctk: No such file or directory (/var/www/html/chitkar/protected/commands/remoteStatsCommand.php:75)
Stack trace:
#0 /var/www/html/chitkar/protected/commands/remoteStatsCommand.php(75): ftp_get()
#1 /var/www/html/chitkar/protected/framework/console/CConsoleCommandRunner.php(71): remoteStatsCommand->run()
#2 /var/www/html/chitkar/protected/framework/console/CConsoleApplication.php(92): CConsoleCommandRunner->run()
#3 /var/www/html/chitkar/protected/framework/base/CApplication.php(185): CConsoleApplication->processRequest()
#4 /var/www/html/chitkar/cron.php(6): CConsoleApplication->run()

2026/01/30 08:30:02 [error] [php] ftp_get(): /reads.ctk: No such file or directory (/var/www/html/chitkar/protected/commands/remoteStatsCommand.php:75)
Stack trace:
#0 /var/www/html/chitkar/protected/commands/remoteStatsCommand.php(75): ftp_get()
#1 /var/www/html/chitkar/protected/framework/console/CConsoleCommandRunner.php(71): remoteStatsCommand->run()
#2 /var/www/html/chitkar/protected/framework/console/CConsoleApplication.php(92): CConsoleCommandRunner->run()
#3 /var/www/html/chitkar/protected/framework/base/CApplication.php(185): CConsoleApplication->processRequest()
#4 /var/www/html/chitkar/cron.php(6): CConsoleApplication->run()

2026/01/30 09:04:01 [error] [php] ftp_get(): /reads.ctk: No such file or directory (/var/www/html/chitkar/protected/commands/remoteStatsCommand.php:75)
Stack trace:
#0 /var/www/html/chitkar/protected/commands/remoteStatsCommand.php(75): ftp_get()
#1 /var/www/html/chitkar/protected/framework/console/CConsoleCommandRunner.php(71): remoteStatsCommand->run()
#2 /var/www/html/chitkar/protected/framework/console/CConsoleApplication.php(92): CConsoleCommandRunner->run()
#3 /var/www/html/chitkar/protected/framework/base/CApplication.php(185): CConsoleApplication->processRequest()
#4 /var/www/html/chitkar/cron.php(6): CConsoleApplication->run()

2026/01/30 09:38:01 [error] [php] ftp_get(): /reads.ctk: No such file or directory (/var/www/html/chitkar/protected/commands/remoteStatsCommand.php:75)
Stack trace:
#0 /var/www/html/chitkar/protected/commands/remoteStatsCommand.php(75): ftp_get()
#1 /var/www/html/chitkar/protected/framework/console/CConsoleCommandRunner.php(71): remoteStatsCommand->run()
#2 /var/www/html/chitkar/protected/framework/console/CConsoleApplication.php(92): CConsoleCommandRunner->run()
#3 /var/www/html/chitkar/protected/framework/base/CApplication.php(185): CConsoleApplication->processRequest()
#4 /var/www/html/chitkar/cron.php(6): CConsoleApplication->run()

2026/01/30 10:14:02 [error] [php] ftp_get(): /reads.ctk: No such file or directory (/var/www/html/chitkar/protected/commands/remoteStatsCommand.php:75)
Stack trace:
#0 /var/www/html/chitkar/protected/commands/remoteStatsCommand.php(75): ftp_get()
#1 /var/www/html/chitkar/protected/framework/console/CConsoleCommandRunner.php(71): remoteStatsCommand->run()
#2 /var/www/html/chitkar/protected/framework/console/CConsoleApplication.php(92): CConsoleCommandRunner->run()
#3 /var/www/html/chitkar/protected/framework/base/CApplication.php(185): CConsoleApplication->processRequest()
#4 /var/www/html/chitkar/cron.php(6): CConsoleApplication->run()

2026/01/30 10:48:01 [error] [php] ftp_get(): /reads.ctk: No such file or directory (/var/www/html/chitkar/protected/commands/remoteStatsCommand.php:75)
Stack trace:
#0 /var/www/html/chitkar/protected/commands/remoteStatsCommand.php(75): ftp_get()
#1 /var/www/html/chitkar/protected/framework/console/CConsoleCommandRunner.php(71): remoteStatsCommand->run()
#2 /var/www/html/chitkar/protected/framework/console/CConsoleApplication.php(92): CConsoleCommandRunner->run()
#3 /var/www/html/chitkar/protected/framework/base/CApplication.php(185): CConsoleApplication->processRequest()
#4 /var/www/html/chitkar/cron.php(6): CConsoleApplication->run()

2026/01/30 11:22:01 [error] [php] ftp_get(): /reads.ctk: No such file or directory (/var/www/html/chitkar/protected/commands/remoteStatsCommand.php:75)
Stack trace:
#0 /var/www/html/chitkar/protected/commands/remoteStatsCommand.php(75): ftp_get()
#1 /var/www/html/chitkar/protected/framework/console/CConsoleCommandRunner.php(71): remoteStatsCommand->run()
#2 /var/www/html/chitkar/protected/framework/console/CConsoleApplication.php(92): CConsoleCommandRunner->run()
#3 /var/www/html/chitkar/protected/framework/base/CApplication.php(185): CConsoleApplication->processRequest()
#4 /var/www/html/chitkar/cron.php(6): CConsoleApplication->run()

2026/01/30 12:00:02 [error] [php] ftp_get(): /reads.ctk: No such file or directory (/var/www/html/chitkar/protected/commands/remoteStatsCommand.php:75)
Stack trace:
#0 /var/www/html/chitkar/protected/commands/remoteStatsCommand.php(75): ftp_get()
#1 /var/www/html/chitkar/protected/framework/console/CConsoleCommandRunner.php(71): remoteStatsCommand->run()
#2 /var/www/html/chitkar/protected/framework/console/CConsoleApplication.php(92): CConsoleCommandRunner->run()
#3 /var/www/html/chitkar/protected/framework/base/CApplication.php(185): CConsoleApplication->processRequest()
#4 /var/www/html/chitkar/cron.php(6): CConsoleApplication->run()

2026/01/30 12:34:01 [error] [php] ftp_get(): /reads.ctk: No such file or directory (/var/www/html/chitkar/protected/commands/remoteStatsCommand.php:75)
Stack trace:
#0 /var/www/html/chitkar/protected/commands/remoteStatsCommand.php(75): ftp_get()
#1 /var/www/html/chitkar/protected/framework/console/CConsoleCommandRunner.php(71): remoteStatsCommand->run()
#2 /var/www/html/chitkar/protected/framework/console/CConsoleApplication.php(92): CConsoleCommandRunner->run()
#3 /var/www/html/chitkar/protected/framework/base/CApplication.php(185): CConsoleApplication->processRequest()
#4 /var/www/html/chitkar/cron.php(6): CConsoleApplication->run()

2026/01/30 13:08:01 [error] [php] ftp_get(): /reads.ctk: No such file or directory (/var/www/html/chitkar/protected/commands/remoteStatsCommand.php:75)
Stack trace:
#0 /var/www/html/chitkar/protected/commands/remoteStatsCommand.php(75): ftp_get()
#1 /var/www/html/chitkar/protected/framework/console/CConsoleCommandRunner.php(71): remoteStatsCommand->run()
#2 /var/www/html/chitkar/protected/framework/console/CConsoleApplication.php(92): CConsoleCommandRunner->run()
#3 /var/www/html/chitkar/protected/framework/base/CApplication.php(185): CConsoleApplication->processRequest()
#4 /var/www/html/chitkar/cron.php(6): CConsoleApplication->run()

2026/01/30 14:36:01 [error] [php] ftp_get(): /reads.ctk: No such file or directory (/var/www/html/chitkar/protected/commands/remoteStatsCommand.php:75)
Stack trace:
#0 /var/www/html/chitkar/protected/commands/remoteStatsCommand.php(75): ftp_get()
#1 /var/www/html/chitkar/protected/framework/console/CConsoleCommandRunner.php(71): remoteStatsCommand->run()
#2 /var/www/html/chitkar/protected/framework/console/CConsoleApplication.php(92): CConsoleCommandRunner->run()
#3 /var/www/html/chitkar/protected/framework/base/CApplication.php(185): CConsoleApplication->processRequest()
#4 /var/www/html/chitkar/cron.php(6): CConsoleApplication->run()

2026/01/30 15:22:01 [error] [php] ftp_get(): /reads.ctk: No such file or directory (/var/www/html/chitkar/protected/commands/remoteStatsCommand.php:75)
Stack trace:
#0 /var/www/html/chitkar/protected/commands/remoteStatsCommand.php(75): ftp_get()
#1 /var/www/html/chitkar/protected/framework/console/CConsoleCommandRunner.php(71): remoteStatsCommand->run()
#2 /var/www/html/chitkar/protected/framework/console/CConsoleApplication.php(92): CConsoleCommandRunner->run()
#3 /var/www/html/chitkar/protected/framework/base/CApplication.php(185): CConsoleApplication->processRequest()
#4 /var/www/html/chitkar/cron.php(6): CConsoleApplication->run()

2026/01/30 16:02:01 [error] [php] ftp_get(): /reads.ctk: No such file or directory (/var/www/html/chitkar/protected/commands/remoteStatsCommand.php:75)
Stack trace:
#0 /var/www/html/chitkar/protected/commands/remoteStatsCommand.php(75): ftp_get()
#1 /var/www/html/chitkar/protected/framework/console/CConsoleCommandRunner.php(71): remoteStatsCommand->run()
#2 /var/www/html/chitkar/protected/framework/console/CConsoleApplication.php(92): CConsoleCommandRunner->run()
#3 /var/www/html/chitkar/protected/framework/base/CApplication.php(185): CConsoleApplication->processRequest()
#4 /var/www/html/chitkar/cron.php(6): CConsoleApplication->run()

2026/01/30 16:48:02 [error] [php] ftp_get(): /reads.ctk: No such file or directory (/var/www/html/chitkar/protected/commands/remoteStatsCommand.php:75)
Stack trace:
#0 /var/www/html/chitkar/protected/commands/remoteStatsCommand.php(75): ftp_get()
#1 /var/www/html/chitkar/protected/framework/console/CConsoleCommandRunner.php(71): remoteStatsCommand->run()
#2 /var/www/html/chitkar/protected/framework/console/CConsoleApplication.php(92): CConsoleCommandRunner->run()
#3 /var/www/html/chitkar/protected/framework/base/CApplication.php(185): CConsoleApplication->processRequest()
#4 /var/www/html/chitkar/cron.php(6): CConsoleApplication->run()

2026/01/30 17:22:01 [error] [php] ftp_get(): /reads.ctk: No such file or directory (/var/www/html/chitkar/protected/commands/remoteStatsCommand.php:75)
Stack trace:
#0 /var/www/html/chitkar/protected/commands/remoteStatsCommand.php(75): ftp_get()
#1 /var/www/html/chitkar/protected/framework/console/CConsoleCommandRunner.php(71): remoteStatsCommand->run()
#2 /var/www/html/chitkar/protected/framework/console/CConsoleApplication.php(92): CConsoleCommandRunner->run()
#3 /var/www/html/chitkar/protected/framework/base/CApplication.php(185): CConsoleApplication->processRequest()
#4 /var/www/html/chitkar/cron.php(6): CConsoleApplication->run()

2026/01/30 17:58:01 [error] [php] ftp_get(): /reads.ctk: No such file or directory (/var/www/html/chitkar/protected/commands/remoteStatsCommand.php:75)
Stack trace:
#0 /var/www/html/chitkar/protected/commands/remoteStatsCommand.php(75): ftp_get()
#1 /var/www/html/chitkar/protected/framework/console/CConsoleCommandRunner.php(71): remoteStatsCommand->run()
#2 /var/www/html/chitkar/protected/framework/console/CConsoleApplication.php(92): CConsoleCommandRunner->run()
#3 /var/www/html/chitkar/protected/framework/base/CApplication.php(185): CConsoleApplication->processRequest()
#4 /var/www/html/chitkar/cron.php(6): CConsoleApplication->run()

2026/01/30 18:32:02 [error] [php] ftp_get(): /reads.ctk: No such file or directory (/var/www/html/chitkar/protected/commands/remoteStatsCommand.php:75)
Stack trace:
#0 /var/www/html/chitkar/protected/commands/remoteStatsCommand.php(75): ftp_get()
#1 /var/www/html/chitkar/protected/framework/console/CConsoleCommandRunner.php(71): remoteStatsCommand->run()
#2 /var/www/html/chitkar/protected/framework/console/CConsoleApplication.php(92): CConsoleCommandRunner->run()
#3 /var/www/html/chitkar/protected/framework/base/CApplication.php(185): CConsoleApplication->processRequest()
#4 /var/www/html/chitkar/cron.php(6): CConsoleApplication->run()

2026/01/30 19:08:01 [error] [php] ftp_get(): /reads.ctk: No such file or directory (/var/www/html/chitkar/protected/commands/remoteStatsCommand.php:75)
Stack trace:
#0 /var/www/html/chitkar/protected/commands/remoteStatsCommand.php(75): ftp_get()
#1 /var/www/html/chitkar/protected/framework/console/CConsoleCommandRunner.php(71): remoteStatsCommand->run()
#2 /var/www/html/chitkar/protected/framework/console/CConsoleApplication.php(92): CConsoleCommandRunner->run()
#3 /var/www/html/chitkar/protected/framework/base/CApplication.php(185): CConsoleApplication->processRequest()
#4 /var/www/html/chitkar/cron.php(6): CConsoleApplication->run()

2026/01/30 19:42:01 [error] [php] ftp_get(): /reads.ctk: No such file or directory (/var/www/html/chitkar/protected/commands/remoteStatsCommand.php:75)
Stack trace:
#0 /var/www/html/chitkar/protected/commands/remoteStatsCommand.php(75): ftp_get()
#1 /var/www/html/chitkar/protected/framework/console/CConsoleCommandRunner.php(71): remoteStatsCommand->run()
#2 /var/www/html/chitkar/protected/framework/console/CConsoleApplication.php(92): CConsoleCommandRunner->run()
#3 /var/www/html/chitkar/protected/framework/base/CApplication.php(185): CConsoleApplication->processRequest()
#4 /var/www/html/chitkar/cron.php(6): CConsoleApplication->run()

2026/01/30 20:16:01 [error] [php] ftp_get(): /reads.ctk: No such file or directory (/var/www/html/chitkar/protected/commands/remoteStatsCommand.php:75)
Stack trace:
#0 /var/www/html/chitkar/protected/commands/remoteStatsCommand.php(75): ftp_get()
#1 /var/www/html/chitkar/protected/framework/console/CConsoleCommandRunner.php(71): remoteStatsCommand->run()
#2 /var/www/html/chitkar/protected/framework/console/CConsoleApplication.php(92): CConsoleCommandRunner->run()
#3 /var/www/html/chitkar/protected/framework/base/CApplication.php(185): CConsoleApplication->processRequest()
#4 /var/www/html/chitkar/cron.php(6): CConsoleApplication->run()

2026/01/30 20:54:01 [error] [php] ftp_get(): /reads.ctk: No such file or directory (/var/www/html/chitkar/protected/commands/remoteStatsCommand.php:75)
Stack trace:
#0 /var/www/html/chitkar/protected/commands/remoteStatsCommand.php(75): ftp_get()
#1 /var/www/html/chitkar/protected/framework/console/CConsoleCommandRunner.php(71): remoteStatsCommand->run()
#2 /var/www/html/chitkar/protected/framework/console/CConsoleApplication.php(92): CConsoleCommandRunner->run()
#3 /var/www/html/chitkar/protected/framework/base/CApplication.php(185): CConsoleApplication->processRequest()
#4 /var/www/html/chitkar/cron.php(6): CConsoleApplication->run()

2026/01/30 21:32:01 [error] [php] ftp_get(): /reads.ctk: No such file or directory (/var/www/html/chitkar/protected/commands/remoteStatsCommand.php:75)
Stack trace:
#0 /var/www/html/chitkar/protected/commands/remoteStatsCommand.php(75): ftp_get()
#1 /var/www/html/chitkar/protected/framework/console/CConsoleCommandRunner.php(71): remoteStatsCommand->run()
#2 /var/www/html/chitkar/protected/framework/console/CConsoleApplication.php(92): CConsoleCommandRunner->run()
#3 /var/www/html/chitkar/protected/framework/base/CApplication.php(185): CConsoleApplication->processRequest()
#4 /var/www/html/chitkar/cron.php(6): CConsoleApplication->run()

2026/01/30 22:06:02 [error] [php] ftp_get(): /reads.ctk: No such file or directory (/var/www/html/chitkar/protected/commands/remoteStatsCommand.php:75)
Stack trace:
#0 /var/www/html/chitkar/protected/commands/remoteStatsCommand.php(75): ftp_get()
#1 /var/www/html/chitkar/protected/framework/console/CConsoleCommandRunner.php(71): remoteStatsCommand->run()
#2 /var/www/html/chitkar/protected/framework/console/CConsoleApplication.php(92): CConsoleCommandRunner->run()
#3 /var/www/html/chitkar/protected/framework/base/CApplication.php(185): CConsoleApplication->processRequest()
#4 /var/www/html/chitkar/cron.php(6): CConsoleApplication->run()

2026/01/30 22:42:01 [error] [php] ftp_get(): /reads.ctk: No such file or directory (/var/www/html/chitkar/protected/commands/remoteStatsCommand.php:75)
Stack trace:
#0 /var/www/html/chitkar/protected/commands/remoteStatsCommand.php(75): ftp_get()
#1 /var/www/html/chitkar/protected/framework/console/CConsoleCommandRunner.php(71): remoteStatsCommand->run()
#2 /var/www/html/chitkar/protected/framework/console/CConsoleApplication.php(92): CConsoleCommandRunner->run()
#3 /var/www/html/chitkar/protected/framework/base/CApplication.php(185): CConsoleApplication->processRequest()
#4 /var/www/html/chitkar/cron.php(6): CConsoleApplication->run()

2026/01/30 23:16:01 [error] [php] ftp_get(): /reads.ctk: No such file or directory (/var/www/html/chitkar/protected/commands/remoteStatsCommand.php:75)
Stack trace:
#0 /var/www/html/chitkar/protected/commands/remoteStatsCommand.php(75): ftp_get()
#1 /var/www/html/chitkar/protected/framework/console/CConsoleCommandRunner.php(71): remoteStatsCommand->run()
#2 /var/www/html/chitkar/protected/framework/console/CConsoleApplication.php(92): CConsoleCommandRunner->run()
#3 /var/www/html/chitkar/protected/framework/base/CApplication.php(185): CConsoleApplication->processRequest()
#4 /var/www/html/chitkar/cron.php(6): CConsoleApplication->run()

2026/01/30 23:50:02 [error] [php] ftp_get(): /reads.ctk: No such file or directory (/var/www/html/chitkar/protected/commands/remoteStatsCommand.php:75)
Stack trace:
#0 /var/www/html/chitkar/protected/commands/remoteStatsCommand.php(75): ftp_get()
#1 /var/www/html/chitkar/protected/framework/console/CConsoleCommandRunner.php(71): remoteStatsCommand->run()
#2 /var/www/html/chitkar/protected/framework/console/CConsoleApplication.php(92): CConsoleCommandRunner->run()
#3 /var/www/html/chitkar/protected/framework/base/CApplication.php(185): CConsoleApplication->processRequest()
#4 /var/www/html/chitkar/cron.php(6): CConsoleApplication->run()

2026/01/31 00:24:01 [error] [php] ftp_get(): /reads.ctk: No such file or directory (/var/www/html/chitkar/protected/commands/remoteStatsCommand.php:75)
Stack trace:
#0 /var/www/html/chitkar/protected/commands/remoteStatsCommand.php(75): ftp_get()
#1 /var/www/html/chitkar/protected/framework/console/CConsoleCommandRunner.php(71): remoteStatsCommand->run()
#2 /var/www/html/chitkar/protected/framework/console/CConsoleApplication.php(92): CConsoleCommandRunner->run()
#3 /var/www/html/chitkar/protected/framework/base/CApplication.php(185): CConsoleApplication->processRequest()
#4 /var/www/html/chitkar/cron.php(6): CConsoleApplication->run()

2026/01/31 01:00:01 [error] [php] ftp_get(): /reads.ctk: No such file or directory (/var/www/html/chitkar/protected/commands/remoteStatsCommand.php:75)
Stack trace:
#0 /var/www/html/chitkar/protected/commands/remoteStatsCommand.php(75): ftp_get()
#1 /var/www/html/chitkar/protected/framework/console/CConsoleCommandRunner.php(71): remoteStatsCommand->run()
#2 /var/www/html/chitkar/protected/framework/console/CConsoleApplication.php(92): CConsoleCommandRunner->run()
#3 /var/www/html/chitkar/protected/framework/base/CApplication.php(185): CConsoleApplication->processRequest()
#4 /var/www/html/chitkar/cron.php(6): CConsoleApplication->run()

2026/01/31 01:38:01 [error] [php] ftp_get(): /reads.ctk: No such file or directory (/var/www/html/chitkar/protected/commands/remoteStatsCommand.php:75)
Stack trace:
#0 /var/www/html/chitkar/protected/commands/remoteStatsCommand.php(75): ftp_get()
#1 /var/www/html/chitkar/protected/framework/console/CConsoleCommandRunner.php(71): remoteStatsCommand->run()
#2 /var/www/html/chitkar/protected/framework/console/CConsoleApplication.php(92): CConsoleCommandRunner->run()
#3 /var/www/html/chitkar/protected/framework/base/CApplication.php(185): CConsoleApplication->processRequest()
#4 /var/www/html/chitkar/cron.php(6): CConsoleApplication->run()

2026/01/31 02:14:01 [error] [php] ftp_get(): /reads.ctk: No such file or directory (/var/www/html/chitkar/protected/commands/remoteStatsCommand.php:75)
Stack trace:
#0 /var/www/html/chitkar/protected/commands/remoteStatsCommand.php(75): ftp_get()
#1 /var/www/html/chitkar/protected/framework/console/CConsoleCommandRunner.php(71): remoteStatsCommand->run()
#2 /var/www/html/chitkar/protected/framework/console/CConsoleApplication.php(92): CConsoleCommandRunner->run()
#3 /var/www/html/chitkar/protected/framework/base/CApplication.php(185): CConsoleApplication->processRequest()
#4 /var/www/html/chitkar/cron.php(6): CConsoleApplication->run()

2026/01/31 02:48:01 [error] [php] ftp_get(): /reads.ctk: No such file or directory (/var/www/html/chitkar/protected/commands/remoteStatsCommand.php:75)
Stack trace:
#0 /var/www/html/chitkar/protected/commands/remoteStatsCommand.php(75): ftp_get()
#1 /var/www/html/chitkar/protected/framework/console/CConsoleCommandRunner.php(71): remoteStatsCommand->run()
#2 /var/www/html/chitkar/protected/framework/console/CConsoleApplication.php(92): CConsoleCommandRunner->run()
#3 /var/www/html/chitkar/protected/framework/base/CApplication.php(185): CConsoleApplication->processRequest()
#4 /var/www/html/chitkar/cron.php(6): CConsoleApplication->run()

2026/01/31 03:24:01 [error] [php] ftp_get(): /reads.ctk: No such file or directory (/var/www/html/chitkar/protected/commands/remoteStatsCommand.php:75)
Stack trace:
#0 /var/www/html/chitkar/protected/commands/remoteStatsCommand.php(75): ftp_get()
#1 /var/www/html/chitkar/protected/framework/console/CConsoleCommandRunner.php(71): remoteStatsCommand->run()
#2 /var/www/html/chitkar/protected/framework/console/CConsoleApplication.php(92): CConsoleCommandRunner->run()
#3 /var/www/html/chitkar/protected/framework/base/CApplication.php(185): CConsoleApplication->processRequest()
#4 /var/www/html/chitkar/cron.php(6): CConsoleApplication->run()

2026/01/31 03:56:01 [error] [php] ftp_get(): /reads.ctk: No such file or directory (/var/www/html/chitkar/protected/commands/remoteStatsCommand.php:75)
Stack trace:
#0 /var/www/html/chitkar/protected/commands/remoteStatsCommand.php(75): ftp_get()
#1 /var/www/html/chitkar/protected/framework/console/CConsoleCommandRunner.php(71): remoteStatsCommand->run()
#2 /var/www/html/chitkar/protected/framework/console/CConsoleApplication.php(92): CConsoleCommandRunner->run()
#3 /var/www/html/chitkar/protected/framework/base/CApplication.php(185): CConsoleApplication->processRequest()
#4 /var/www/html/chitkar/cron.php(6): CConsoleApplication->run()

2026/01/31 04:30:02 [error] [php] ftp_get(): /reads.ctk: No such file or directory (/var/www/html/chitkar/protected/commands/remoteStatsCommand.php:75)
Stack trace:
#0 /var/www/html/chitkar/protected/commands/remoteStatsCommand.php(75): ftp_get()
#1 /var/www/html/chitkar/protected/framework/console/CConsoleCommandRunner.php(71): remoteStatsCommand->run()
#2 /var/www/html/chitkar/protected/framework/console/CConsoleApplication.php(92): CConsoleCommandRunner->run()
#3 /var/www/html/chitkar/protected/framework/base/CApplication.php(185): CConsoleApplication->processRequest()
#4 /var/www/html/chitkar/cron.php(6): CConsoleApplication->run()

2026/01/31 05:04:01 [error] [php] ftp_get(): /reads.ctk: No such file or directory (/var/www/html/chitkar/protected/commands/remoteStatsCommand.php:75)
Stack trace:
#0 /var/www/html/chitkar/protected/commands/remoteStatsCommand.php(75): ftp_get()
#1 /var/www/html/chitkar/protected/framework/console/CConsoleCommandRunner.php(71): remoteStatsCommand->run()
#2 /var/www/html/chitkar/protected/framework/console/CConsoleApplication.php(92): CConsoleCommandRunner->run()
#3 /var/www/html/chitkar/protected/framework/base/CApplication.php(185): CConsoleApplication->processRequest()
#4 /var/www/html/chitkar/cron.php(6): CConsoleApplication->run()

2026/01/31 05:38:01 [error] [php] ftp_get(): /reads.ctk: No such file or directory (/var/www/html/chitkar/protected/commands/remoteStatsCommand.php:75)
Stack trace:
#0 /var/www/html/chitkar/protected/commands/remoteStatsCommand.php(75): ftp_get()
#1 /var/www/html/chitkar/protected/framework/console/CConsoleCommandRunner.php(71): remoteStatsCommand->run()
#2 /var/www/html/chitkar/protected/framework/console/CConsoleApplication.php(92): CConsoleCommandRunner->run()
#3 /var/www/html/chitkar/protected/framework/base/CApplication.php(185): CConsoleApplication->processRequest()
#4 /var/www/html/chitkar/cron.php(6): CConsoleApplication->run()

2026/01/31 06:12:01 [error] [php] ftp_get(): /reads.ctk: No such file or directory (/var/www/html/chitkar/protected/commands/remoteStatsCommand.php:75)
Stack trace:
#0 /var/www/html/chitkar/protected/commands/remoteStatsCommand.php(75): ftp_get()
#1 /var/www/html/chitkar/protected/framework/console/CConsoleCommandRunner.php(71): remoteStatsCommand->run()
#2 /var/www/html/chitkar/protected/framework/console/CConsoleApplication.php(92): CConsoleCommandRunner->run()
#3 /var/www/html/chitkar/protected/framework/base/CApplication.php(185): CConsoleApplication->processRequest()
#4 /var/www/html/chitkar/cron.php(6): CConsoleApplication->run()

2026/01/31 06:48:01 [error] [php] ftp_get(): /reads.ctk: No such file or directory (/var/www/html/chitkar/protected/commands/remoteStatsCommand.php:75)
Stack trace:
#0 /var/www/html/chitkar/protected/commands/remoteStatsCommand.php(75): ftp_get()
#1 /var/www/html/chitkar/protected/framework/console/CConsoleCommandRunner.php(71): remoteStatsCommand->run()
#2 /var/www/html/chitkar/protected/framework/console/CConsoleApplication.php(92): CConsoleCommandRunner->run()
#3 /var/www/html/chitkar/protected/framework/base/CApplication.php(185): CConsoleApplication->processRequest()
#4 /var/www/html/chitkar/cron.php(6): CConsoleApplication->run()

2026/01/31 07:20:01 [error] [php] ftp_get(): /reads.ctk: No such file or directory (/var/www/html/chitkar/protected/commands/remoteStatsCommand.php:75)
Stack trace:
#0 /var/www/html/chitkar/protected/commands/remoteStatsCommand.php(75): ftp_get()
#1 /var/www/html/chitkar/protected/framework/console/CConsoleCommandRunner.php(71): remoteStatsCommand->run()
#2 /var/www/html/chitkar/protected/framework/console/CConsoleApplication.php(92): CConsoleCommandRunner->run()
#3 /var/www/html/chitkar/protected/framework/base/CApplication.php(185): CConsoleApplication->processRequest()
#4 /var/www/html/chitkar/cron.php(6): CConsoleApplication->run()

2026/01/31 07:56:01 [error] [php] ftp_get(): /reads.ctk: No such file or directory (/var/www/html/chitkar/protected/commands/remoteStatsCommand.php:75)
Stack trace:
#0 /var/www/html/chitkar/protected/commands/remoteStatsCommand.php(75): ftp_get()
#1 /var/www/html/chitkar/protected/framework/console/CConsoleCommandRunner.php(71): remoteStatsCommand->run()
#2 /var/www/html/chitkar/protected/framework/console/CConsoleApplication.php(92): CConsoleCommandRunner->run()
#3 /var/www/html/chitkar/protected/framework/base/CApplication.php(185): CConsoleApplication->processRequest()
#4 /var/www/html/chitkar/cron.php(6): CConsoleApplication->run()

2026/01/31 08:32:01 [error] [php] ftp_get(): /reads.ctk: No such file or directory (/var/www/html/chitkar/protected/commands/remoteStatsCommand.php:75)
Stack trace:
#0 /var/www/html/chitkar/protected/commands/remoteStatsCommand.php(75): ftp_get()
#1 /var/www/html/chitkar/protected/framework/console/CConsoleCommandRunner.php(71): remoteStatsCommand->run()
#2 /var/www/html/chitkar/protected/framework/console/CConsoleApplication.php(92): CConsoleCommandRunner->run()
#3 /var/www/html/chitkar/protected/framework/base/CApplication.php(185): CConsoleApplication->processRequest()
#4 /var/www/html/chitkar/cron.php(6): CConsoleApplication->run()

2026/01/31 09:06:01 [error] [php] ftp_get(): /reads.ctk: No such file or directory (/var/www/html/chitkar/protected/commands/remoteStatsCommand.php:75)
Stack trace:
#0 /var/www/html/chitkar/protected/commands/remoteStatsCommand.php(75): ftp_get()
#1 /var/www/html/chitkar/protected/framework/console/CConsoleCommandRunner.php(71): remoteStatsCommand->run()
#2 /var/www/html/chitkar/protected/framework/console/CConsoleApplication.php(92): CConsoleCommandRunner->run()
#3 /var/www/html/chitkar/protected/framework/base/CApplication.php(185): CConsoleApplication->processRequest()
#4 /var/www/html/chitkar/cron.php(6): CConsoleApplication->run()

2026/01/31 09:40:01 [error] [php] ftp_get(): /reads.ctk: No such file or directory (/var/www/html/chitkar/protected/commands/remoteStatsCommand.php:75)
Stack trace:
#0 /var/www/html/chitkar/protected/commands/remoteStatsCommand.php(75): ftp_get()
#1 /var/www/html/chitkar/protected/framework/console/CConsoleCommandRunner.php(71): remoteStatsCommand->run()
#2 /var/www/html/chitkar/protected/framework/console/CConsoleApplication.php(92): CConsoleCommandRunner->run()
#3 /var/www/html/chitkar/protected/framework/base/CApplication.php(185): CConsoleApplication->processRequest()
#4 /var/www/html/chitkar/cron.php(6): CConsoleApplication->run()

2026/01/31 10:16:01 [error] [php] ftp_get(): /reads.ctk: No such file or directory (/var/www/html/chitkar/protected/commands/remoteStatsCommand.php:75)
Stack trace:
#0 /var/www/html/chitkar/protected/commands/remoteStatsCommand.php(75): ftp_get()
#1 /var/www/html/chitkar/protected/framework/console/CConsoleCommandRunner.php(71): remoteStatsCommand->run()
#2 /var/www/html/chitkar/protected/framework/console/CConsoleApplication.php(92): CConsoleCommandRunner->run()
#3 /var/www/html/chitkar/protected/framework/base/CApplication.php(185): CConsoleApplication->processRequest()
#4 /var/www/html/chitkar/cron.php(6): CConsoleApplication->run()

2026/01/31 10:50:02 [error] [php] ftp_get(): /reads.ctk: No such file or directory (/var/www/html/chitkar/protected/commands/remoteStatsCommand.php:75)
Stack trace:
#0 /var/www/html/chitkar/protected/commands/remoteStatsCommand.php(75): ftp_get()
#1 /var/www/html/chitkar/protected/framework/console/CConsoleCommandRunner.php(71): remoteStatsCommand->run()
#2 /var/www/html/chitkar/protected/framework/console/CConsoleApplication.php(92): CConsoleCommandRunner->run()
#3 /var/www/html/chitkar/protected/framework/base/CApplication.php(185): CConsoleApplication->processRequest()
#4 /var/www/html/chitkar/cron.php(6): CConsoleApplication->run()

2026/01/31 11:24:02 [error] [php] ftp_get(): /reads.ctk: No such file or directory (/var/www/html/chitkar/protected/commands/remoteStatsCommand.php:75)
Stack trace:
#0 /var/www/html/chitkar/protected/commands/remoteStatsCommand.php(75): ftp_get()
#1 /var/www/html/chitkar/protected/framework/console/CConsoleCommandRunner.php(71): remoteStatsCommand->run()
#2 /var/www/html/chitkar/protected/framework/console/CConsoleApplication.php(92): CConsoleCommandRunner->run()
#3 /var/www/html/chitkar/protected/framework/base/CApplication.php(185): CConsoleApplication->processRequest()
#4 /var/www/html/chitkar/cron.php(6): CConsoleApplication->run()

2026/01/31 12:00:01 [error] [php] ftp_get(): /reads.ctk: No such file or directory (/var/www/html/chitkar/protected/commands/remoteStatsCommand.php:75)
Stack trace:
#0 /var/www/html/chitkar/protected/commands/remoteStatsCommand.php(75): ftp_get()
#1 /var/www/html/chitkar/protected/framework/console/CConsoleCommandRunner.php(71): remoteStatsCommand->run()
#2 /var/www/html/chitkar/protected/framework/console/CConsoleApplication.php(92): CConsoleCommandRunner->run()
#3 /var/www/html/chitkar/protected/framework/base/CApplication.php(185): CConsoleApplication->processRequest()
#4 /var/www/html/chitkar/cron.php(6): CConsoleApplication->run()

2026/01/31 12:36:01 [error] [php] ftp_get(): /reads.ctk: No such file or directory (/var/www/html/chitkar/protected/commands/remoteStatsCommand.php:75)
Stack trace:
#0 /var/www/html/chitkar/protected/commands/remoteStatsCommand.php(75): ftp_get()
#1 /var/www/html/chitkar/protected/framework/console/CConsoleCommandRunner.php(71): remoteStatsCommand->run()
#2 /var/www/html/chitkar/protected/framework/console/CConsoleApplication.php(92): CConsoleCommandRunner->run()
#3 /var/www/html/chitkar/protected/framework/base/CApplication.php(185): CConsoleApplication->processRequest()
#4 /var/www/html/chitkar/cron.php(6): CConsoleApplication->run()

2026/01/31 13:14:01 [error] [php] ftp_get(): /reads.ctk: No such file or directory (/var/www/html/chitkar/protected/commands/remoteStatsCommand.php:75)
Stack trace:
#0 /var/www/html/chitkar/protected/commands/remoteStatsCommand.php(75): ftp_get()
#1 /var/www/html/chitkar/protected/framework/console/CConsoleCommandRunner.php(71): remoteStatsCommand->run()
#2 /var/www/html/chitkar/protected/framework/console/CConsoleApplication.php(92): CConsoleCommandRunner->run()
#3 /var/www/html/chitkar/protected/framework/base/CApplication.php(185): CConsoleApplication->processRequest()
#4 /var/www/html/chitkar/cron.php(6): CConsoleApplication->run()

2026/01/31 13:50:02 [error] [php] ftp_get(): /reads.ctk: No such file or directory (/var/www/html/chitkar/protected/commands/remoteStatsCommand.php:75)
Stack trace:
#0 /var/www/html/chitkar/protected/commands/remoteStatsCommand.php(75): ftp_get()
#1 /var/www/html/chitkar/protected/framework/console/CConsoleCommandRunner.php(71): remoteStatsCommand->run()
#2 /var/www/html/chitkar/protected/framework/console/CConsoleApplication.php(92): CConsoleCommandRunner->run()
#3 /var/www/html/chitkar/protected/framework/base/CApplication.php(185): CConsoleApplication->processRequest()
#4 /var/www/html/chitkar/cron.php(6): CConsoleApplication->run()

2026/01/31 14:24:01 [error] [php] ftp_get(): /reads.ctk: No such file or directory (/var/www/html/chitkar/protected/commands/remoteStatsCommand.php:75)
Stack trace:
#0 /var/www/html/chitkar/protected/commands/remoteStatsCommand.php(75): ftp_get()
#1 /var/www/html/chitkar/protected/framework/console/CConsoleCommandRunner.php(71): remoteStatsCommand->run()
#2 /var/www/html/chitkar/protected/framework/console/CConsoleApplication.php(92): CConsoleCommandRunner->run()
#3 /var/www/html/chitkar/protected/framework/base/CApplication.php(185): CConsoleApplication->processRequest()
#4 /var/www/html/chitkar/cron.php(6): CConsoleApplication->run()

2026/01/31 14:58:01 [error] [php] ftp_get(): /reads.ctk: No such file or directory (/var/www/html/chitkar/protected/commands/remoteStatsCommand.php:75)
Stack trace:
#0 /var/www/html/chitkar/protected/commands/remoteStatsCommand.php(75): ftp_get()
#1 /var/www/html/chitkar/protected/framework/console/CConsoleCommandRunner.php(71): remoteStatsCommand->run()
#2 /var/www/html/chitkar/protected/framework/console/CConsoleApplication.php(92): CConsoleCommandRunner->run()
#3 /var/www/html/chitkar/protected/framework/base/CApplication.php(185): CConsoleApplication->processRequest()
#4 /var/www/html/chitkar/cron.php(6): CConsoleApplication->run()

2026/01/31 15:32:01 [error] [php] ftp_get(): /reads.ctk: No such file or directory (/var/www/html/chitkar/protected/commands/remoteStatsCommand.php:75)
Stack trace:
#0 /var/www/html/chitkar/protected/commands/remoteStatsCommand.php(75): ftp_get()
#1 /var/www/html/chitkar/protected/framework/console/CConsoleCommandRunner.php(71): remoteStatsCommand->run()
#2 /var/www/html/chitkar/protected/framework/console/CConsoleApplication.php(92): CConsoleCommandRunner->run()
#3 /var/www/html/chitkar/protected/framework/base/CApplication.php(185): CConsoleApplication->processRequest()
#4 /var/www/html/chitkar/cron.php(6): CConsoleApplication->run()

2026/01/31 16:08:01 [error] [php] ftp_get(): /reads.ctk: No such file or directory (/var/www/html/chitkar/protected/commands/remoteStatsCommand.php:75)
Stack trace:
#0 /var/www/html/chitkar/protected/commands/remoteStatsCommand.php(75): ftp_get()
#1 /var/www/html/chitkar/protected/framework/console/CConsoleCommandRunner.php(71): remoteStatsCommand->run()
#2 /var/www/html/chitkar/protected/framework/console/CConsoleApplication.php(92): CConsoleCommandRunner->run()
#3 /var/www/html/chitkar/protected/framework/base/CApplication.php(185): CConsoleApplication->processRequest()
#4 /var/www/html/chitkar/cron.php(6): CConsoleApplication->run()

2026/01/31 16:42:01 [error] [php] ftp_get(): /reads.ctk: No such file or directory (/var/www/html/chitkar/protected/commands/remoteStatsCommand.php:75)
Stack trace:
#0 /var/www/html/chitkar/protected/commands/remoteStatsCommand.php(75): ftp_get()
#1 /var/www/html/chitkar/protected/framework/console/CConsoleCommandRunner.php(71): remoteStatsCommand->run()
#2 /var/www/html/chitkar/protected/framework/console/CConsoleApplication.php(92): CConsoleCommandRunner->run()
#3 /var/www/html/chitkar/protected/framework/base/CApplication.php(185): CConsoleApplication->processRequest()
#4 /var/www/html/chitkar/cron.php(6): CConsoleApplication->run()

2026/01/31 17:16:01 [error] [php] ftp_get(): /reads.ctk: No such file or directory (/var/www/html/chitkar/protected/commands/remoteStatsCommand.php:75)
Stack trace:
#0 /var/www/html/chitkar/protected/commands/remoteStatsCommand.php(75): ftp_get()
#1 /var/www/html/chitkar/protected/framework/console/CConsoleCommandRunner.php(71): remoteStatsCommand->run()
#2 /var/www/html/chitkar/protected/framework/console/CConsoleApplication.php(92): CConsoleCommandRunner->run()
#3 /var/www/html/chitkar/protected/framework/base/CApplication.php(185): CConsoleApplication->processRequest()
#4 /var/www/html/chitkar/cron.php(6): CConsoleApplication->run()

2026/01/31 17:50:01 [error] [php] ftp_get(): /reads.ctk: No such file or directory (/var/www/html/chitkar/protected/commands/remoteStatsCommand.php:75)
Stack trace:
#0 /var/www/html/chitkar/protected/commands/remoteStatsCommand.php(75): ftp_get()
#1 /var/www/html/chitkar/protected/framework/console/CConsoleCommandRunner.php(71): remoteStatsCommand->run()
#2 /var/www/html/chitkar/protected/framework/console/CConsoleApplication.php(92): CConsoleCommandRunner->run()
#3 /var/www/html/chitkar/protected/framework/base/CApplication.php(185): CConsoleApplication->processRequest()
#4 /var/www/html/chitkar/cron.php(6): CConsoleApplication->run()

2026/01/31 18:24:01 [error] [php] ftp_get(): /reads.ctk: No such file or directory (/var/www/html/chitkar/protected/commands/remoteStatsCommand.php:75)
Stack trace:
#0 /var/www/html/chitkar/protected/commands/remoteStatsCommand.php(75): ftp_get()
#1 /var/www/html/chitkar/protected/framework/console/CConsoleCommandRunner.php(71): remoteStatsCommand->run()
#2 /var/www/html/chitkar/protected/framework/console/CConsoleApplication.php(92): CConsoleCommandRunner->run()
#3 /var/www/html/chitkar/protected/framework/base/CApplication.php(185): CConsoleApplication->processRequest()
#4 /var/www/html/chitkar/cron.php(6): CConsoleApplication->run()

2026/01/31 18:58:01 [error] [php] ftp_get(): /reads.ctk: No such file or directory (/var/www/html/chitkar/protected/commands/remoteStatsCommand.php:75)
Stack trace:
#0 /var/www/html/chitkar/protected/commands/remoteStatsCommand.php(75): ftp_get()
#1 /var/www/html/chitkar/protected/framework/console/CConsoleCommandRunner.php(71): remoteStatsCommand->run()
#2 /var/www/html/chitkar/protected/framework/console/CConsoleApplication.php(92): CConsoleCommandRunner->run()
#3 /var/www/html/chitkar/protected/framework/base/CApplication.php(185): CConsoleApplication->processRequest()
#4 /var/www/html/chitkar/cron.php(6): CConsoleApplication->run()

2026/01/31 19:32:02 [error] [php] ftp_get(): /reads.ctk: No such file or directory (/var/www/html/chitkar/protected/commands/remoteStatsCommand.php:75)
Stack trace:
#0 /var/www/html/chitkar/protected/commands/remoteStatsCommand.php(75): ftp_get()
#1 /var/www/html/chitkar/protected/framework/console/CConsoleCommandRunner.php(71): remoteStatsCommand->run()
#2 /var/www/html/chitkar/protected/framework/console/CConsoleApplication.php(92): CConsoleCommandRunner->run()
#3 /var/www/html/chitkar/protected/framework/base/CApplication.php(185): CConsoleApplication->processRequest()
#4 /var/www/html/chitkar/cron.php(6): CConsoleApplication->run()

2026/01/31 20:08:01 [error] [php] ftp_get(): /reads.ctk: No such file or directory (/var/www/html/chitkar/protected/commands/remoteStatsCommand.php:75)
Stack trace:
#0 /var/www/html/chitkar/protected/commands/remoteStatsCommand.php(75): ftp_get()
#1 /var/www/html/chitkar/protected/framework/console/CConsoleCommandRunner.php(71): remoteStatsCommand->run()
#2 /var/www/html/chitkar/protected/framework/console/CConsoleApplication.php(92): CConsoleCommandRunner->run()
#3 /var/www/html/chitkar/protected/framework/base/CApplication.php(185): CConsoleApplication->processRequest()
#4 /var/www/html/chitkar/cron.php(6): CConsoleApplication->run()

2026/01/31 20:44:01 [error] [php] ftp_get(): /reads.ctk: No such file or directory (/var/www/html/chitkar/protected/commands/remoteStatsCommand.php:75)
Stack trace:
#0 /var/www/html/chitkar/protected/commands/remoteStatsCommand.php(75): ftp_get()
#1 /var/www/html/chitkar/protected/framework/console/CConsoleCommandRunner.php(71): remoteStatsCommand->run()
#2 /var/www/html/chitkar/protected/framework/console/CConsoleApplication.php(92): CConsoleCommandRunner->run()
#3 /var/www/html/chitkar/protected/framework/base/CApplication.php(185): CConsoleApplication->processRequest()
#4 /var/www/html/chitkar/cron.php(6): CConsoleApplication->run()

2026/01/31 21:20:02 [error] [php] ftp_get(): /reads.ctk: No such file or directory (/var/www/html/chitkar/protected/commands/remoteStatsCommand.php:75)
Stack trace:
#0 /var/www/html/chitkar/protected/commands/remoteStatsCommand.php(75): ftp_get()
#1 /var/www/html/chitkar/protected/framework/console/CConsoleCommandRunner.php(71): remoteStatsCommand->run()
#2 /var/www/html/chitkar/protected/framework/console/CConsoleApplication.php(92): CConsoleCommandRunner->run()
#3 /var/www/html/chitkar/protected/framework/base/CApplication.php(185): CConsoleApplication->processRequest()
#4 /var/www/html/chitkar/cron.php(6): CConsoleApplication->run()

2026/01/31 21:54:01 [error] [php] ftp_get(): /reads.ctk: No such file or directory (/var/www/html/chitkar/protected/commands/remoteStatsCommand.php:75)
Stack trace:
#0 /var/www/html/chitkar/protected/commands/remoteStatsCommand.php(75): ftp_get()
#1 /var/www/html/chitkar/protected/framework/console/CConsoleCommandRunner.php(71): remoteStatsCommand->run()
#2 /var/www/html/chitkar/protected/framework/console/CConsoleApplication.php(92): CConsoleCommandRunner->run()
#3 /var/www/html/chitkar/protected/framework/base/CApplication.php(185): CConsoleApplication->processRequest()
#4 /var/www/html/chitkar/cron.php(6): CConsoleApplication->run()

2026/01/31 22:28:01 [error] [php] ftp_get(): /reads.ctk: No such file or directory (/var/www/html/chitkar/protected/commands/remoteStatsCommand.php:75)
Stack trace:
#0 /var/www/html/chitkar/protected/commands/remoteStatsCommand.php(75): ftp_get()
#1 /var/www/html/chitkar/protected/framework/console/CConsoleCommandRunner.php(71): remoteStatsCommand->run()
#2 /var/www/html/chitkar/protected/framework/console/CConsoleApplication.php(92): CConsoleCommandRunner->run()
#3 /var/www/html/chitkar/protected/framework/base/CApplication.php(185): CConsoleApplication->processRequest()
#4 /var/www/html/chitkar/cron.php(6): CConsoleApplication->run()

2026/01/31 23:02:02 [error] [php] ftp_get(): /reads.ctk: No such file or directory (/var/www/html/chitkar/protected/commands/remoteStatsCommand.php:75)
Stack trace:
#0 /var/www/html/chitkar/protected/commands/remoteStatsCommand.php(75): ftp_get()
#1 /var/www/html/chitkar/protected/framework/console/CConsoleCommandRunner.php(71): remoteStatsCommand->run()
#2 /var/www/html/chitkar/protected/framework/console/CConsoleApplication.php(92): CConsoleCommandRunner->run()
#3 /var/www/html/chitkar/protected/framework/base/CApplication.php(185): CConsoleApplication->processRequest()
#4 /var/www/html/chitkar/cron.php(6): CConsoleApplication->run()

2026/01/31 23:36:01 [error] [php] ftp_get(): /reads.ctk: No such file or directory (/var/www/html/chitkar/protected/commands/remoteStatsCommand.php:75)
Stack trace:
#0 /var/www/html/chitkar/protected/commands/remoteStatsCommand.php(75): ftp_get()
#1 /var/www/html/chitkar/protected/framework/console/CConsoleCommandRunner.php(71): remoteStatsCommand->run()
#2 /var/www/html/chitkar/protected/framework/console/CConsoleApplication.php(92): CConsoleCommandRunner->run()
#3 /var/www/html/chitkar/protected/framework/base/CApplication.php(185): CConsoleApplication->processRequest()
#4 /var/www/html/chitkar/cron.php(6): CConsoleApplication->run()

2026/02/01 00:10:01 [error] [php] ftp_get(): /reads.ctk: No such file or directory (/var/www/html/chitkar/protected/commands/remoteStatsCommand.php:75)
Stack trace:
#0 /var/www/html/chitkar/protected/commands/remoteStatsCommand.php(75): ftp_get()
#1 /var/www/html/chitkar/protected/framework/console/CConsoleCommandRunner.php(71): remoteStatsCommand->run()
#2 /var/www/html/chitkar/protected/framework/console/CConsoleApplication.php(92): CConsoleCommandRunner->run()
#3 /var/www/html/chitkar/protected/framework/base/CApplication.php(185): CConsoleApplication->processRequest()
#4 /var/www/html/chitkar/cron.php(6): CConsoleApplication->run()

2026/02/01 00:46:01 [error] [php] ftp_get(): /reads.ctk: No such file or directory (/var/www/html/chitkar/protected/commands/remoteStatsCommand.php:75)
Stack trace:
#0 /var/www/html/chitkar/protected/commands/remoteStatsCommand.php(75): ftp_get()
#1 /var/www/html/chitkar/protected/framework/console/CConsoleCommandRunner.php(71): remoteStatsCommand->run()
#2 /var/www/html/chitkar/protected/framework/console/CConsoleApplication.php(92): CConsoleCommandRunner->run()
#3 /var/www/html/chitkar/protected/framework/base/CApplication.php(185): CConsoleApplication->processRequest()
#4 /var/www/html/chitkar/cron.php(6): CConsoleApplication->run()

2026/02/01 01:20:01 [error] [php] ftp_get(): /reads.ctk: No such file or directory (/var/www/html/chitkar/protected/commands/remoteStatsCommand.php:75)
Stack trace:
#0 /var/www/html/chitkar/protected/commands/remoteStatsCommand.php(75): ftp_get()
#1 /var/www/html/chitkar/protected/framework/console/CConsoleCommandRunner.php(71): remoteStatsCommand->run()
#2 /var/www/html/chitkar/protected/framework/console/CConsoleApplication.php(92): CConsoleCommandRunner->run()
#3 /var/www/html/chitkar/protected/framework/base/CApplication.php(185): CConsoleApplication->processRequest()
#4 /var/www/html/chitkar/cron.php(6): CConsoleApplication->run()

2026/02/01 01:56:01 [error] [php] ftp_get(): /reads.ctk: No such file or directory (/var/www/html/chitkar/protected/commands/remoteStatsCommand.php:75)
Stack trace:
#0 /var/www/html/chitkar/protected/commands/remoteStatsCommand.php(75): ftp_get()
#1 /var/www/html/chitkar/protected/framework/console/CConsoleCommandRunner.php(71): remoteStatsCommand->run()
#2 /var/www/html/chitkar/protected/framework/console/CConsoleApplication.php(92): CConsoleCommandRunner->run()
#3 /var/www/html/chitkar/protected/framework/base/CApplication.php(185): CConsoleApplication->processRequest()
#4 /var/www/html/chitkar/cron.php(6): CConsoleApplication->run()

2026/02/01 02:30:01 [error] [php] ftp_get(): /reads.ctk: No such file or directory (/var/www/html/chitkar/protected/commands/remoteStatsCommand.php:75)
Stack trace:
#0 /var/www/html/chitkar/protected/commands/remoteStatsCommand.php(75): ftp_get()
#1 /var/www/html/chitkar/protected/framework/console/CConsoleCommandRunner.php(71): remoteStatsCommand->run()
#2 /var/www/html/chitkar/protected/framework/console/CConsoleApplication.php(92): CConsoleCommandRunner->run()
#3 /var/www/html/chitkar/protected/framework/base/CApplication.php(185): CConsoleApplication->processRequest()
#4 /var/www/html/chitkar/cron.php(6): CConsoleApplication->run()

2026/02/01 03:04:01 [error] [php] ftp_get(): /reads.ctk: No such file or directory (/var/www/html/chitkar/protected/commands/remoteStatsCommand.php:75)
Stack trace:
#0 /var/www/html/chitkar/protected/commands/remoteStatsCommand.php(75): ftp_get()
#1 /var/www/html/chitkar/protected/framework/console/CConsoleCommandRunner.php(71): remoteStatsCommand->run()
#2 /var/www/html/chitkar/protected/framework/console/CConsoleApplication.php(92): CConsoleCommandRunner->run()
#3 /var/www/html/chitkar/protected/framework/base/CApplication.php(185): CConsoleApplication->processRequest()
#4 /var/www/html/chitkar/cron.php(6): CConsoleApplication->run()

2026/02/01 03:38:02 [error] [php] ftp_get(): /reads.ctk: No such file or directory (/var/www/html/chitkar/protected/commands/remoteStatsCommand.php:75)
Stack trace:
#0 /var/www/html/chitkar/protected/commands/remoteStatsCommand.php(75): ftp_get()
#1 /var/www/html/chitkar/protected/framework/console/CConsoleCommandRunner.php(71): remoteStatsCommand->run()
#2 /var/www/html/chitkar/protected/framework/console/CConsoleApplication.php(92): CConsoleCommandRunner->run()
#3 /var/www/html/chitkar/protected/framework/base/CApplication.php(185): CConsoleApplication->processRequest()
#4 /var/www/html/chitkar/cron.php(6): CConsoleApplication->run()

2026/02/01 04:12:01 [error] [php] ftp_get(): /reads.ctk: No such file or directory (/var/www/html/chitkar/protected/commands/remoteStatsCommand.php:75)
Stack trace:
#0 /var/www/html/chitkar/protected/commands/remoteStatsCommand.php(75): ftp_get()
#1 /var/www/html/chitkar/protected/framework/console/CConsoleCommandRunner.php(71): remoteStatsCommand->run()
#2 /var/www/html/chitkar/protected/framework/console/CConsoleApplication.php(92): CConsoleCommandRunner->run()
#3 /var/www/html/chitkar/protected/framework/base/CApplication.php(185): CConsoleApplication->processRequest()
#4 /var/www/html/chitkar/cron.php(6): CConsoleApplication->run()

2026/02/01 04:44:01 [error] [php] ftp_get(): /reads.ctk: No such file or directory (/var/www/html/chitkar/protected/commands/remoteStatsCommand.php:75)
Stack trace:
#0 /var/www/html/chitkar/protected/commands/remoteStatsCommand.php(75): ftp_get()
#1 /var/www/html/chitkar/protected/framework/console/CConsoleCommandRunner.php(71): remoteStatsCommand->run()
#2 /var/www/html/chitkar/protected/framework/console/CConsoleApplication.php(92): CConsoleCommandRunner->run()
#3 /var/www/html/chitkar/protected/framework/base/CApplication.php(185): CConsoleApplication->processRequest()
#4 /var/www/html/chitkar/cron.php(6): CConsoleApplication->run()

2026/02/01 05:16:01 [error] [php] ftp_get(): /reads.ctk: No such file or directory (/var/www/html/chitkar/protected/commands/remoteStatsCommand.php:75)
Stack trace:
#0 /var/www/html/chitkar/protected/commands/remoteStatsCommand.php(75): ftp_get()
#1 /var/www/html/chitkar/protected/framework/console/CConsoleCommandRunner.php(71): remoteStatsCommand->run()
#2 /var/www/html/chitkar/protected/framework/console/CConsoleApplication.php(92): CConsoleCommandRunner->run()
#3 /var/www/html/chitkar/protected/framework/base/CApplication.php(185): CConsoleApplication->processRequest()
#4 /var/www/html/chitkar/cron.php(6): CConsoleApplication->run()

2026/02/01 05:52:02 [error] [php] ftp_get(): /reads.ctk: No such file or directory (/var/www/html/chitkar/protected/commands/remoteStatsCommand.php:75)
Stack trace:
#0 /var/www/html/chitkar/protected/commands/remoteStatsCommand.php(75): ftp_get()
#1 /var/www/html/chitkar/protected/framework/console/CConsoleCommandRunner.php(71): remoteStatsCommand->run()
#2 /var/www/html/chitkar/protected/framework/console/CConsoleApplication.php(92): CConsoleCommandRunner->run()
#3 /var/www/html/chitkar/protected/framework/base/CApplication.php(185): CConsoleApplication->processRequest()
#4 /var/www/html/chitkar/cron.php(6): CConsoleApplication->run()

2026/02/01 06:24:01 [error] [php] ftp_get(): /reads.ctk: No such file or directory (/var/www/html/chitkar/protected/commands/remoteStatsCommand.php:75)
Stack trace:
#0 /var/www/html/chitkar/protected/commands/remoteStatsCommand.php(75): ftp_get()
#1 /var/www/html/chitkar/protected/framework/console/CConsoleCommandRunner.php(71): remoteStatsCommand->run()
#2 /var/www/html/chitkar/protected/framework/console/CConsoleApplication.php(92): CConsoleCommandRunner->run()
#3 /var/www/html/chitkar/protected/framework/base/CApplication.php(185): CConsoleApplication->processRequest()
#4 /var/www/html/chitkar/cron.php(6): CConsoleApplication->run()

2026/02/01 06:58:02 [error] [php] ftp_get(): /reads.ctk: No such file or directory (/var/www/html/chitkar/protected/commands/remoteStatsCommand.php:75)
Stack trace:
#0 /var/www/html/chitkar/protected/commands/remoteStatsCommand.php(75): ftp_get()
#1 /var/www/html/chitkar/protected/framework/console/CConsoleCommandRunner.php(71): remoteStatsCommand->run()
#2 /var/www/html/chitkar/protected/framework/console/CConsoleApplication.php(92): CConsoleCommandRunner->run()
#3 /var/www/html/chitkar/protected/framework/base/CApplication.php(185): CConsoleApplication->processRequest()
#4 /var/www/html/chitkar/cron.php(6): CConsoleApplication->run()

2026/02/01 07:32:01 [error] [php] ftp_get(): /reads.ctk: No such file or directory (/var/www/html/chitkar/protected/commands/remoteStatsCommand.php:75)
Stack trace:
#0 /var/www/html/chitkar/protected/commands/remoteStatsCommand.php(75): ftp_get()
#1 /var/www/html/chitkar/protected/framework/console/CConsoleCommandRunner.php(71): remoteStatsCommand->run()
#2 /var/www/html/chitkar/protected/framework/console/CConsoleApplication.php(92): CConsoleCommandRunner->run()
#3 /var/www/html/chitkar/protected/framework/base/CApplication.php(185): CConsoleApplication->processRequest()
#4 /var/www/html/chitkar/cron.php(6): CConsoleApplication->run()

2026/02/01 08:06:02 [error] [php] ftp_get(): /reads.ctk: No such file or directory (/var/www/html/chitkar/protected/commands/remoteStatsCommand.php:75)
Stack trace:
#0 /var/www/html/chitkar/protected/commands/remoteStatsCommand.php(75): ftp_get()
#1 /var/www/html/chitkar/protected/framework/console/CConsoleCommandRunner.php(71): remoteStatsCommand->run()
#2 /var/www/html/chitkar/protected/framework/console/CConsoleApplication.php(92): CConsoleCommandRunner->run()
#3 /var/www/html/chitkar/protected/framework/base/CApplication.php(185): CConsoleApplication->processRequest()
#4 /var/www/html/chitkar/cron.php(6): CConsoleApplication->run()

2026/02/01 08:40:01 [error] [php] ftp_get(): /reads.ctk: No such file or directory (/var/www/html/chitkar/protected/commands/remoteStatsCommand.php:75)
Stack trace:
#0 /var/www/html/chitkar/protected/commands/remoteStatsCommand.php(75): ftp_get()
#1 /var/www/html/chitkar/protected/framework/console/CConsoleCommandRunner.php(71): remoteStatsCommand->run()
#2 /var/www/html/chitkar/protected/framework/console/CConsoleApplication.php(92): CConsoleCommandRunner->run()
#3 /var/www/html/chitkar/protected/framework/base/CApplication.php(185): CConsoleApplication->processRequest()
#4 /var/www/html/chitkar/cron.php(6): CConsoleApplication->run()

2026/02/01 09:14:01 [error] [php] ftp_get(): /reads.ctk: No such file or directory (/var/www/html/chitkar/protected/commands/remoteStatsCommand.php:75)
Stack trace:
#0 /var/www/html/chitkar/protected/commands/remoteStatsCommand.php(75): ftp_get()
#1 /var/www/html/chitkar/protected/framework/console/CConsoleCommandRunner.php(71): remoteStatsCommand->run()
#2 /var/www/html/chitkar/protected/framework/console/CConsoleApplication.php(92): CConsoleCommandRunner->run()
#3 /var/www/html/chitkar/protected/framework/base/CApplication.php(185): CConsoleApplication->processRequest()
#4 /var/www/html/chitkar/cron.php(6): CConsoleApplication->run()

2026/02/01 09:48:02 [error] [php] ftp_get(): /reads.ctk: No such file or directory (/var/www/html/chitkar/protected/commands/remoteStatsCommand.php:75)
Stack trace:
#0 /var/www/html/chitkar/protected/commands/remoteStatsCommand.php(75): ftp_get()
#1 /var/www/html/chitkar/protected/framework/console/CConsoleCommandRunner.php(71): remoteStatsCommand->run()
#2 /var/www/html/chitkar/protected/framework/console/CConsoleApplication.php(92): CConsoleCommandRunner->run()
#3 /var/www/html/chitkar/protected/framework/base/CApplication.php(185): CConsoleApplication->processRequest()
#4 /var/www/html/chitkar/cron.php(6): CConsoleApplication->run()

2026/02/01 10:20:01 [error] [php] ftp_get(): /reads.ctk: No such file or directory (/var/www/html/chitkar/protected/commands/remoteStatsCommand.php:75)
Stack trace:
#0 /var/www/html/chitkar/protected/commands/remoteStatsCommand.php(75): ftp_get()
#1 /var/www/html/chitkar/protected/framework/console/CConsoleCommandRunner.php(71): remoteStatsCommand->run()
#2 /var/www/html/chitkar/protected/framework/console/CConsoleApplication.php(92): CConsoleCommandRunner->run()
#3 /var/www/html/chitkar/protected/framework/base/CApplication.php(185): CConsoleApplication->processRequest()
#4 /var/www/html/chitkar/cron.php(6): CConsoleApplication->run()

2026/02/01 10:54:01 [error] [php] ftp_get(): /reads.ctk: No such file or directory (/var/www/html/chitkar/protected/commands/remoteStatsCommand.php:75)
Stack trace:
#0 /var/www/html/chitkar/protected/commands/remoteStatsCommand.php(75): ftp_get()
#1 /var/www/html/chitkar/protected/framework/console/CConsoleCommandRunner.php(71): remoteStatsCommand->run()
#2 /var/www/html/chitkar/protected/framework/console/CConsoleApplication.php(92): CConsoleCommandRunner->run()
#3 /var/www/html/chitkar/protected/framework/base/CApplication.php(185): CConsoleApplication->processRequest()
#4 /var/www/html/chitkar/cron.php(6): CConsoleApplication->run()

2026/02/01 11:28:01 [error] [php] ftp_get(): /reads.ctk: No such file or directory (/var/www/html/chitkar/protected/commands/remoteStatsCommand.php:75)
Stack trace:
#0 /var/www/html/chitkar/protected/commands/remoteStatsCommand.php(75): ftp_get()
#1 /var/www/html/chitkar/protected/framework/console/CConsoleCommandRunner.php(71): remoteStatsCommand->run()
#2 /var/www/html/chitkar/protected/framework/console/CConsoleApplication.php(92): CConsoleCommandRunner->run()
#3 /var/www/html/chitkar/protected/framework/base/CApplication.php(185): CConsoleApplication->processRequest()
#4 /var/www/html/chitkar/cron.php(6): CConsoleApplication->run()

2026/02/01 12:02:01 [error] [php] ftp_get(): /reads.ctk: No such file or directory (/var/www/html/chitkar/protected/commands/remoteStatsCommand.php:75)
Stack trace:
#0 /var/www/html/chitkar/protected/commands/remoteStatsCommand.php(75): ftp_get()
#1 /var/www/html/chitkar/protected/framework/console/CConsoleCommandRunner.php(71): remoteStatsCommand->run()
#2 /var/www/html/chitkar/protected/framework/console/CConsoleApplication.php(92): CConsoleCommandRunner->run()
#3 /var/www/html/chitkar/protected/framework/base/CApplication.php(185): CConsoleApplication->processRequest()
#4 /var/www/html/chitkar/cron.php(6): CConsoleApplication->run()

2026/02/01 12:40:01 [error] [php] ftp_get(): /reads.ctk: No such file or directory (/var/www/html/chitkar/protected/commands/remoteStatsCommand.php:75)
Stack trace:
#0 /var/www/html/chitkar/protected/commands/remoteStatsCommand.php(75): ftp_get()
#1 /var/www/html/chitkar/protected/framework/console/CConsoleCommandRunner.php(71): remoteStatsCommand->run()
#2 /var/www/html/chitkar/protected/framework/console/CConsoleApplication.php(92): CConsoleCommandRunner->run()
#3 /var/www/html/chitkar/protected/framework/base/CApplication.php(185): CConsoleApplication->processRequest()
#4 /var/www/html/chitkar/cron.php(6): CConsoleApplication->run()

2026/02/01 13:14:02 [error] [php] ftp_get(): /reads.ctk: No such file or directory (/var/www/html/chitkar/protected/commands/remoteStatsCommand.php:75)
Stack trace:
#0 /var/www/html/chitkar/protected/commands/remoteStatsCommand.php(75): ftp_get()
#1 /var/www/html/chitkar/protected/framework/console/CConsoleCommandRunner.php(71): remoteStatsCommand->run()
#2 /var/www/html/chitkar/protected/framework/console/CConsoleApplication.php(92): CConsoleCommandRunner->run()
#3 /var/www/html/chitkar/protected/framework/base/CApplication.php(185): CConsoleApplication->processRequest()
#4 /var/www/html/chitkar/cron.php(6): CConsoleApplication->run()

2026/02/01 13:50:01 [error] [php] ftp_get(): /reads.ctk: No such file or directory (/var/www/html/chitkar/protected/commands/remoteStatsCommand.php:75)
Stack trace:
#0 /var/www/html/chitkar/protected/commands/remoteStatsCommand.php(75): ftp_get()
#1 /var/www/html/chitkar/protected/framework/console/CConsoleCommandRunner.php(71): remoteStatsCommand->run()
#2 /var/www/html/chitkar/protected/framework/console/CConsoleApplication.php(92): CConsoleCommandRunner->run()
#3 /var/www/html/chitkar/protected/framework/base/CApplication.php(185): CConsoleApplication->processRequest()
#4 /var/www/html/chitkar/cron.php(6): CConsoleApplication->run()

2026/02/01 14:26:01 [error] [php] ftp_get(): /reads.ctk: No such file or directory (/var/www/html/chitkar/protected/commands/remoteStatsCommand.php:75)
Stack trace:
#0 /var/www/html/chitkar/protected/commands/remoteStatsCommand.php(75): ftp_get()
#1 /var/www/html/chitkar/protected/framework/console/CConsoleCommandRunner.php(71): remoteStatsCommand->run()
#2 /var/www/html/chitkar/protected/framework/console/CConsoleApplication.php(92): CConsoleCommandRunner->run()
#3 /var/www/html/chitkar/protected/framework/base/CApplication.php(185): CConsoleApplication->processRequest()
#4 /var/www/html/chitkar/cron.php(6): CConsoleApplication->run()

2026/02/01 15:00:01 [error] [php] ftp_get(): /reads.ctk: No such file or directory (/var/www/html/chitkar/protected/commands/remoteStatsCommand.php:75)
Stack trace:
#0 /var/www/html/chitkar/protected/commands/remoteStatsCommand.php(75): ftp_get()
#1 /var/www/html/chitkar/protected/framework/console/CConsoleCommandRunner.php(71): remoteStatsCommand->run()
#2 /var/www/html/chitkar/protected/framework/console/CConsoleApplication.php(92): CConsoleCommandRunner->run()
#3 /var/www/html/chitkar/protected/framework/base/CApplication.php(185): CConsoleApplication->processRequest()
#4 /var/www/html/chitkar/cron.php(6): CConsoleApplication->run()

2026/02/01 15:36:01 [error] [php] ftp_get(): /reads.ctk: No such file or directory (/var/www/html/chitkar/protected/commands/remoteStatsCommand.php:75)
Stack trace:
#0 /var/www/html/chitkar/protected/commands/remoteStatsCommand.php(75): ftp_get()
#1 /var/www/html/chitkar/protected/framework/console/CConsoleCommandRunner.php(71): remoteStatsCommand->run()
#2 /var/www/html/chitkar/protected/framework/console/CConsoleApplication.php(92): CConsoleCommandRunner->run()
#3 /var/www/html/chitkar/protected/framework/base/CApplication.php(185): CConsoleApplication->processRequest()
#4 /var/www/html/chitkar/cron.php(6): CConsoleApplication->run()

2026/02/01 16:12:01 [error] [php] ftp_get(): /reads.ctk: No such file or directory (/var/www/html/chitkar/protected/commands/remoteStatsCommand.php:75)
Stack trace:
#0 /var/www/html/chitkar/protected/commands/remoteStatsCommand.php(75): ftp_get()
#1 /var/www/html/chitkar/protected/framework/console/CConsoleCommandRunner.php(71): remoteStatsCommand->run()
#2 /var/www/html/chitkar/protected/framework/console/CConsoleApplication.php(92): CConsoleCommandRunner->run()
#3 /var/www/html/chitkar/protected/framework/base/CApplication.php(185): CConsoleApplication->processRequest()
#4 /var/www/html/chitkar/cron.php(6): CConsoleApplication->run()

2026/02/01 16:46:01 [error] [php] ftp_get(): /reads.ctk: No such file or directory (/var/www/html/chitkar/protected/commands/remoteStatsCommand.php:75)
Stack trace:
#0 /var/www/html/chitkar/protected/commands/remoteStatsCommand.php(75): ftp_get()
#1 /var/www/html/chitkar/protected/framework/console/CConsoleCommandRunner.php(71): remoteStatsCommand->run()
#2 /var/www/html/chitkar/protected/framework/console/CConsoleApplication.php(92): CConsoleCommandRunner->run()
#3 /var/www/html/chitkar/protected/framework/base/CApplication.php(185): CConsoleApplication->processRequest()
#4 /var/www/html/chitkar/cron.php(6): CConsoleApplication->run()

2026/02/01 17:22:01 [error] [php] ftp_get(): /reads.ctk: No such file or directory (/var/www/html/chitkar/protected/commands/remoteStatsCommand.php:75)
Stack trace:
#0 /var/www/html/chitkar/protected/commands/remoteStatsCommand.php(75): ftp_get()
#1 /var/www/html/chitkar/protected/framework/console/CConsoleCommandRunner.php(71): remoteStatsCommand->run()
#2 /var/www/html/chitkar/protected/framework/console/CConsoleApplication.php(92): CConsoleCommandRunner->run()
#3 /var/www/html/chitkar/protected/framework/base/CApplication.php(185): CConsoleApplication->processRequest()
#4 /var/www/html/chitkar/cron.php(6): CConsoleApplication->run()

2026/02/01 17:56:01 [error] [php] ftp_get(): /reads.ctk: No such file or directory (/var/www/html/chitkar/protected/commands/remoteStatsCommand.php:75)
Stack trace:
#0 /var/www/html/chitkar/protected/commands/remoteStatsCommand.php(75): ftp_get()
#1 /var/www/html/chitkar/protected/framework/console/CConsoleCommandRunner.php(71): remoteStatsCommand->run()
#2 /var/www/html/chitkar/protected/framework/console/CConsoleApplication.php(92): CConsoleCommandRunner->run()
#3 /var/www/html/chitkar/protected/framework/base/CApplication.php(185): CConsoleApplication->processRequest()
#4 /var/www/html/chitkar/cron.php(6): CConsoleApplication->run()

2026/02/01 18:28:01 [error] [php] ftp_get(): /reads.ctk: No such file or directory (/var/www/html/chitkar/protected/commands/remoteStatsCommand.php:75)
Stack trace:
#0 /var/www/html/chitkar/protected/commands/remoteStatsCommand.php(75): ftp_get()
#1 /var/www/html/chitkar/protected/framework/console/CConsoleCommandRunner.php(71): remoteStatsCommand->run()
#2 /var/www/html/chitkar/protected/framework/console/CConsoleApplication.php(92): CConsoleCommandRunner->run()
#3 /var/www/html/chitkar/protected/framework/base/CApplication.php(185): CConsoleApplication->processRequest()
#4 /var/www/html/chitkar/cron.php(6): CConsoleApplication->run()

2026/02/01 19:02:01 [error] [php] ftp_get(): /reads.ctk: No such file or directory (/var/www/html/chitkar/protected/commands/remoteStatsCommand.php:75)
Stack trace:
#0 /var/www/html/chitkar/protected/commands/remoteStatsCommand.php(75): ftp_get()
#1 /var/www/html/chitkar/protected/framework/console/CConsoleCommandRunner.php(71): remoteStatsCommand->run()
#2 /var/www/html/chitkar/protected/framework/console/CConsoleApplication.php(92): CConsoleCommandRunner->run()
#3 /var/www/html/chitkar/protected/framework/base/CApplication.php(185): CConsoleApplication->processRequest()
#4 /var/www/html/chitkar/cron.php(6): CConsoleApplication->run()

2026/02/01 19:36:01 [error] [php] ftp_get(): /reads.ctk: No such file or directory (/var/www/html/chitkar/protected/commands/remoteStatsCommand.php:75)
Stack trace:
#0 /var/www/html/chitkar/protected/commands/remoteStatsCommand.php(75): ftp_get()
#1 /var/www/html/chitkar/protected/framework/console/CConsoleCommandRunner.php(71): remoteStatsCommand->run()
#2 /var/www/html/chitkar/protected/framework/console/CConsoleApplication.php(92): CConsoleCommandRunner->run()
#3 /var/www/html/chitkar/protected/framework/base/CApplication.php(185): CConsoleApplication->processRequest()
#4 /var/www/html/chitkar/cron.php(6): CConsoleApplication->run()

2026/02/01 20:12:01 [error] [php] ftp_get(): /reads.ctk: No such file or directory (/var/www/html/chitkar/protected/commands/remoteStatsCommand.php:75)
Stack trace:
#0 /var/www/html/chitkar/protected/commands/remoteStatsCommand.php(75): ftp_get()
#1 /var/www/html/chitkar/protected/framework/console/CConsoleCommandRunner.php(71): remoteStatsCommand->run()
#2 /var/www/html/chitkar/protected/framework/console/CConsoleApplication.php(92): CConsoleCommandRunner->run()
#3 /var/www/html/chitkar/protected/framework/base/CApplication.php(185): CConsoleApplication->processRequest()
#4 /var/www/html/chitkar/cron.php(6): CConsoleApplication->run()

2026/02/01 20:46:01 [error] [php] ftp_get(): /reads.ctk: No such file or directory (/var/www/html/chitkar/protected/commands/remoteStatsCommand.php:75)
Stack trace:
#0 /var/www/html/chitkar/protected/commands/remoteStatsCommand.php(75): ftp_get()
#1 /var/www/html/chitkar/protected/framework/console/CConsoleCommandRunner.php(71): remoteStatsCommand->run()
#2 /var/www/html/chitkar/protected/framework/console/CConsoleApplication.php(92): CConsoleCommandRunner->run()
#3 /var/www/html/chitkar/protected/framework/base/CApplication.php(185): CConsoleApplication->processRequest()
#4 /var/www/html/chitkar/cron.php(6): CConsoleApplication->run()

2026/02/01 21:20:01 [error] [php] ftp_get(): /reads.ctk: No such file or directory (/var/www/html/chitkar/protected/commands/remoteStatsCommand.php:75)
Stack trace:
#0 /var/www/html/chitkar/protected/commands/remoteStatsCommand.php(75): ftp_get()
#1 /var/www/html/chitkar/protected/framework/console/CConsoleCommandRunner.php(71): remoteStatsCommand->run()
#2 /var/www/html/chitkar/protected/framework/console/CConsoleApplication.php(92): CConsoleCommandRunner->run()
#3 /var/www/html/chitkar/protected/framework/base/CApplication.php(185): CConsoleApplication->processRequest()
#4 /var/www/html/chitkar/cron.php(6): CConsoleApplication->run()

2026/02/01 21:54:02 [error] [php] ftp_get(): /reads.ctk: No such file or directory (/var/www/html/chitkar/protected/commands/remoteStatsCommand.php:75)
Stack trace:
#0 /var/www/html/chitkar/protected/commands/remoteStatsCommand.php(75): ftp_get()
#1 /var/www/html/chitkar/protected/framework/console/CConsoleCommandRunner.php(71): remoteStatsCommand->run()
#2 /var/www/html/chitkar/protected/framework/console/CConsoleApplication.php(92): CConsoleCommandRunner->run()
#3 /var/www/html/chitkar/protected/framework/base/CApplication.php(185): CConsoleApplication->processRequest()
#4 /var/www/html/chitkar/cron.php(6): CConsoleApplication->run()

2026/02/01 22:28:01 [error] [php] ftp_get(): /reads.ctk: No such file or directory (/var/www/html/chitkar/protected/commands/remoteStatsCommand.php:75)
Stack trace:
#0 /var/www/html/chitkar/protected/commands/remoteStatsCommand.php(75): ftp_get()
#1 /var/www/html/chitkar/protected/framework/console/CConsoleCommandRunner.php(71): remoteStatsCommand->run()
#2 /var/www/html/chitkar/protected/framework/console/CConsoleApplication.php(92): CConsoleCommandRunner->run()
#3 /var/www/html/chitkar/protected/framework/base/CApplication.php(185): CConsoleApplication->processRequest()
#4 /var/www/html/chitkar/cron.php(6): CConsoleApplication->run()

2026/02/01 23:02:01 [error] [php] ftp_get(): /reads.ctk: No such file or directory (/var/www/html/chitkar/protected/commands/remoteStatsCommand.php:75)
Stack trace:
#0 /var/www/html/chitkar/protected/commands/remoteStatsCommand.php(75): ftp_get()
#1 /var/www/html/chitkar/protected/framework/console/CConsoleCommandRunner.php(71): remoteStatsCommand->run()
#2 /var/www/html/chitkar/protected/framework/console/CConsoleApplication.php(92): CConsoleCommandRunner->run()
#3 /var/www/html/chitkar/protected/framework/base/CApplication.php(185): CConsoleApplication->processRequest()
#4 /var/www/html/chitkar/cron.php(6): CConsoleApplication->run()

2026/02/01 23:36:02 [error] [php] ftp_get(): /reads.ctk: No such file or directory (/var/www/html/chitkar/protected/commands/remoteStatsCommand.php:75)
Stack trace:
#0 /var/www/html/chitkar/protected/commands/remoteStatsCommand.php(75): ftp_get()
#1 /var/www/html/chitkar/protected/framework/console/CConsoleCommandRunner.php(71): remoteStatsCommand->run()
#2 /var/www/html/chitkar/protected/framework/console/CConsoleApplication.php(92): CConsoleCommandRunner->run()
#3 /var/www/html/chitkar/protected/framework/base/CApplication.php(185): CConsoleApplication->processRequest()
#4 /var/www/html/chitkar/cron.php(6): CConsoleApplication->run()

2026/02/02 00:10:02 [error] [php] ftp_get(): /reads.ctk: No such file or directory (/var/www/html/chitkar/protected/commands/remoteStatsCommand.php:75)
Stack trace:
#0 /var/www/html/chitkar/protected/commands/remoteStatsCommand.php(75): ftp_get()
#1 /var/www/html/chitkar/protected/framework/console/CConsoleCommandRunner.php(71): remoteStatsCommand->run()
#2 /var/www/html/chitkar/protected/framework/console/CConsoleApplication.php(92): CConsoleCommandRunner->run()
#3 /var/www/html/chitkar/protected/framework/base/CApplication.php(185): CConsoleApplication->processRequest()
#4 /var/www/html/chitkar/cron.php(6): CConsoleApplication->run()

2026/02/02 00:44:01 [error] [php] ftp_get(): /reads.ctk: No such file or directory (/var/www/html/chitkar/protected/commands/remoteStatsCommand.php:75)
Stack trace:
#0 /var/www/html/chitkar/protected/commands/remoteStatsCommand.php(75): ftp_get()
#1 /var/www/html/chitkar/protected/framework/console/CConsoleCommandRunner.php(71): remoteStatsCommand->run()
#2 /var/www/html/chitkar/protected/framework/console/CConsoleApplication.php(92): CConsoleCommandRunner->run()
#3 /var/www/html/chitkar/protected/framework/base/CApplication.php(185): CConsoleApplication->processRequest()
#4 /var/www/html/chitkar/cron.php(6): CConsoleApplication->run()

2026/02/02 01:18:01 [error] [php] ftp_get(): /reads.ctk: No such file or directory (/var/www/html/chitkar/protected/commands/remoteStatsCommand.php:75)
Stack trace:
#0 /var/www/html/chitkar/protected/commands/remoteStatsCommand.php(75): ftp_get()
#1 /var/www/html/chitkar/protected/framework/console/CConsoleCommandRunner.php(71): remoteStatsCommand->run()
#2 /var/www/html/chitkar/protected/framework/console/CConsoleApplication.php(92): CConsoleCommandRunner->run()
#3 /var/www/html/chitkar/protected/framework/base/CApplication.php(185): CConsoleApplication->processRequest()
#4 /var/www/html/chitkar/cron.php(6): CConsoleApplication->run()

2026/02/02 01:54:01 [error] [php] ftp_get(): /reads.ctk: No such file or directory (/var/www/html/chitkar/protected/commands/remoteStatsCommand.php:75)
Stack trace:
#0 /var/www/html/chitkar/protected/commands/remoteStatsCommand.php(75): ftp_get()
#1 /var/www/html/chitkar/protected/framework/console/CConsoleCommandRunner.php(71): remoteStatsCommand->run()
#2 /var/www/html/chitkar/protected/framework/console/CConsoleApplication.php(92): CConsoleCommandRunner->run()
#3 /var/www/html/chitkar/protected/framework/base/CApplication.php(185): CConsoleApplication->processRequest()
#4 /var/www/html/chitkar/cron.php(6): CConsoleApplication->run()

2026/02/02 02:28:02 [error] [php] ftp_get(): /reads.ctk: No such file or directory (/var/www/html/chitkar/protected/commands/remoteStatsCommand.php:75)
Stack trace:
#0 /var/www/html/chitkar/protected/commands/remoteStatsCommand.php(75): ftp_get()
#1 /var/www/html/chitkar/protected/framework/console/CConsoleCommandRunner.php(71): remoteStatsCommand->run()
#2 /var/www/html/chitkar/protected/framework/console/CConsoleApplication.php(92): CConsoleCommandRunner->run()
#3 /var/www/html/chitkar/protected/framework/base/CApplication.php(185): CConsoleApplication->processRequest()
#4 /var/www/html/chitkar/cron.php(6): CConsoleApplication->run()

2026/02/02 03:04:01 [error] [php] ftp_get(): /reads.ctk: No such file or directory (/var/www/html/chitkar/protected/commands/remoteStatsCommand.php:75)
Stack trace:
#0 /var/www/html/chitkar/protected/commands/remoteStatsCommand.php(75): ftp_get()
#1 /var/www/html/chitkar/protected/framework/console/CConsoleCommandRunner.php(71): remoteStatsCommand->run()
#2 /var/www/html/chitkar/protected/framework/console/CConsoleApplication.php(92): CConsoleCommandRunner->run()
#3 /var/www/html/chitkar/protected/framework/base/CApplication.php(185): CConsoleApplication->processRequest()
#4 /var/www/html/chitkar/cron.php(6): CConsoleApplication->run()

2026/02/02 03:36:01 [error] [php] ftp_get(): /reads.ctk: No such file or directory (/var/www/html/chitkar/protected/commands/remoteStatsCommand.php:75)
Stack trace:
#0 /var/www/html/chitkar/protected/commands/remoteStatsCommand.php(75): ftp_get()
#1 /var/www/html/chitkar/protected/framework/console/CConsoleCommandRunner.php(71): remoteStatsCommand->run()
#2 /var/www/html/chitkar/protected/framework/console/CConsoleApplication.php(92): CConsoleCommandRunner->run()
#3 /var/www/html/chitkar/protected/framework/base/CApplication.php(185): CConsoleApplication->processRequest()
#4 /var/www/html/chitkar/cron.php(6): CConsoleApplication->run()

2026/02/02 04:10:02 [error] [php] ftp_get(): /reads.ctk: No such file or directory (/var/www/html/chitkar/protected/commands/remoteStatsCommand.php:75)
Stack trace:
#0 /var/www/html/chitkar/protected/commands/remoteStatsCommand.php(75): ftp_get()
#1 /var/www/html/chitkar/protected/framework/console/CConsoleCommandRunner.php(71): remoteStatsCommand->run()
#2 /var/www/html/chitkar/protected/framework/console/CConsoleApplication.php(92): CConsoleCommandRunner->run()
#3 /var/www/html/chitkar/protected/framework/base/CApplication.php(185): CConsoleApplication->processRequest()
#4 /var/www/html/chitkar/cron.php(6): CConsoleApplication->run()

2026/02/02 04:44:01 [error] [php] ftp_get(): /reads.ctk: No such file or directory (/var/www/html/chitkar/protected/commands/remoteStatsCommand.php:75)
Stack trace:
#0 /var/www/html/chitkar/protected/commands/remoteStatsCommand.php(75): ftp_get()
#1 /var/www/html/chitkar/protected/framework/console/CConsoleCommandRunner.php(71): remoteStatsCommand->run()
#2 /var/www/html/chitkar/protected/framework/console/CConsoleApplication.php(92): CConsoleCommandRunner->run()
#3 /var/www/html/chitkar/protected/framework/base/CApplication.php(185): CConsoleApplication->processRequest()
#4 /var/www/html/chitkar/cron.php(6): CConsoleApplication->run()

2026/02/02 05:16:01 [error] [php] ftp_get(): /reads.ctk: No such file or directory (/var/www/html/chitkar/protected/commands/remoteStatsCommand.php:75)
Stack trace:
#0 /var/www/html/chitkar/protected/commands/remoteStatsCommand.php(75): ftp_get()
#1 /var/www/html/chitkar/protected/framework/console/CConsoleCommandRunner.php(71): remoteStatsCommand->run()
#2 /var/www/html/chitkar/protected/framework/console/CConsoleApplication.php(92): CConsoleCommandRunner->run()
#3 /var/www/html/chitkar/protected/framework/base/CApplication.php(185): CConsoleApplication->processRequest()
#4 /var/www/html/chitkar/cron.php(6): CConsoleApplication->run()

2026/02/02 05:48:01 [error] [php] ftp_get(): /reads.ctk: No such file or directory (/var/www/html/chitkar/protected/commands/remoteStatsCommand.php:75)
Stack trace:
#0 /var/www/html/chitkar/protected/commands/remoteStatsCommand.php(75): ftp_get()
#1 /var/www/html/chitkar/protected/framework/console/CConsoleCommandRunner.php(71): remoteStatsCommand->run()
#2 /var/www/html/chitkar/protected/framework/console/CConsoleApplication.php(92): CConsoleCommandRunner->run()
#3 /var/www/html/chitkar/protected/framework/base/CApplication.php(185): CConsoleApplication->processRequest()
#4 /var/www/html/chitkar/cron.php(6): CConsoleApplication->run()

2026/02/02 06:22:01 [error] [php] ftp_get(): /reads.ctk: No such file or directory (/var/www/html/chitkar/protected/commands/remoteStatsCommand.php:75)
Stack trace:
#0 /var/www/html/chitkar/protected/commands/remoteStatsCommand.php(75): ftp_get()
#1 /var/www/html/chitkar/protected/framework/console/CConsoleCommandRunner.php(71): remoteStatsCommand->run()
#2 /var/www/html/chitkar/protected/framework/console/CConsoleApplication.php(92): CConsoleCommandRunner->run()
#3 /var/www/html/chitkar/protected/framework/base/CApplication.php(185): CConsoleApplication->processRequest()
#4 /var/www/html/chitkar/cron.php(6): CConsoleApplication->run()

2026/02/02 06:56:01 [error] [php] ftp_get(): /reads.ctk: No such file or directory (/var/www/html/chitkar/protected/commands/remoteStatsCommand.php:75)
Stack trace:
#0 /var/www/html/chitkar/protected/commands/remoteStatsCommand.php(75): ftp_get()
#1 /var/www/html/chitkar/protected/framework/console/CConsoleCommandRunner.php(71): remoteStatsCommand->run()
#2 /var/www/html/chitkar/protected/framework/console/CConsoleApplication.php(92): CConsoleCommandRunner->run()
#3 /var/www/html/chitkar/protected/framework/base/CApplication.php(185): CConsoleApplication->processRequest()
#4 /var/www/html/chitkar/cron.php(6): CConsoleApplication->run()

2026/02/02 07:32:01 [error] [php] ftp_get(): /reads.ctk: No such file or directory (/var/www/html/chitkar/protected/commands/remoteStatsCommand.php:75)
Stack trace:
#0 /var/www/html/chitkar/protected/commands/remoteStatsCommand.php(75): ftp_get()
#1 /var/www/html/chitkar/protected/framework/console/CConsoleCommandRunner.php(71): remoteStatsCommand->run()
#2 /var/www/html/chitkar/protected/framework/console/CConsoleApplication.php(92): CConsoleCommandRunner->run()
#3 /var/www/html/chitkar/protected/framework/base/CApplication.php(185): CConsoleApplication->processRequest()
#4 /var/www/html/chitkar/cron.php(6): CConsoleApplication->run()

2026/02/02 08:06:01 [error] [php] ftp_get(): /reads.ctk: No such file or directory (/var/www/html/chitkar/protected/commands/remoteStatsCommand.php:75)
Stack trace:
#0 /var/www/html/chitkar/protected/commands/remoteStatsCommand.php(75): ftp_get()
#1 /var/www/html/chitkar/protected/framework/console/CConsoleCommandRunner.php(71): remoteStatsCommand->run()
#2 /var/www/html/chitkar/protected/framework/console/CConsoleApplication.php(92): CConsoleCommandRunner->run()
#3 /var/www/html/chitkar/protected/framework/base/CApplication.php(185): CConsoleApplication->processRequest()
#4 /var/www/html/chitkar/cron.php(6): CConsoleApplication->run()

2026/02/02 08:44:01 [error] [php] ftp_get(): /reads.ctk: No such file or directory (/var/www/html/chitkar/protected/commands/remoteStatsCommand.php:75)
Stack trace:
#0 /var/www/html/chitkar/protected/commands/remoteStatsCommand.php(75): ftp_get()
#1 /var/www/html/chitkar/protected/framework/console/CConsoleCommandRunner.php(71): remoteStatsCommand->run()
#2 /var/www/html/chitkar/protected/framework/console/CConsoleApplication.php(92): CConsoleCommandRunner->run()
#3 /var/www/html/chitkar/protected/framework/base/CApplication.php(185): CConsoleApplication->processRequest()
#4 /var/www/html/chitkar/cron.php(6): CConsoleApplication->run()

2026/02/02 09:28:01 [error] [php] ftp_get(): /reads.ctk: No such file or directory (/var/www/html/chitkar/protected/commands/remoteStatsCommand.php:75)
Stack trace:
#0 /var/www/html/chitkar/protected/commands/remoteStatsCommand.php(75): ftp_get()
#1 /var/www/html/chitkar/protected/framework/console/CConsoleCommandRunner.php(71): remoteStatsCommand->run()
#2 /var/www/html/chitkar/protected/framework/console/CConsoleApplication.php(92): CConsoleCommandRunner->run()
#3 /var/www/html/chitkar/protected/framework/base/CApplication.php(185): CConsoleApplication->processRequest()
#4 /var/www/html/chitkar/cron.php(6): CConsoleApplication->run()

2026/02/02 10:02:01 [error] [php] ftp_get(): /reads.ctk: No such file or directory (/var/www/html/chitkar/protected/commands/remoteStatsCommand.php:75)
Stack trace:
#0 /var/www/html/chitkar/protected/commands/remoteStatsCommand.php(75): ftp_get()
#1 /var/www/html/chitkar/protected/framework/console/CConsoleCommandRunner.php(71): remoteStatsCommand->run()
#2 /var/www/html/chitkar/protected/framework/console/CConsoleApplication.php(92): CConsoleCommandRunner->run()
#3 /var/www/html/chitkar/protected/framework/base/CApplication.php(185): CConsoleApplication->processRequest()
#4 /var/www/html/chitkar/cron.php(6): CConsoleApplication->run()

2026/02/02 10:40:02 [error] [php] ftp_get(): /reads.ctk: No such file or directory (/var/www/html/chitkar/protected/commands/remoteStatsCommand.php:75)
Stack trace:
#0 /var/www/html/chitkar/protected/commands/remoteStatsCommand.php(75): ftp_get()
#1 /var/www/html/chitkar/protected/framework/console/CConsoleCommandRunner.php(71): remoteStatsCommand->run()
#2 /var/www/html/chitkar/protected/framework/console/CConsoleApplication.php(92): CConsoleCommandRunner->run()
#3 /var/www/html/chitkar/protected/framework/base/CApplication.php(185): CConsoleApplication->processRequest()
#4 /var/www/html/chitkar/cron.php(6): CConsoleApplication->run()

2026/02/02 11:14:01 [error] [php] ftp_get(): /reads.ctk: No such file or directory (/var/www/html/chitkar/protected/commands/remoteStatsCommand.php:75)
Stack trace:
#0 /var/www/html/chitkar/protected/commands/remoteStatsCommand.php(75): ftp_get()
#1 /var/www/html/chitkar/protected/framework/console/CConsoleCommandRunner.php(71): remoteStatsCommand->run()
#2 /var/www/html/chitkar/protected/framework/console/CConsoleApplication.php(92): CConsoleCommandRunner->run()
#3 /var/www/html/chitkar/protected/framework/base/CApplication.php(185): CConsoleApplication->processRequest()
#4 /var/www/html/chitkar/cron.php(6): CConsoleApplication->run()

2026/02/02 11:52:02 [error] [php] ftp_get(): /reads.ctk: No such file or directory (/var/www/html/chitkar/protected/commands/remoteStatsCommand.php:75)
Stack trace:
#0 /var/www/html/chitkar/protected/commands/remoteStatsCommand.php(75): ftp_get()
#1 /var/www/html/chitkar/protected/framework/console/CConsoleCommandRunner.php(71): remoteStatsCommand->run()
#2 /var/www/html/chitkar/protected/framework/console/CConsoleApplication.php(92): CConsoleCommandRunner->run()
#3 /var/www/html/chitkar/protected/framework/base/CApplication.php(185): CConsoleApplication->processRequest()
#4 /var/www/html/chitkar/cron.php(6): CConsoleApplication->run()

2026/02/02 12:26:01 [error] [php] ftp_get(): /reads.ctk: No such file or directory (/var/www/html/chitkar/protected/commands/remoteStatsCommand.php:75)
Stack trace:
#0 /var/www/html/chitkar/protected/commands/remoteStatsCommand.php(75): ftp_get()
#1 /var/www/html/chitkar/protected/framework/console/CConsoleCommandRunner.php(71): remoteStatsCommand->run()
#2 /var/www/html/chitkar/protected/framework/console/CConsoleApplication.php(92): CConsoleCommandRunner->run()
#3 /var/www/html/chitkar/protected/framework/base/CApplication.php(185): CConsoleApplication->processRequest()
#4 /var/www/html/chitkar/cron.php(6): CConsoleApplication->run()

2026/02/02 13:06:01 [error] [php] ftp_get(): /reads.ctk: No such file or directory (/var/www/html/chitkar/protected/commands/remoteStatsCommand.php:75)
Stack trace:
#0 /var/www/html/chitkar/protected/commands/remoteStatsCommand.php(75): ftp_get()
#1 /var/www/html/chitkar/protected/framework/console/CConsoleCommandRunner.php(71): remoteStatsCommand->run()
#2 /var/www/html/chitkar/protected/framework/console/CConsoleApplication.php(92): CConsoleCommandRunner->run()
#3 /var/www/html/chitkar/protected/framework/base/CApplication.php(185): CConsoleApplication->processRequest()
#4 /var/www/html/chitkar/cron.php(6): CConsoleApplication->run()

2026/02/02 13:40:01 [error] [php] ftp_get(): /reads.ctk: No such file or directory (/var/www/html/chitkar/protected/commands/remoteStatsCommand.php:75)
Stack trace:
#0 /var/www/html/chitkar/protected/commands/remoteStatsCommand.php(75): ftp_get()
#1 /var/www/html/chitkar/protected/framework/console/CConsoleCommandRunner.php(71): remoteStatsCommand->run()
#2 /var/www/html/chitkar/protected/framework/console/CConsoleApplication.php(92): CConsoleCommandRunner->run()
#3 /var/www/html/chitkar/protected/framework/base/CApplication.php(185): CConsoleApplication->processRequest()
#4 /var/www/html/chitkar/cron.php(6): CConsoleApplication->run()

2026/02/02 14:18:01 [error] [php] ftp_get(): /reads.ctk: No such file or directory (/var/www/html/chitkar/protected/commands/remoteStatsCommand.php:75)
Stack trace:
#0 /var/www/html/chitkar/protected/commands/remoteStatsCommand.php(75): ftp_get()
#1 /var/www/html/chitkar/protected/framework/console/CConsoleCommandRunner.php(71): remoteStatsCommand->run()
#2 /var/www/html/chitkar/protected/framework/console/CConsoleApplication.php(92): CConsoleCommandRunner->run()
#3 /var/www/html/chitkar/protected/framework/base/CApplication.php(185): CConsoleApplication->processRequest()
#4 /var/www/html/chitkar/cron.php(6): CConsoleApplication->run()

2026/02/02 14:52:01 [error] [php] ftp_get(): /reads.ctk: No such file or directory (/var/www/html/chitkar/protected/commands/remoteStatsCommand.php:75)
Stack trace:
#0 /var/www/html/chitkar/protected/commands/remoteStatsCommand.php(75): ftp_get()
#1 /var/www/html/chitkar/protected/framework/console/CConsoleCommandRunner.php(71): remoteStatsCommand->run()
#2 /var/www/html/chitkar/protected/framework/console/CConsoleApplication.php(92): CConsoleCommandRunner->run()
#3 /var/www/html/chitkar/protected/framework/base/CApplication.php(185): CConsoleApplication->processRequest()
#4 /var/www/html/chitkar/cron.php(6): CConsoleApplication->run()

2026/02/02 15:30:01 [error] [php] ftp_get(): /reads.ctk: No such file or directory (/var/www/html/chitkar/protected/commands/remoteStatsCommand.php:75)
Stack trace:
#0 /var/www/html/chitkar/protected/commands/remoteStatsCommand.php(75): ftp_get()
#1 /var/www/html/chitkar/protected/framework/console/CConsoleCommandRunner.php(71): remoteStatsCommand->run()
#2 /var/www/html/chitkar/protected/framework/console/CConsoleApplication.php(92): CConsoleCommandRunner->run()
#3 /var/www/html/chitkar/protected/framework/base/CApplication.php(185): CConsoleApplication->processRequest()
#4 /var/www/html/chitkar/cron.php(6): CConsoleApplication->run()

2026/02/02 16:04:01 [error] [php] ftp_get(): /reads.ctk: No such file or directory (/var/www/html/chitkar/protected/commands/remoteStatsCommand.php:75)
Stack trace:
#0 /var/www/html/chitkar/protected/commands/remoteStatsCommand.php(75): ftp_get()
#1 /var/www/html/chitkar/protected/framework/console/CConsoleCommandRunner.php(71): remoteStatsCommand->run()
#2 /var/www/html/chitkar/protected/framework/console/CConsoleApplication.php(92): CConsoleCommandRunner->run()
#3 /var/www/html/chitkar/protected/framework/base/CApplication.php(185): CConsoleApplication->processRequest()
#4 /var/www/html/chitkar/cron.php(6): CConsoleApplication->run()

2026/02/02 16:38:01 [error] [php] ftp_get(): /reads.ctk: No such file or directory (/var/www/html/chitkar/protected/commands/remoteStatsCommand.php:75)
Stack trace:
#0 /var/www/html/chitkar/protected/commands/remoteStatsCommand.php(75): ftp_get()
#1 /var/www/html/chitkar/protected/framework/console/CConsoleCommandRunner.php(71): remoteStatsCommand->run()
#2 /var/www/html/chitkar/protected/framework/console/CConsoleApplication.php(92): CConsoleCommandRunner->run()
#3 /var/www/html/chitkar/protected/framework/base/CApplication.php(185): CConsoleApplication->processRequest()
#4 /var/www/html/chitkar/cron.php(6): CConsoleApplication->run()

2026/02/02 17:14:01 [error] [php] ftp_get(): /reads.ctk: No such file or directory (/var/www/html/chitkar/protected/commands/remoteStatsCommand.php:75)
Stack trace:
#0 /var/www/html/chitkar/protected/commands/remoteStatsCommand.php(75): ftp_get()
#1 /var/www/html/chitkar/protected/framework/console/CConsoleCommandRunner.php(71): remoteStatsCommand->run()
#2 /var/www/html/chitkar/protected/framework/console/CConsoleApplication.php(92): CConsoleCommandRunner->run()
#3 /var/www/html/chitkar/protected/framework/base/CApplication.php(185): CConsoleApplication->processRequest()
#4 /var/www/html/chitkar/cron.php(6): CConsoleApplication->run()

2026/02/02 18:00:01 [error] [php] ftp_get(): /reads.ctk: No such file or directory (/var/www/html/chitkar/protected/commands/remoteStatsCommand.php:75)
Stack trace:
#0 /var/www/html/chitkar/protected/commands/remoteStatsCommand.php(75): ftp_get()
#1 /var/www/html/chitkar/protected/framework/console/CConsoleCommandRunner.php(71): remoteStatsCommand->run()
#2 /var/www/html/chitkar/protected/framework/console/CConsoleApplication.php(92): CConsoleCommandRunner->run()
#3 /var/www/html/chitkar/protected/framework/base/CApplication.php(185): CConsoleApplication->processRequest()
#4 /var/www/html/chitkar/cron.php(6): CConsoleApplication->run()

2026/02/02 18:34:01 [error] [php] ftp_get(): /reads.ctk: No such file or directory (/var/www/html/chitkar/protected/commands/remoteStatsCommand.php:75)
Stack trace:
#0 /var/www/html/chitkar/protected/commands/remoteStatsCommand.php(75): ftp_get()
#1 /var/www/html/chitkar/protected/framework/console/CConsoleCommandRunner.php(71): remoteStatsCommand->run()
#2 /var/www/html/chitkar/protected/framework/console/CConsoleApplication.php(92): CConsoleCommandRunner->run()
#3 /var/www/html/chitkar/protected/framework/base/CApplication.php(185): CConsoleApplication->processRequest()
#4 /var/www/html/chitkar/cron.php(6): CConsoleApplication->run()

2026/02/02 19:08:02 [error] [php] ftp_get(): /reads.ctk: No such file or directory (/var/www/html/chitkar/protected/commands/remoteStatsCommand.php:75)
Stack trace:
#0 /var/www/html/chitkar/protected/commands/remoteStatsCommand.php(75): ftp_get()
#1 /var/www/html/chitkar/protected/framework/console/CConsoleCommandRunner.php(71): remoteStatsCommand->run()
#2 /var/www/html/chitkar/protected/framework/console/CConsoleApplication.php(92): CConsoleCommandRunner->run()
#3 /var/www/html/chitkar/protected/framework/base/CApplication.php(185): CConsoleApplication->processRequest()
#4 /var/www/html/chitkar/cron.php(6): CConsoleApplication->run()

2026/02/02 19:42:02 [error] [php] ftp_get(): /reads.ctk: No such file or directory (/var/www/html/chitkar/protected/commands/remoteStatsCommand.php:75)
Stack trace:
#0 /var/www/html/chitkar/protected/commands/remoteStatsCommand.php(75): ftp_get()
#1 /var/www/html/chitkar/protected/framework/console/CConsoleCommandRunner.php(71): remoteStatsCommand->run()
#2 /var/www/html/chitkar/protected/framework/console/CConsoleApplication.php(92): CConsoleCommandRunner->run()
#3 /var/www/html/chitkar/protected/framework/base/CApplication.php(185): CConsoleApplication->processRequest()
#4 /var/www/html/chitkar/cron.php(6): CConsoleApplication->run()

2026/02/02 20:22:01 [error] [php] ftp_get(): /reads.ctk: No such file or directory (/var/www/html/chitkar/protected/commands/remoteStatsCommand.php:75)
Stack trace:
#0 /var/www/html/chitkar/protected/commands/remoteStatsCommand.php(75): ftp_get()
#1 /var/www/html/chitkar/protected/framework/console/CConsoleCommandRunner.php(71): remoteStatsCommand->run()
#2 /var/www/html/chitkar/protected/framework/console/CConsoleApplication.php(92): CConsoleCommandRunner->run()
#3 /var/www/html/chitkar/protected/framework/base/CApplication.php(185): CConsoleApplication->processRequest()
#4 /var/www/html/chitkar/cron.php(6): CConsoleApplication->run()

2026/02/02 20:58:01 [error] [php] ftp_get(): /reads.ctk: No such file or directory (/var/www/html/chitkar/protected/commands/remoteStatsCommand.php:75)
Stack trace:
#0 /var/www/html/chitkar/protected/commands/remoteStatsCommand.php(75): ftp_get()
#1 /var/www/html/chitkar/protected/framework/console/CConsoleCommandRunner.php(71): remoteStatsCommand->run()
#2 /var/www/html/chitkar/protected/framework/console/CConsoleApplication.php(92): CConsoleCommandRunner->run()
#3 /var/www/html/chitkar/protected/framework/base/CApplication.php(185): CConsoleApplication->processRequest()
#4 /var/www/html/chitkar/cron.php(6): CConsoleApplication->run()

2026/02/02 21:32:01 [error] [php] ftp_get(): /reads.ctk: No such file or directory (/var/www/html/chitkar/protected/commands/remoteStatsCommand.php:75)
Stack trace:
#0 /var/www/html/chitkar/protected/commands/remoteStatsCommand.php(75): ftp_get()
#1 /var/www/html/chitkar/protected/framework/console/CConsoleCommandRunner.php(71): remoteStatsCommand->run()
#2 /var/www/html/chitkar/protected/framework/console/CConsoleApplication.php(92): CConsoleCommandRunner->run()
#3 /var/www/html/chitkar/protected/framework/base/CApplication.php(185): CConsoleApplication->processRequest()
#4 /var/www/html/chitkar/cron.php(6): CConsoleApplication->run()

2026/02/02 22:06:01 [error] [php] ftp_get(): /reads.ctk: No such file or directory (/var/www/html/chitkar/protected/commands/remoteStatsCommand.php:75)
Stack trace:
#0 /var/www/html/chitkar/protected/commands/remoteStatsCommand.php(75): ftp_get()
#1 /var/www/html/chitkar/protected/framework/console/CConsoleCommandRunner.php(71): remoteStatsCommand->run()
#2 /var/www/html/chitkar/protected/framework/console/CConsoleApplication.php(92): CConsoleCommandRunner->run()
#3 /var/www/html/chitkar/protected/framework/base/CApplication.php(185): CConsoleApplication->processRequest()
#4 /var/www/html/chitkar/cron.php(6): CConsoleApplication->run()

2026/02/02 22:40:01 [error] [php] ftp_get(): /reads.ctk: No such file or directory (/var/www/html/chitkar/protected/commands/remoteStatsCommand.php:75)
Stack trace:
#0 /var/www/html/chitkar/protected/commands/remoteStatsCommand.php(75): ftp_get()
#1 /var/www/html/chitkar/protected/framework/console/CConsoleCommandRunner.php(71): remoteStatsCommand->run()
#2 /var/www/html/chitkar/protected/framework/console/CConsoleApplication.php(92): CConsoleCommandRunner->run()
#3 /var/www/html/chitkar/protected/framework/base/CApplication.php(185): CConsoleApplication->processRequest()
#4 /var/www/html/chitkar/cron.php(6): CConsoleApplication->run()

2026/02/02 23:14:02 [error] [php] ftp_get(): /reads.ctk: No such file or directory (/var/www/html/chitkar/protected/commands/remoteStatsCommand.php:75)
Stack trace:
#0 /var/www/html/chitkar/protected/commands/remoteStatsCommand.php(75): ftp_get()
#1 /var/www/html/chitkar/protected/framework/console/CConsoleCommandRunner.php(71): remoteStatsCommand->run()
#2 /var/www/html/chitkar/protected/framework/console/CConsoleApplication.php(92): CConsoleCommandRunner->run()
#3 /var/www/html/chitkar/protected/framework/base/CApplication.php(185): CConsoleApplication->processRequest()
#4 /var/www/html/chitkar/cron.php(6): CConsoleApplication->run()

2026/02/02 23:50:01 [error] [php] ftp_get(): /reads.ctk: No such file or directory (/var/www/html/chitkar/protected/commands/remoteStatsCommand.php:75)
Stack trace:
#0 /var/www/html/chitkar/protected/commands/remoteStatsCommand.php(75): ftp_get()
#1 /var/www/html/chitkar/protected/framework/console/CConsoleCommandRunner.php(71): remoteStatsCommand->run()
#2 /var/www/html/chitkar/protected/framework/console/CConsoleApplication.php(92): CConsoleCommandRunner->run()
#3 /var/www/html/chitkar/protected/framework/base/CApplication.php(185): CConsoleApplication->processRequest()
#4 /var/www/html/chitkar/cron.php(6): CConsoleApplication->run()

2026/02/03 00:24:01 [error] [php] ftp_get(): /reads.ctk: No such file or directory (/var/www/html/chitkar/protected/commands/remoteStatsCommand.php:75)
Stack trace:
#0 /var/www/html/chitkar/protected/commands/remoteStatsCommand.php(75): ftp_get()
#1 /var/www/html/chitkar/protected/framework/console/CConsoleCommandRunner.php(71): remoteStatsCommand->run()
#2 /var/www/html/chitkar/protected/framework/console/CConsoleApplication.php(92): CConsoleCommandRunner->run()
#3 /var/www/html/chitkar/protected/framework/base/CApplication.php(185): CConsoleApplication->processRequest()
#4 /var/www/html/chitkar/cron.php(6): CConsoleApplication->run()

2026/02/03 00:58:01 [error] [php] ftp_get(): /reads.ctk: No such file or directory (/var/www/html/chitkar/protected/commands/remoteStatsCommand.php:75)
Stack trace:
#0 /var/www/html/chitkar/protected/commands/remoteStatsCommand.php(75): ftp_get()
#1 /var/www/html/chitkar/protected/framework/console/CConsoleCommandRunner.php(71): remoteStatsCommand->run()
#2 /var/www/html/chitkar/protected/framework/console/CConsoleApplication.php(92): CConsoleCommandRunner->run()
#3 /var/www/html/chitkar/protected/framework/base/CApplication.php(185): CConsoleApplication->processRequest()
#4 /var/www/html/chitkar/cron.php(6): CConsoleApplication->run()

2026/02/03 01:32:01 [error] [php] ftp_get(): /reads.ctk: No such file or directory (/var/www/html/chitkar/protected/commands/remoteStatsCommand.php:75)
Stack trace:
#0 /var/www/html/chitkar/protected/commands/remoteStatsCommand.php(75): ftp_get()
#1 /var/www/html/chitkar/protected/framework/console/CConsoleCommandRunner.php(71): remoteStatsCommand->run()
#2 /var/www/html/chitkar/protected/framework/console/CConsoleApplication.php(92): CConsoleCommandRunner->run()
#3 /var/www/html/chitkar/protected/framework/base/CApplication.php(185): CConsoleApplication->processRequest()
#4 /var/www/html/chitkar/cron.php(6): CConsoleApplication->run()

2026/02/03 02:06:01 [error] [php] ftp_get(): /reads.ctk: No such file or directory (/var/www/html/chitkar/protected/commands/remoteStatsCommand.php:75)
Stack trace:
#0 /var/www/html/chitkar/protected/commands/remoteStatsCommand.php(75): ftp_get()
#1 /var/www/html/chitkar/protected/framework/console/CConsoleCommandRunner.php(71): remoteStatsCommand->run()
#2 /var/www/html/chitkar/protected/framework/console/CConsoleApplication.php(92): CConsoleCommandRunner->run()
#3 /var/www/html/chitkar/protected/framework/base/CApplication.php(185): CConsoleApplication->processRequest()
#4 /var/www/html/chitkar/cron.php(6): CConsoleApplication->run()

2026/02/03 02:40:01 [error] [php] ftp_get(): /reads.ctk: No such file or directory (/var/www/html/chitkar/protected/commands/remoteStatsCommand.php:75)
Stack trace:
#0 /var/www/html/chitkar/protected/commands/remoteStatsCommand.php(75): ftp_get()
#1 /var/www/html/chitkar/protected/framework/console/CConsoleCommandRunner.php(71): remoteStatsCommand->run()
#2 /var/www/html/chitkar/protected/framework/console/CConsoleApplication.php(92): CConsoleCommandRunner->run()
#3 /var/www/html/chitkar/protected/framework/base/CApplication.php(185): CConsoleApplication->processRequest()
#4 /var/www/html/chitkar/cron.php(6): CConsoleApplication->run()

2026/02/03 03:16:01 [error] [php] ftp_get(): /reads.ctk: No such file or directory (/var/www/html/chitkar/protected/commands/remoteStatsCommand.php:75)
Stack trace:
#0 /var/www/html/chitkar/protected/commands/remoteStatsCommand.php(75): ftp_get()
#1 /var/www/html/chitkar/protected/framework/console/CConsoleCommandRunner.php(71): remoteStatsCommand->run()
#2 /var/www/html/chitkar/protected/framework/console/CConsoleApplication.php(92): CConsoleCommandRunner->run()
#3 /var/www/html/chitkar/protected/framework/base/CApplication.php(185): CConsoleApplication->processRequest()
#4 /var/www/html/chitkar/cron.php(6): CConsoleApplication->run()

2026/02/03 03:50:01 [error] [php] ftp_get(): /reads.ctk: No such file or directory (/var/www/html/chitkar/protected/commands/remoteStatsCommand.php:75)
Stack trace:
#0 /var/www/html/chitkar/protected/commands/remoteStatsCommand.php(75): ftp_get()
#1 /var/www/html/chitkar/protected/framework/console/CConsoleCommandRunner.php(71): remoteStatsCommand->run()
#2 /var/www/html/chitkar/protected/framework/console/CConsoleApplication.php(92): CConsoleCommandRunner->run()
#3 /var/www/html/chitkar/protected/framework/base/CApplication.php(185): CConsoleApplication->processRequest()
#4 /var/www/html/chitkar/cron.php(6): CConsoleApplication->run()

2026/02/03 04:22:01 [error] [php] ftp_get(): /reads.ctk: No such file or directory (/var/www/html/chitkar/protected/commands/remoteStatsCommand.php:75)
Stack trace:
#0 /var/www/html/chitkar/protected/commands/remoteStatsCommand.php(75): ftp_get()
#1 /var/www/html/chitkar/protected/framework/console/CConsoleCommandRunner.php(71): remoteStatsCommand->run()
#2 /var/www/html/chitkar/protected/framework/console/CConsoleApplication.php(92): CConsoleCommandRunner->run()
#3 /var/www/html/chitkar/protected/framework/base/CApplication.php(185): CConsoleApplication->processRequest()
#4 /var/www/html/chitkar/cron.php(6): CConsoleApplication->run()

2026/02/03 04:54:01 [error] [php] ftp_get(): /reads.ctk: No such file or directory (/var/www/html/chitkar/protected/commands/remoteStatsCommand.php:75)
Stack trace:
#0 /var/www/html/chitkar/protected/commands/remoteStatsCommand.php(75): ftp_get()
#1 /var/www/html/chitkar/protected/framework/console/CConsoleCommandRunner.php(71): remoteStatsCommand->run()
#2 /var/www/html/chitkar/protected/framework/console/CConsoleApplication.php(92): CConsoleCommandRunner->run()
#3 /var/www/html/chitkar/protected/framework/base/CApplication.php(185): CConsoleApplication->processRequest()
#4 /var/www/html/chitkar/cron.php(6): CConsoleApplication->run()

2026/02/03 05:26:01 [error] [php] ftp_get(): /reads.ctk: No such file or directory (/var/www/html/chitkar/protected/commands/remoteStatsCommand.php:75)
Stack trace:
#0 /var/www/html/chitkar/protected/commands/remoteStatsCommand.php(75): ftp_get()
#1 /var/www/html/chitkar/protected/framework/console/CConsoleCommandRunner.php(71): remoteStatsCommand->run()
#2 /var/www/html/chitkar/protected/framework/console/CConsoleApplication.php(92): CConsoleCommandRunner->run()
#3 /var/www/html/chitkar/protected/framework/base/CApplication.php(185): CConsoleApplication->processRequest()
#4 /var/www/html/chitkar/cron.php(6): CConsoleApplication->run()

2026/02/03 05:58:01 [error] [php] ftp_get(): /reads.ctk: No such file or directory (/var/www/html/chitkar/protected/commands/remoteStatsCommand.php:75)
Stack trace:
#0 /var/www/html/chitkar/protected/commands/remoteStatsCommand.php(75): ftp_get()
#1 /var/www/html/chitkar/protected/framework/console/CConsoleCommandRunner.php(71): remoteStatsCommand->run()
#2 /var/www/html/chitkar/protected/framework/console/CConsoleApplication.php(92): CConsoleCommandRunner->run()
#3 /var/www/html/chitkar/protected/framework/base/CApplication.php(185): CConsoleApplication->processRequest()
#4 /var/www/html/chitkar/cron.php(6): CConsoleApplication->run()

2026/02/03 06:34:01 [error] [php] ftp_get(): /reads.ctk: No such file or directory (/var/www/html/chitkar/protected/commands/remoteStatsCommand.php:75)
Stack trace:
#0 /var/www/html/chitkar/protected/commands/remoteStatsCommand.php(75): ftp_get()
#1 /var/www/html/chitkar/protected/framework/console/CConsoleCommandRunner.php(71): remoteStatsCommand->run()
#2 /var/www/html/chitkar/protected/framework/console/CConsoleApplication.php(92): CConsoleCommandRunner->run()
#3 /var/www/html/chitkar/protected/framework/base/CApplication.php(185): CConsoleApplication->processRequest()
#4 /var/www/html/chitkar/cron.php(6): CConsoleApplication->run()

2026/02/03 07:12:01 [error] [php] ftp_get(): /reads.ctk: No such file or directory (/var/www/html/chitkar/protected/commands/remoteStatsCommand.php:75)
Stack trace:
#0 /var/www/html/chitkar/protected/commands/remoteStatsCommand.php(75): ftp_get()
#1 /var/www/html/chitkar/protected/framework/console/CConsoleCommandRunner.php(71): remoteStatsCommand->run()
#2 /var/www/html/chitkar/protected/framework/console/CConsoleApplication.php(92): CConsoleCommandRunner->run()
#3 /var/www/html/chitkar/protected/framework/base/CApplication.php(185): CConsoleApplication->processRequest()
#4 /var/www/html/chitkar/cron.php(6): CConsoleApplication->run()

2026/02/03 07:46:01 [error] [php] ftp_get(): /reads.ctk: No such file or directory (/var/www/html/chitkar/protected/commands/remoteStatsCommand.php:75)
Stack trace:
#0 /var/www/html/chitkar/protected/commands/remoteStatsCommand.php(75): ftp_get()
#1 /var/www/html/chitkar/protected/framework/console/CConsoleCommandRunner.php(71): remoteStatsCommand->run()
#2 /var/www/html/chitkar/protected/framework/console/CConsoleApplication.php(92): CConsoleCommandRunner->run()
#3 /var/www/html/chitkar/protected/framework/base/CApplication.php(185): CConsoleApplication->processRequest()
#4 /var/www/html/chitkar/cron.php(6): CConsoleApplication->run()

2026/02/03 08:22:01 [error] [php] ftp_get(): /reads.ctk: No such file or directory (/var/www/html/chitkar/protected/commands/remoteStatsCommand.php:75)
Stack trace:
#0 /var/www/html/chitkar/protected/commands/remoteStatsCommand.php(75): ftp_get()
#1 /var/www/html/chitkar/protected/framework/console/CConsoleCommandRunner.php(71): remoteStatsCommand->run()
#2 /var/www/html/chitkar/protected/framework/console/CConsoleApplication.php(92): CConsoleCommandRunner->run()
#3 /var/www/html/chitkar/protected/framework/base/CApplication.php(185): CConsoleApplication->processRequest()
#4 /var/www/html/chitkar/cron.php(6): CConsoleApplication->run()

2026/02/03 08:58:02 [error] [php] ftp_get(): /reads.ctk: No such file or directory (/var/www/html/chitkar/protected/commands/remoteStatsCommand.php:75)
Stack trace:
#0 /var/www/html/chitkar/protected/commands/remoteStatsCommand.php(75): ftp_get()
#1 /var/www/html/chitkar/protected/framework/console/CConsoleCommandRunner.php(71): remoteStatsCommand->run()
#2 /var/www/html/chitkar/protected/framework/console/CConsoleApplication.php(92): CConsoleCommandRunner->run()
#3 /var/www/html/chitkar/protected/framework/base/CApplication.php(185): CConsoleApplication->processRequest()
#4 /var/www/html/chitkar/cron.php(6): CConsoleApplication->run()

2026/02/03 09:32:01 [error] [php] ftp_get(): /reads.ctk: No such file or directory (/var/www/html/chitkar/protected/commands/remoteStatsCommand.php:75)
Stack trace:
#0 /var/www/html/chitkar/protected/commands/remoteStatsCommand.php(75): ftp_get()
#1 /var/www/html/chitkar/protected/framework/console/CConsoleCommandRunner.php(71): remoteStatsCommand->run()
#2 /var/www/html/chitkar/protected/framework/console/CConsoleApplication.php(92): CConsoleCommandRunner->run()
#3 /var/www/html/chitkar/protected/framework/base/CApplication.php(185): CConsoleApplication->processRequest()
#4 /var/www/html/chitkar/cron.php(6): CConsoleApplication->run()

2026/02/03 10:06:01 [error] [php] ftp_get(): /reads.ctk: No such file or directory (/var/www/html/chitkar/protected/commands/remoteStatsCommand.php:75)
Stack trace:
#0 /var/www/html/chitkar/protected/commands/remoteStatsCommand.php(75): ftp_get()
#1 /var/www/html/chitkar/protected/framework/console/CConsoleCommandRunner.php(71): remoteStatsCommand->run()
#2 /var/www/html/chitkar/protected/framework/console/CConsoleApplication.php(92): CConsoleCommandRunner->run()
#3 /var/www/html/chitkar/protected/framework/base/CApplication.php(185): CConsoleApplication->processRequest()
#4 /var/www/html/chitkar/cron.php(6): CConsoleApplication->run()

2026/02/03 10:40:01 [error] [php] ftp_get(): /reads.ctk: No such file or directory (/var/www/html/chitkar/protected/commands/remoteStatsCommand.php:75)
Stack trace:
#0 /var/www/html/chitkar/protected/commands/remoteStatsCommand.php(75): ftp_get()
#1 /var/www/html/chitkar/protected/framework/console/CConsoleCommandRunner.php(71): remoteStatsCommand->run()
#2 /var/www/html/chitkar/protected/framework/console/CConsoleApplication.php(92): CConsoleCommandRunner->run()
#3 /var/www/html/chitkar/protected/framework/base/CApplication.php(185): CConsoleApplication->processRequest()
#4 /var/www/html/chitkar/cron.php(6): CConsoleApplication->run()

2026/02/03 11:14:02 [error] [php] ftp_get(): /reads.ctk: No such file or directory (/var/www/html/chitkar/protected/commands/remoteStatsCommand.php:75)
Stack trace:
#0 /var/www/html/chitkar/protected/commands/remoteStatsCommand.php(75): ftp_get()
#1 /var/www/html/chitkar/protected/framework/console/CConsoleCommandRunner.php(71): remoteStatsCommand->run()
#2 /var/www/html/chitkar/protected/framework/console/CConsoleApplication.php(92): CConsoleCommandRunner->run()
#3 /var/www/html/chitkar/protected/framework/base/CApplication.php(185): CConsoleApplication->processRequest()
#4 /var/www/html/chitkar/cron.php(6): CConsoleApplication->run()

2026/02/03 11:48:01 [error] [php] ftp_get(): /reads.ctk: No such file or directory (/var/www/html/chitkar/protected/commands/remoteStatsCommand.php:75)
Stack trace:
#0 /var/www/html/chitkar/protected/commands/remoteStatsCommand.php(75): ftp_get()
#1 /var/www/html/chitkar/protected/framework/console/CConsoleCommandRunner.php(71): remoteStatsCommand->run()
#2 /var/www/html/chitkar/protected/framework/console/CConsoleApplication.php(92): CConsoleCommandRunner->run()
#3 /var/www/html/chitkar/protected/framework/base/CApplication.php(185): CConsoleApplication->processRequest()
#4 /var/www/html/chitkar/cron.php(6): CConsoleApplication->run()

2026/02/03 12:22:01 [error] [php] ftp_get(): /reads.ctk: No such file or directory (/var/www/html/chitkar/protected/commands/remoteStatsCommand.php:75)
Stack trace:
#0 /var/www/html/chitkar/protected/commands/remoteStatsCommand.php(75): ftp_get()
#1 /var/www/html/chitkar/protected/framework/console/CConsoleCommandRunner.php(71): remoteStatsCommand->run()
#2 /var/www/html/chitkar/protected/framework/console/CConsoleApplication.php(92): CConsoleCommandRunner->run()
#3 /var/www/html/chitkar/protected/framework/base/CApplication.php(185): CConsoleApplication->processRequest()
#4 /var/www/html/chitkar/cron.php(6): CConsoleApplication->run()

2026/02/03 12:56:01 [error] [php] ftp_get(): /reads.ctk: No such file or directory (/var/www/html/chitkar/protected/commands/remoteStatsCommand.php:75)
Stack trace:
#0 /var/www/html/chitkar/protected/commands/remoteStatsCommand.php(75): ftp_get()
#1 /var/www/html/chitkar/protected/framework/console/CConsoleCommandRunner.php(71): remoteStatsCommand->run()
#2 /var/www/html/chitkar/protected/framework/console/CConsoleApplication.php(92): CConsoleCommandRunner->run()
#3 /var/www/html/chitkar/protected/framework/base/CApplication.php(185): CConsoleApplication->processRequest()
#4 /var/www/html/chitkar/cron.php(6): CConsoleApplication->run()

2026/02/03 13:32:01 [error] [php] ftp_get(): /reads.ctk: No such file or directory (/var/www/html/chitkar/protected/commands/remoteStatsCommand.php:75)
Stack trace:
#0 /var/www/html/chitkar/protected/commands/remoteStatsCommand.php(75): ftp_get()
#1 /var/www/html/chitkar/protected/framework/console/CConsoleCommandRunner.php(71): remoteStatsCommand->run()
#2 /var/www/html/chitkar/protected/framework/console/CConsoleApplication.php(92): CConsoleCommandRunner->run()
#3 /var/www/html/chitkar/protected/framework/base/CApplication.php(185): CConsoleApplication->processRequest()
#4 /var/www/html/chitkar/cron.php(6): CConsoleApplication->run()

2026/02/03 14:12:01 [error] [php] ftp_get(): /reads.ctk: No such file or directory (/var/www/html/chitkar/protected/commands/remoteStatsCommand.php:75)
Stack trace:
#0 /var/www/html/chitkar/protected/commands/remoteStatsCommand.php(75): ftp_get()
#1 /var/www/html/chitkar/protected/framework/console/CConsoleCommandRunner.php(71): remoteStatsCommand->run()
#2 /var/www/html/chitkar/protected/framework/console/CConsoleApplication.php(92): CConsoleCommandRunner->run()
#3 /var/www/html/chitkar/protected/framework/base/CApplication.php(185): CConsoleApplication->processRequest()
#4 /var/www/html/chitkar/cron.php(6): CConsoleApplication->run()

2026/02/03 14:46:01 [error] [php] ftp_get(): /reads.ctk: No such file or directory (/var/www/html/chitkar/protected/commands/remoteStatsCommand.php:75)
Stack trace:
#0 /var/www/html/chitkar/protected/commands/remoteStatsCommand.php(75): ftp_get()
#1 /var/www/html/chitkar/protected/framework/console/CConsoleCommandRunner.php(71): remoteStatsCommand->run()
#2 /var/www/html/chitkar/protected/framework/console/CConsoleApplication.php(92): CConsoleCommandRunner->run()
#3 /var/www/html/chitkar/protected/framework/base/CApplication.php(185): CConsoleApplication->processRequest()
#4 /var/www/html/chitkar/cron.php(6): CConsoleApplication->run()

2026/02/03 15:20:01 [error] [php] ftp_get(): /reads.ctk: No such file or directory (/var/www/html/chitkar/protected/commands/remoteStatsCommand.php:75)
Stack trace:
#0 /var/www/html/chitkar/protected/commands/remoteStatsCommand.php(75): ftp_get()
#1 /var/www/html/chitkar/protected/framework/console/CConsoleCommandRunner.php(71): remoteStatsCommand->run()
#2 /var/www/html/chitkar/protected/framework/console/CConsoleApplication.php(92): CConsoleCommandRunner->run()
#3 /var/www/html/chitkar/protected/framework/base/CApplication.php(185): CConsoleApplication->processRequest()
#4 /var/www/html/chitkar/cron.php(6): CConsoleApplication->run()

2026/02/03 15:54:01 [error] [php] ftp_get(): /reads.ctk: No such file or directory (/var/www/html/chitkar/protected/commands/remoteStatsCommand.php:75)
Stack trace:
#0 /var/www/html/chitkar/protected/commands/remoteStatsCommand.php(75): ftp_get()
#1 /var/www/html/chitkar/protected/framework/console/CConsoleCommandRunner.php(71): remoteStatsCommand->run()
#2 /var/www/html/chitkar/protected/framework/console/CConsoleApplication.php(92): CConsoleCommandRunner->run()
#3 /var/www/html/chitkar/protected/framework/base/CApplication.php(185): CConsoleApplication->processRequest()
#4 /var/www/html/chitkar/cron.php(6): CConsoleApplication->run()

2026/02/03 16:32:01 [error] [php] ftp_get(): /reads.ctk: No such file or directory (/var/www/html/chitkar/protected/commands/remoteStatsCommand.php:75)
Stack trace:
#0 /var/www/html/chitkar/protected/commands/remoteStatsCommand.php(75): ftp_get()
#1 /var/www/html/chitkar/protected/framework/console/CConsoleCommandRunner.php(71): remoteStatsCommand->run()
#2 /var/www/html/chitkar/protected/framework/console/CConsoleApplication.php(92): CConsoleCommandRunner->run()
#3 /var/www/html/chitkar/protected/framework/base/CApplication.php(185): CConsoleApplication->processRequest()
#4 /var/www/html/chitkar/cron.php(6): CConsoleApplication->run()

2026/02/03 17:18:01 [error] [php] ftp_get(): /reads.ctk: No such file or directory (/var/www/html/chitkar/protected/commands/remoteStatsCommand.php:75)
Stack trace:
#0 /var/www/html/chitkar/protected/commands/remoteStatsCommand.php(75): ftp_get()
#1 /var/www/html/chitkar/protected/framework/console/CConsoleCommandRunner.php(71): remoteStatsCommand->run()
#2 /var/www/html/chitkar/protected/framework/console/CConsoleApplication.php(92): CConsoleCommandRunner->run()
#3 /var/www/html/chitkar/protected/framework/base/CApplication.php(185): CConsoleApplication->processRequest()
#4 /var/www/html/chitkar/cron.php(6): CConsoleApplication->run()

2026/02/03 18:18:01 [error] [php] ftp_get(): /reads.ctk: No such file or directory (/var/www/html/chitkar/protected/commands/remoteStatsCommand.php:75)
Stack trace:
#0 /var/www/html/chitkar/protected/commands/remoteStatsCommand.php(75): ftp_get()
#1 /var/www/html/chitkar/protected/framework/console/CConsoleCommandRunner.php(71): remoteStatsCommand->run()
#2 /var/www/html/chitkar/protected/framework/console/CConsoleApplication.php(92): CConsoleCommandRunner->run()
#3 /var/www/html/chitkar/protected/framework/base/CApplication.php(185): CConsoleApplication->processRequest()
#4 /var/www/html/chitkar/cron.php(6): CConsoleApplication->run()

2026/02/03 18:52:01 [error] [php] ftp_get(): /reads.ctk: No such file or directory (/var/www/html/chitkar/protected/commands/remoteStatsCommand.php:75)
Stack trace:
#0 /var/www/html/chitkar/protected/commands/remoteStatsCommand.php(75): ftp_get()
#1 /var/www/html/chitkar/protected/framework/console/CConsoleCommandRunner.php(71): remoteStatsCommand->run()
#2 /var/www/html/chitkar/protected/framework/console/CConsoleApplication.php(92): CConsoleCommandRunner->run()
#3 /var/www/html/chitkar/protected/framework/base/CApplication.php(185): CConsoleApplication->processRequest()
#4 /var/www/html/chitkar/cron.php(6): CConsoleApplication->run()

2026/02/03 19:26:01 [error] [php] ftp_get(): /reads.ctk: No such file or directory (/var/www/html/chitkar/protected/commands/remoteStatsCommand.php:75)
Stack trace:
#0 /var/www/html/chitkar/protected/commands/remoteStatsCommand.php(75): ftp_get()
#1 /var/www/html/chitkar/protected/framework/console/CConsoleCommandRunner.php(71): remoteStatsCommand->run()
#2 /var/www/html/chitkar/protected/framework/console/CConsoleApplication.php(92): CConsoleCommandRunner->run()
#3 /var/www/html/chitkar/protected/framework/base/CApplication.php(185): CConsoleApplication->processRequest()
#4 /var/www/html/chitkar/cron.php(6): CConsoleApplication->run()

2026/02/03 20:10:01 [error] [php] ftp_get(): /reads.ctk: No such file or directory (/var/www/html/chitkar/protected/commands/remoteStatsCommand.php:75)
Stack trace:
#0 /var/www/html/chitkar/protected/commands/remoteStatsCommand.php(75): ftp_get()
#1 /var/www/html/chitkar/protected/framework/console/CConsoleCommandRunner.php(71): remoteStatsCommand->run()
#2 /var/www/html/chitkar/protected/framework/console/CConsoleApplication.php(92): CConsoleCommandRunner->run()
#3 /var/www/html/chitkar/protected/framework/base/CApplication.php(185): CConsoleApplication->processRequest()
#4 /var/www/html/chitkar/cron.php(6): CConsoleApplication->run()

2026/02/03 20:46:02 [error] [php] ftp_get(): /reads.ctk: No such file or directory (/var/www/html/chitkar/protected/commands/remoteStatsCommand.php:75)
Stack trace:
#0 /var/www/html/chitkar/protected/commands/remoteStatsCommand.php(75): ftp_get()
#1 /var/www/html/chitkar/protected/framework/console/CConsoleCommandRunner.php(71): remoteStatsCommand->run()
#2 /var/www/html/chitkar/protected/framework/console/CConsoleApplication.php(92): CConsoleCommandRunner->run()
#3 /var/www/html/chitkar/protected/framework/base/CApplication.php(185): CConsoleApplication->processRequest()
#4 /var/www/html/chitkar/cron.php(6): CConsoleApplication->run()

2026/02/03 21:20:01 [error] [php] ftp_get(): /reads.ctk: No such file or directory (/var/www/html/chitkar/protected/commands/remoteStatsCommand.php:75)
Stack trace:
#0 /var/www/html/chitkar/protected/commands/remoteStatsCommand.php(75): ftp_get()
#1 /var/www/html/chitkar/protected/framework/console/CConsoleCommandRunner.php(71): remoteStatsCommand->run()
#2 /var/www/html/chitkar/protected/framework/console/CConsoleApplication.php(92): CConsoleCommandRunner->run()
#3 /var/www/html/chitkar/protected/framework/base/CApplication.php(185): CConsoleApplication->processRequest()
#4 /var/www/html/chitkar/cron.php(6): CConsoleApplication->run()

2026/02/03 21:58:01 [error] [php] ftp_get(): /reads.ctk: No such file or directory (/var/www/html/chitkar/protected/commands/remoteStatsCommand.php:75)
Stack trace:
#0 /var/www/html/chitkar/protected/commands/remoteStatsCommand.php(75): ftp_get()
#1 /var/www/html/chitkar/protected/framework/console/CConsoleCommandRunner.php(71): remoteStatsCommand->run()
#2 /var/www/html/chitkar/protected/framework/console/CConsoleApplication.php(92): CConsoleCommandRunner->run()
#3 /var/www/html/chitkar/protected/framework/base/CApplication.php(185): CConsoleApplication->processRequest()
#4 /var/www/html/chitkar/cron.php(6): CConsoleApplication->run()

2026/02/03 22:34:01 [error] [php] ftp_get(): /reads.ctk: No such file or directory (/var/www/html/chitkar/protected/commands/remoteStatsCommand.php:75)
Stack trace:
#0 /var/www/html/chitkar/protected/commands/remoteStatsCommand.php(75): ftp_get()
#1 /var/www/html/chitkar/protected/framework/console/CConsoleCommandRunner.php(71): remoteStatsCommand->run()
#2 /var/www/html/chitkar/protected/framework/console/CConsoleApplication.php(92): CConsoleCommandRunner->run()
#3 /var/www/html/chitkar/protected/framework/base/CApplication.php(185): CConsoleApplication->processRequest()
#4 /var/www/html/chitkar/cron.php(6): CConsoleApplication->run()

2026/02/03 23:08:01 [error] [php] ftp_get(): /reads.ctk: No such file or directory (/var/www/html/chitkar/protected/commands/remoteStatsCommand.php:75)
Stack trace:
#0 /var/www/html/chitkar/protected/commands/remoteStatsCommand.php(75): ftp_get()
#1 /var/www/html/chitkar/protected/framework/console/CConsoleCommandRunner.php(71): remoteStatsCommand->run()
#2 /var/www/html/chitkar/protected/framework/console/CConsoleApplication.php(92): CConsoleCommandRunner->run()
#3 /var/www/html/chitkar/protected/framework/base/CApplication.php(185): CConsoleApplication->processRequest()
#4 /var/www/html/chitkar/cron.php(6): CConsoleApplication->run()

2026/02/03 23:42:01 [error] [php] ftp_get(): /reads.ctk: No such file or directory (/var/www/html/chitkar/protected/commands/remoteStatsCommand.php:75)
Stack trace:
#0 /var/www/html/chitkar/protected/commands/remoteStatsCommand.php(75): ftp_get()
#1 /var/www/html/chitkar/protected/framework/console/CConsoleCommandRunner.php(71): remoteStatsCommand->run()
#2 /var/www/html/chitkar/protected/framework/console/CConsoleApplication.php(92): CConsoleCommandRunner->run()
#3 /var/www/html/chitkar/protected/framework/base/CApplication.php(185): CConsoleApplication->processRequest()
#4 /var/www/html/chitkar/cron.php(6): CConsoleApplication->run()

2026/02/04 00:16:01 [error] [php] ftp_get(): /reads.ctk: No such file or directory (/var/www/html/chitkar/protected/commands/remoteStatsCommand.php:75)
Stack trace:
#0 /var/www/html/chitkar/protected/commands/remoteStatsCommand.php(75): ftp_get()
#1 /var/www/html/chitkar/protected/framework/console/CConsoleCommandRunner.php(71): remoteStatsCommand->run()
#2 /var/www/html/chitkar/protected/framework/console/CConsoleApplication.php(92): CConsoleCommandRunner->run()
#3 /var/www/html/chitkar/protected/framework/base/CApplication.php(185): CConsoleApplication->processRequest()
#4 /var/www/html/chitkar/cron.php(6): CConsoleApplication->run()

2026/02/04 00:50:01 [error] [php] ftp_get(): /reads.ctk: No such file or directory (/var/www/html/chitkar/protected/commands/remoteStatsCommand.php:75)
Stack trace:
#0 /var/www/html/chitkar/protected/commands/remoteStatsCommand.php(75): ftp_get()
#1 /var/www/html/chitkar/protected/framework/console/CConsoleCommandRunner.php(71): remoteStatsCommand->run()
#2 /var/www/html/chitkar/protected/framework/console/CConsoleApplication.php(92): CConsoleCommandRunner->run()
#3 /var/www/html/chitkar/protected/framework/base/CApplication.php(185): CConsoleApplication->processRequest()
#4 /var/www/html/chitkar/cron.php(6): CConsoleApplication->run()

2026/02/04 01:28:01 [error] [php] ftp_get(): /reads.ctk: No such file or directory (/var/www/html/chitkar/protected/commands/remoteStatsCommand.php:75)
Stack trace:
#0 /var/www/html/chitkar/protected/commands/remoteStatsCommand.php(75): ftp_get()
#1 /var/www/html/chitkar/protected/framework/console/CConsoleCommandRunner.php(71): remoteStatsCommand->run()
#2 /var/www/html/chitkar/protected/framework/console/CConsoleApplication.php(92): CConsoleCommandRunner->run()
#3 /var/www/html/chitkar/protected/framework/base/CApplication.php(185): CConsoleApplication->processRequest()
#4 /var/www/html/chitkar/cron.php(6): CConsoleApplication->run()

2026/02/04 02:02:01 [error] [php] ftp_get(): /reads.ctk: No such file or directory (/var/www/html/chitkar/protected/commands/remoteStatsCommand.php:75)
Stack trace:
#0 /var/www/html/chitkar/protected/commands/remoteStatsCommand.php(75): ftp_get()
#1 /var/www/html/chitkar/protected/framework/console/CConsoleCommandRunner.php(71): remoteStatsCommand->run()
#2 /var/www/html/chitkar/protected/framework/console/CConsoleApplication.php(92): CConsoleCommandRunner->run()
#3 /var/www/html/chitkar/protected/framework/base/CApplication.php(185): CConsoleApplication->processRequest()
#4 /var/www/html/chitkar/cron.php(6): CConsoleApplication->run()

2026/02/04 02:38:02 [error] [php] ftp_get(): /reads.ctk: No such file or directory (/var/www/html/chitkar/protected/commands/remoteStatsCommand.php:75)
Stack trace:
#0 /var/www/html/chitkar/protected/commands/remoteStatsCommand.php(75): ftp_get()
#1 /var/www/html/chitkar/protected/framework/console/CConsoleCommandRunner.php(71): remoteStatsCommand->run()
#2 /var/www/html/chitkar/protected/framework/console/CConsoleApplication.php(92): CConsoleCommandRunner->run()
#3 /var/www/html/chitkar/protected/framework/base/CApplication.php(185): CConsoleApplication->processRequest()
#4 /var/www/html/chitkar/cron.php(6): CConsoleApplication->run()

2026/02/04 03:12:01 [error] [php] ftp_get(): /reads.ctk: No such file or directory (/var/www/html/chitkar/protected/commands/remoteStatsCommand.php:75)
Stack trace:
#0 /var/www/html/chitkar/protected/commands/remoteStatsCommand.php(75): ftp_get()
#1 /var/www/html/chitkar/protected/framework/console/CConsoleCommandRunner.php(71): remoteStatsCommand->run()
#2 /var/www/html/chitkar/protected/framework/console/CConsoleApplication.php(92): CConsoleCommandRunner->run()
#3 /var/www/html/chitkar/protected/framework/base/CApplication.php(185): CConsoleApplication->processRequest()
#4 /var/www/html/chitkar/cron.php(6): CConsoleApplication->run()

2026/02/04 03:44:02 [error] [php] ftp_get(): /reads.ctk: No such file or directory (/var/www/html/chitkar/protected/commands/remoteStatsCommand.php:75)
Stack trace:
#0 /var/www/html/chitkar/protected/commands/remoteStatsCommand.php(75): ftp_get()
#1 /var/www/html/chitkar/protected/framework/console/CConsoleCommandRunner.php(71): remoteStatsCommand->run()
#2 /var/www/html/chitkar/protected/framework/console/CConsoleApplication.php(92): CConsoleCommandRunner->run()
#3 /var/www/html/chitkar/protected/framework/base/CApplication.php(185): CConsoleApplication->processRequest()
#4 /var/www/html/chitkar/cron.php(6): CConsoleApplication->run()

2026/02/04 04:18:01 [error] [php] ftp_get(): /reads.ctk: No such file or directory (/var/www/html/chitkar/protected/commands/remoteStatsCommand.php:75)
Stack trace:
#0 /var/www/html/chitkar/protected/commands/remoteStatsCommand.php(75): ftp_get()
#1 /var/www/html/chitkar/protected/framework/console/CConsoleCommandRunner.php(71): remoteStatsCommand->run()
#2 /var/www/html/chitkar/protected/framework/console/CConsoleApplication.php(92): CConsoleCommandRunner->run()
#3 /var/www/html/chitkar/protected/framework/base/CApplication.php(185): CConsoleApplication->processRequest()
#4 /var/www/html/chitkar/cron.php(6): CConsoleApplication->run()

2026/02/04 04:52:01 [error] [php] ftp_get(): /reads.ctk: No such file or directory (/var/www/html/chitkar/protected/commands/remoteStatsCommand.php:75)
Stack trace:
#0 /var/www/html/chitkar/protected/commands/remoteStatsCommand.php(75): ftp_get()
#1 /var/www/html/chitkar/protected/framework/console/CConsoleCommandRunner.php(71): remoteStatsCommand->run()
#2 /var/www/html/chitkar/protected/framework/console/CConsoleApplication.php(92): CConsoleCommandRunner->run()
#3 /var/www/html/chitkar/protected/framework/base/CApplication.php(185): CConsoleApplication->processRequest()
#4 /var/www/html/chitkar/cron.php(6): CConsoleApplication->run()

2026/02/04 05:30:01 [error] [php] ftp_get(): /reads.ctk: No such file or directory (/var/www/html/chitkar/protected/commands/remoteStatsCommand.php:75)
Stack trace:
#0 /var/www/html/chitkar/protected/commands/remoteStatsCommand.php(75): ftp_get()
#1 /var/www/html/chitkar/protected/framework/console/CConsoleCommandRunner.php(71): remoteStatsCommand->run()
#2 /var/www/html/chitkar/protected/framework/console/CConsoleApplication.php(92): CConsoleCommandRunner->run()
#3 /var/www/html/chitkar/protected/framework/base/CApplication.php(185): CConsoleApplication->processRequest()
#4 /var/www/html/chitkar/cron.php(6): CConsoleApplication->run()

2026/02/04 06:04:01 [error] [php] ftp_get(): /reads.ctk: No such file or directory (/var/www/html/chitkar/protected/commands/remoteStatsCommand.php:75)
Stack trace:
#0 /var/www/html/chitkar/protected/commands/remoteStatsCommand.php(75): ftp_get()
#1 /var/www/html/chitkar/protected/framework/console/CConsoleCommandRunner.php(71): remoteStatsCommand->run()
#2 /var/www/html/chitkar/protected/framework/console/CConsoleApplication.php(92): CConsoleCommandRunner->run()
#3 /var/www/html/chitkar/protected/framework/base/CApplication.php(185): CConsoleApplication->processRequest()
#4 /var/www/html/chitkar/cron.php(6): CConsoleApplication->run()

2026/02/04 06:38:01 [error] [php] ftp_get(): /reads.ctk: No such file or directory (/var/www/html/chitkar/protected/commands/remoteStatsCommand.php:75)
Stack trace:
#0 /var/www/html/chitkar/protected/commands/remoteStatsCommand.php(75): ftp_get()
#1 /var/www/html/chitkar/protected/framework/console/CConsoleCommandRunner.php(71): remoteStatsCommand->run()
#2 /var/www/html/chitkar/protected/framework/console/CConsoleApplication.php(92): CConsoleCommandRunner->run()
#3 /var/www/html/chitkar/protected/framework/base/CApplication.php(185): CConsoleApplication->processRequest()
#4 /var/www/html/chitkar/cron.php(6): CConsoleApplication->run()

2026/02/04 07:12:01 [error] [php] ftp_get(): /reads.ctk: No such file or directory (/var/www/html/chitkar/protected/commands/remoteStatsCommand.php:75)
Stack trace:
#0 /var/www/html/chitkar/protected/commands/remoteStatsCommand.php(75): ftp_get()
#1 /var/www/html/chitkar/protected/framework/console/CConsoleCommandRunner.php(71): remoteStatsCommand->run()
#2 /var/www/html/chitkar/protected/framework/console/CConsoleApplication.php(92): CConsoleCommandRunner->run()
#3 /var/www/html/chitkar/protected/framework/base/CApplication.php(185): CConsoleApplication->processRequest()
#4 /var/www/html/chitkar/cron.php(6): CConsoleApplication->run()

2026/02/04 07:46:01 [error] [php] ftp_get(): /reads.ctk: No such file or directory (/var/www/html/chitkar/protected/commands/remoteStatsCommand.php:75)
Stack trace:
#0 /var/www/html/chitkar/protected/commands/remoteStatsCommand.php(75): ftp_get()
#1 /var/www/html/chitkar/protected/framework/console/CConsoleCommandRunner.php(71): remoteStatsCommand->run()
#2 /var/www/html/chitkar/protected/framework/console/CConsoleApplication.php(92): CConsoleCommandRunner->run()
#3 /var/www/html/chitkar/protected/framework/base/CApplication.php(185): CConsoleApplication->processRequest()
#4 /var/www/html/chitkar/cron.php(6): CConsoleApplication->run()

2026/02/04 08:22:01 [error] [php] ftp_get(): /reads.ctk: No such file or directory (/var/www/html/chitkar/protected/commands/remoteStatsCommand.php:75)
Stack trace:
#0 /var/www/html/chitkar/protected/commands/remoteStatsCommand.php(75): ftp_get()
#1 /var/www/html/chitkar/protected/framework/console/CConsoleCommandRunner.php(71): remoteStatsCommand->run()
#2 /var/www/html/chitkar/protected/framework/console/CConsoleApplication.php(92): CConsoleCommandRunner->run()
#3 /var/www/html/chitkar/protected/framework/base/CApplication.php(185): CConsoleApplication->processRequest()
#4 /var/www/html/chitkar/cron.php(6): CConsoleApplication->run()

2026/02/04 08:58:02 [error] [php] ftp_get(): /reads.ctk: No such file or directory (/var/www/html/chitkar/protected/commands/remoteStatsCommand.php:75)
Stack trace:
#0 /var/www/html/chitkar/protected/commands/remoteStatsCommand.php(75): ftp_get()
#1 /var/www/html/chitkar/protected/framework/console/CConsoleCommandRunner.php(71): remoteStatsCommand->run()
#2 /var/www/html/chitkar/protected/framework/console/CConsoleApplication.php(92): CConsoleCommandRunner->run()
#3 /var/www/html/chitkar/protected/framework/base/CApplication.php(185): CConsoleApplication->processRequest()
#4 /var/www/html/chitkar/cron.php(6): CConsoleApplication->run()

2026/02/04 09:32:01 [error] [php] ftp_get(): /reads.ctk: No such file or directory (/var/www/html/chitkar/protected/commands/remoteStatsCommand.php:75)
Stack trace:
#0 /var/www/html/chitkar/protected/commands/remoteStatsCommand.php(75): ftp_get()
#1 /var/www/html/chitkar/protected/framework/console/CConsoleCommandRunner.php(71): remoteStatsCommand->run()
#2 /var/www/html/chitkar/protected/framework/console/CConsoleApplication.php(92): CConsoleCommandRunner->run()
#3 /var/www/html/chitkar/protected/framework/base/CApplication.php(185): CConsoleApplication->processRequest()
#4 /var/www/html/chitkar/cron.php(6): CConsoleApplication->run()

2026/02/04 10:06:01 [error] [php] ftp_get(): /reads.ctk: No such file or directory (/var/www/html/chitkar/protected/commands/remoteStatsCommand.php:75)
Stack trace:
#0 /var/www/html/chitkar/protected/commands/remoteStatsCommand.php(75): ftp_get()
#1 /var/www/html/chitkar/protected/framework/console/CConsoleCommandRunner.php(71): remoteStatsCommand->run()
#2 /var/www/html/chitkar/protected/framework/console/CConsoleApplication.php(92): CConsoleCommandRunner->run()
#3 /var/www/html/chitkar/protected/framework/base/CApplication.php(185): CConsoleApplication->processRequest()
#4 /var/www/html/chitkar/cron.php(6): CConsoleApplication->run()

2026/02/04 10:44:01 [error] [php] ftp_get(): /reads.ctk: No such file or directory (/var/www/html/chitkar/protected/commands/remoteStatsCommand.php:75)
Stack trace:
#0 /var/www/html/chitkar/protected/commands/remoteStatsCommand.php(75): ftp_get()
#1 /var/www/html/chitkar/protected/framework/console/CConsoleCommandRunner.php(71): remoteStatsCommand->run()
#2 /var/www/html/chitkar/protected/framework/console/CConsoleApplication.php(92): CConsoleCommandRunner->run()
#3 /var/www/html/chitkar/protected/framework/base/CApplication.php(185): CConsoleApplication->processRequest()
#4 /var/www/html/chitkar/cron.php(6): CConsoleApplication->run()

2026/02/04 11:20:01 [error] [php] ftp_get(): /reads.ctk: No such file or directory (/var/www/html/chitkar/protected/commands/remoteStatsCommand.php:75)
Stack trace:
#0 /var/www/html/chitkar/protected/commands/remoteStatsCommand.php(75): ftp_get()
#1 /var/www/html/chitkar/protected/framework/console/CConsoleCommandRunner.php(71): remoteStatsCommand->run()
#2 /var/www/html/chitkar/protected/framework/console/CConsoleApplication.php(92): CConsoleCommandRunner->run()
#3 /var/www/html/chitkar/protected/framework/base/CApplication.php(185): CConsoleApplication->processRequest()
#4 /var/www/html/chitkar/cron.php(6): CConsoleApplication->run()

2026/02/04 11:56:01 [error] [php] ftp_get(): /reads.ctk: No such file or directory (/var/www/html/chitkar/protected/commands/remoteStatsCommand.php:75)
Stack trace:
#0 /var/www/html/chitkar/protected/commands/remoteStatsCommand.php(75): ftp_get()
#1 /var/www/html/chitkar/protected/framework/console/CConsoleCommandRunner.php(71): remoteStatsCommand->run()
#2 /var/www/html/chitkar/protected/framework/console/CConsoleApplication.php(92): CConsoleCommandRunner->run()
#3 /var/www/html/chitkar/protected/framework/base/CApplication.php(185): CConsoleApplication->processRequest()
#4 /var/www/html/chitkar/cron.php(6): CConsoleApplication->run()

2026/02/04 12:32:01 [error] [php] ftp_get(): /reads.ctk: No such file or directory (/var/www/html/chitkar/protected/commands/remoteStatsCommand.php:75)
Stack trace:
#0 /var/www/html/chitkar/protected/commands/remoteStatsCommand.php(75): ftp_get()
#1 /var/www/html/chitkar/protected/framework/console/CConsoleCommandRunner.php(71): remoteStatsCommand->run()
#2 /var/www/html/chitkar/protected/framework/console/CConsoleApplication.php(92): CConsoleCommandRunner->run()
#3 /var/www/html/chitkar/protected/framework/base/CApplication.php(185): CConsoleApplication->processRequest()
#4 /var/www/html/chitkar/cron.php(6): CConsoleApplication->run()

2026/02/04 13:06:01 [error] [php] ftp_get(): /reads.ctk: No such file or directory (/var/www/html/chitkar/protected/commands/remoteStatsCommand.php:75)
Stack trace:
#0 /var/www/html/chitkar/protected/commands/remoteStatsCommand.php(75): ftp_get()
#1 /var/www/html/chitkar/protected/framework/console/CConsoleCommandRunner.php(71): remoteStatsCommand->run()
#2 /var/www/html/chitkar/protected/framework/console/CConsoleApplication.php(92): CConsoleCommandRunner->run()
#3 /var/www/html/chitkar/protected/framework/base/CApplication.php(185): CConsoleApplication->processRequest()
#4 /var/www/html/chitkar/cron.php(6): CConsoleApplication->run()

2026/02/04 13:46:01 [error] [php] ftp_get(): /reads.ctk: No such file or directory (/var/www/html/chitkar/protected/commands/remoteStatsCommand.php:75)
Stack trace:
#0 /var/www/html/chitkar/protected/commands/remoteStatsCommand.php(75): ftp_get()
#1 /var/www/html/chitkar/protected/framework/console/CConsoleCommandRunner.php(71): remoteStatsCommand->run()
#2 /var/www/html/chitkar/protected/framework/console/CConsoleApplication.php(92): CConsoleCommandRunner->run()
#3 /var/www/html/chitkar/protected/framework/base/CApplication.php(185): CConsoleApplication->processRequest()
#4 /var/www/html/chitkar/cron.php(6): CConsoleApplication->run()

2026/02/04 14:20:01 [error] [php] ftp_get(): /reads.ctk: No such file or directory (/var/www/html/chitkar/protected/commands/remoteStatsCommand.php:75)
Stack trace:
#0 /var/www/html/chitkar/protected/commands/remoteStatsCommand.php(75): ftp_get()
#1 /var/www/html/chitkar/protected/framework/console/CConsoleCommandRunner.php(71): remoteStatsCommand->run()
#2 /var/www/html/chitkar/protected/framework/console/CConsoleApplication.php(92): CConsoleCommandRunner->run()
#3 /var/www/html/chitkar/protected/framework/base/CApplication.php(185): CConsoleApplication->processRequest()
#4 /var/www/html/chitkar/cron.php(6): CConsoleApplication->run()

2026/02/04 14:54:01 [error] [php] ftp_get(): /reads.ctk: No such file or directory (/var/www/html/chitkar/protected/commands/remoteStatsCommand.php:75)
Stack trace:
#0 /var/www/html/chitkar/protected/commands/remoteStatsCommand.php(75): ftp_get()
#1 /var/www/html/chitkar/protected/framework/console/CConsoleCommandRunner.php(71): remoteStatsCommand->run()
#2 /var/www/html/chitkar/protected/framework/console/CConsoleApplication.php(92): CConsoleCommandRunner->run()
#3 /var/www/html/chitkar/protected/framework/base/CApplication.php(185): CConsoleApplication->processRequest()
#4 /var/www/html/chitkar/cron.php(6): CConsoleApplication->run()

2026/02/04 15:28:01 [error] [php] ftp_get(): /reads.ctk: No such file or directory (/var/www/html/chitkar/protected/commands/remoteStatsCommand.php:75)
Stack trace:
#0 /var/www/html/chitkar/protected/commands/remoteStatsCommand.php(75): ftp_get()
#1 /var/www/html/chitkar/protected/framework/console/CConsoleCommandRunner.php(71): remoteStatsCommand->run()
#2 /var/www/html/chitkar/protected/framework/console/CConsoleApplication.php(92): CConsoleCommandRunner->run()
#3 /var/www/html/chitkar/protected/framework/base/CApplication.php(185): CConsoleApplication->processRequest()
#4 /var/www/html/chitkar/cron.php(6): CConsoleApplication->run()

2026/02/04 16:06:01 [error] [php] ftp_get(): /reads.ctk: No such file or directory (/var/www/html/chitkar/protected/commands/remoteStatsCommand.php:75)
Stack trace:
#0 /var/www/html/chitkar/protected/commands/remoteStatsCommand.php(75): ftp_get()
#1 /var/www/html/chitkar/protected/framework/console/CConsoleCommandRunner.php(71): remoteStatsCommand->run()
#2 /var/www/html/chitkar/protected/framework/console/CConsoleApplication.php(92): CConsoleCommandRunner->run()
#3 /var/www/html/chitkar/protected/framework/base/CApplication.php(185): CConsoleApplication->processRequest()
#4 /var/www/html/chitkar/cron.php(6): CConsoleApplication->run()

2026/02/04 16:42:02 [error] [php] ftp_get(): /reads.ctk: No such file or directory (/var/www/html/chitkar/protected/commands/remoteStatsCommand.php:75)
Stack trace:
#0 /var/www/html/chitkar/protected/commands/remoteStatsCommand.php(75): ftp_get()
#1 /var/www/html/chitkar/protected/framework/console/CConsoleCommandRunner.php(71): remoteStatsCommand->run()
#2 /var/www/html/chitkar/protected/framework/console/CConsoleApplication.php(92): CConsoleCommandRunner->run()
#3 /var/www/html/chitkar/protected/framework/base/CApplication.php(185): CConsoleApplication->processRequest()
#4 /var/www/html/chitkar/cron.php(6): CConsoleApplication->run()

2026/02/04 17:16:02 [error] [php] ftp_get(): /reads.ctk: No such file or directory (/var/www/html/chitkar/protected/commands/remoteStatsCommand.php:75)
Stack trace:
#0 /var/www/html/chitkar/protected/commands/remoteStatsCommand.php(75): ftp_get()
#1 /var/www/html/chitkar/protected/framework/console/CConsoleCommandRunner.php(71): remoteStatsCommand->run()
#2 /var/www/html/chitkar/protected/framework/console/CConsoleApplication.php(92): CConsoleCommandRunner->run()
#3 /var/www/html/chitkar/protected/framework/base/CApplication.php(185): CConsoleApplication->processRequest()
#4 /var/www/html/chitkar/cron.php(6): CConsoleApplication->run()

2026/02/04 17:52:01 [error] [php] ftp_get(): /reads.ctk: No such file or directory (/var/www/html/chitkar/protected/commands/remoteStatsCommand.php:75)
Stack trace:
#0 /var/www/html/chitkar/protected/commands/remoteStatsCommand.php(75): ftp_get()
#1 /var/www/html/chitkar/protected/framework/console/CConsoleCommandRunner.php(71): remoteStatsCommand->run()
#2 /var/www/html/chitkar/protected/framework/console/CConsoleApplication.php(92): CConsoleCommandRunner->run()
#3 /var/www/html/chitkar/protected/framework/base/CApplication.php(185): CConsoleApplication->processRequest()
#4 /var/www/html/chitkar/cron.php(6): CConsoleApplication->run()

2026/02/04 18:26:01 [error] [php] ftp_get(): /reads.ctk: No such file or directory (/var/www/html/chitkar/protected/commands/remoteStatsCommand.php:75)
Stack trace:
#0 /var/www/html/chitkar/protected/commands/remoteStatsCommand.php(75): ftp_get()
#1 /var/www/html/chitkar/protected/framework/console/CConsoleCommandRunner.php(71): remoteStatsCommand->run()
#2 /var/www/html/chitkar/protected/framework/console/CConsoleApplication.php(92): CConsoleCommandRunner->run()
#3 /var/www/html/chitkar/protected/framework/base/CApplication.php(185): CConsoleApplication->processRequest()
#4 /var/www/html/chitkar/cron.php(6): CConsoleApplication->run()

2026/02/04 19:00:01 [error] [php] ftp_get(): /reads.ctk: No such file or directory (/var/www/html/chitkar/protected/commands/remoteStatsCommand.php:75)
Stack trace:
#0 /var/www/html/chitkar/protected/commands/remoteStatsCommand.php(75): ftp_get()
#1 /var/www/html/chitkar/protected/framework/console/CConsoleCommandRunner.php(71): remoteStatsCommand->run()
#2 /var/www/html/chitkar/protected/framework/console/CConsoleApplication.php(92): CConsoleCommandRunner->run()
#3 /var/www/html/chitkar/protected/framework/base/CApplication.php(185): CConsoleApplication->processRequest()
#4 /var/www/html/chitkar/cron.php(6): CConsoleApplication->run()

2026/02/04 19:34:01 [error] [php] ftp_get(): /reads.ctk: No such file or directory (/var/www/html/chitkar/protected/commands/remoteStatsCommand.php:75)
Stack trace:
#0 /var/www/html/chitkar/protected/commands/remoteStatsCommand.php(75): ftp_get()
#1 /var/www/html/chitkar/protected/framework/console/CConsoleCommandRunner.php(71): remoteStatsCommand->run()
#2 /var/www/html/chitkar/protected/framework/console/CConsoleApplication.php(92): CConsoleCommandRunner->run()
#3 /var/www/html/chitkar/protected/framework/base/CApplication.php(185): CConsoleApplication->processRequest()
#4 /var/www/html/chitkar/cron.php(6): CConsoleApplication->run()

2026/02/04 20:08:01 [error] [php] ftp_get(): /reads.ctk: No such file or directory (/var/www/html/chitkar/protected/commands/remoteStatsCommand.php:75)
Stack trace:
#0 /var/www/html/chitkar/protected/commands/remoteStatsCommand.php(75): ftp_get()
#1 /var/www/html/chitkar/protected/framework/console/CConsoleCommandRunner.php(71): remoteStatsCommand->run()
#2 /var/www/html/chitkar/protected/framework/console/CConsoleApplication.php(92): CConsoleCommandRunner->run()
#3 /var/www/html/chitkar/protected/framework/base/CApplication.php(185): CConsoleApplication->processRequest()
#4 /var/www/html/chitkar/cron.php(6): CConsoleApplication->run()

2026/02/04 20:42:02 [error] [php] ftp_get(): /reads.ctk: No such file or directory (/var/www/html/chitkar/protected/commands/remoteStatsCommand.php:75)
Stack trace:
#0 /var/www/html/chitkar/protected/commands/remoteStatsCommand.php(75): ftp_get()
#1 /var/www/html/chitkar/protected/framework/console/CConsoleCommandRunner.php(71): remoteStatsCommand->run()
#2 /var/www/html/chitkar/protected/framework/console/CConsoleApplication.php(92): CConsoleCommandRunner->run()
#3 /var/www/html/chitkar/protected/framework/base/CApplication.php(185): CConsoleApplication->processRequest()
#4 /var/www/html/chitkar/cron.php(6): CConsoleApplication->run()

2026/02/04 21:16:01 [error] [php] ftp_get(): /reads.ctk: No such file or directory (/var/www/html/chitkar/protected/commands/remoteStatsCommand.php:75)
Stack trace:
#0 /var/www/html/chitkar/protected/commands/remoteStatsCommand.php(75): ftp_get()
#1 /var/www/html/chitkar/protected/framework/console/CConsoleCommandRunner.php(71): remoteStatsCommand->run()
#2 /var/www/html/chitkar/protected/framework/console/CConsoleApplication.php(92): CConsoleCommandRunner->run()
#3 /var/www/html/chitkar/protected/framework/base/CApplication.php(185): CConsoleApplication->processRequest()
#4 /var/www/html/chitkar/cron.php(6): CConsoleApplication->run()

2026/02/04 21:52:01 [error] [php] ftp_get(): /reads.ctk: No such file or directory (/var/www/html/chitkar/protected/commands/remoteStatsCommand.php:75)
Stack trace:
#0 /var/www/html/chitkar/protected/commands/remoteStatsCommand.php(75): ftp_get()
#1 /var/www/html/chitkar/protected/framework/console/CConsoleCommandRunner.php(71): remoteStatsCommand->run()
#2 /var/www/html/chitkar/protected/framework/console/CConsoleApplication.php(92): CConsoleCommandRunner->run()
#3 /var/www/html/chitkar/protected/framework/base/CApplication.php(185): CConsoleApplication->processRequest()
#4 /var/www/html/chitkar/cron.php(6): CConsoleApplication->run()

2026/02/04 22:26:01 [error] [php] ftp_get(): /reads.ctk: No such file or directory (/var/www/html/chitkar/protected/commands/remoteStatsCommand.php:75)
Stack trace:
#0 /var/www/html/chitkar/protected/commands/remoteStatsCommand.php(75): ftp_get()
#1 /var/www/html/chitkar/protected/framework/console/CConsoleCommandRunner.php(71): remoteStatsCommand->run()
#2 /var/www/html/chitkar/protected/framework/console/CConsoleApplication.php(92): CConsoleCommandRunner->run()
#3 /var/www/html/chitkar/protected/framework/base/CApplication.php(185): CConsoleApplication->processRequest()
#4 /var/www/html/chitkar/cron.php(6): CConsoleApplication->run()

2026/02/04 23:00:01 [error] [php] ftp_get(): /reads.ctk: No such file or directory (/var/www/html/chitkar/protected/commands/remoteStatsCommand.php:75)
Stack trace:
#0 /var/www/html/chitkar/protected/commands/remoteStatsCommand.php(75): ftp_get()
#1 /var/www/html/chitkar/protected/framework/console/CConsoleCommandRunner.php(71): remoteStatsCommand->run()
#2 /var/www/html/chitkar/protected/framework/console/CConsoleApplication.php(92): CConsoleCommandRunner->run()
#3 /var/www/html/chitkar/protected/framework/base/CApplication.php(185): CConsoleApplication->processRequest()
#4 /var/www/html/chitkar/cron.php(6): CConsoleApplication->run()

2026/02/04 23:34:01 [error] [php] ftp_get(): /reads.ctk: No such file or directory (/var/www/html/chitkar/protected/commands/remoteStatsCommand.php:75)
Stack trace:
#0 /var/www/html/chitkar/protected/commands/remoteStatsCommand.php(75): ftp_get()
#1 /var/www/html/chitkar/protected/framework/console/CConsoleCommandRunner.php(71): remoteStatsCommand->run()
#2 /var/www/html/chitkar/protected/framework/console/CConsoleApplication.php(92): CConsoleCommandRunner->run()
#3 /var/www/html/chitkar/protected/framework/base/CApplication.php(185): CConsoleApplication->processRequest()
#4 /var/www/html/chitkar/cron.php(6): CConsoleApplication->run()

2026/02/05 00:08:01 [error] [php] ftp_get(): /reads.ctk: No such file or directory (/var/www/html/chitkar/protected/commands/remoteStatsCommand.php:75)
Stack trace:
#0 /var/www/html/chitkar/protected/commands/remoteStatsCommand.php(75): ftp_get()
#1 /var/www/html/chitkar/protected/framework/console/CConsoleCommandRunner.php(71): remoteStatsCommand->run()
#2 /var/www/html/chitkar/protected/framework/console/CConsoleApplication.php(92): CConsoleCommandRunner->run()
#3 /var/www/html/chitkar/protected/framework/base/CApplication.php(185): CConsoleApplication->processRequest()
#4 /var/www/html/chitkar/cron.php(6): CConsoleApplication->run()

2026/02/05 00:42:02 [error] [php] ftp_get(): /reads.ctk: No such file or directory (/var/www/html/chitkar/protected/commands/remoteStatsCommand.php:75)
Stack trace:
#0 /var/www/html/chitkar/protected/commands/remoteStatsCommand.php(75): ftp_get()
#1 /var/www/html/chitkar/protected/framework/console/CConsoleCommandRunner.php(71): remoteStatsCommand->run()
#2 /var/www/html/chitkar/protected/framework/console/CConsoleApplication.php(92): CConsoleCommandRunner->run()
#3 /var/www/html/chitkar/protected/framework/base/CApplication.php(185): CConsoleApplication->processRequest()
#4 /var/www/html/chitkar/cron.php(6): CConsoleApplication->run()

2026/02/05 01:16:01 [error] [php] ftp_get(): /reads.ctk: No such file or directory (/var/www/html/chitkar/protected/commands/remoteStatsCommand.php:75)
Stack trace:
#0 /var/www/html/chitkar/protected/commands/remoteStatsCommand.php(75): ftp_get()
#1 /var/www/html/chitkar/protected/framework/console/CConsoleCommandRunner.php(71): remoteStatsCommand->run()
#2 /var/www/html/chitkar/protected/framework/console/CConsoleApplication.php(92): CConsoleCommandRunner->run()
#3 /var/www/html/chitkar/protected/framework/base/CApplication.php(185): CConsoleApplication->processRequest()
#4 /var/www/html/chitkar/cron.php(6): CConsoleApplication->run()

2026/02/05 01:50:01 [error] [php] ftp_get(): /reads.ctk: No such file or directory (/var/www/html/chitkar/protected/commands/remoteStatsCommand.php:75)
Stack trace:
#0 /var/www/html/chitkar/protected/commands/remoteStatsCommand.php(75): ftp_get()
#1 /var/www/html/chitkar/protected/framework/console/CConsoleCommandRunner.php(71): remoteStatsCommand->run()
#2 /var/www/html/chitkar/protected/framework/console/CConsoleApplication.php(92): CConsoleCommandRunner->run()
#3 /var/www/html/chitkar/protected/framework/base/CApplication.php(185): CConsoleApplication->processRequest()
#4 /var/www/html/chitkar/cron.php(6): CConsoleApplication->run()

2026/02/05 02:24:02 [error] [php] ftp_get(): /reads.ctk: No such file or directory (/var/www/html/chitkar/protected/commands/remoteStatsCommand.php:75)
Stack trace:
#0 /var/www/html/chitkar/protected/commands/remoteStatsCommand.php(75): ftp_get()
#1 /var/www/html/chitkar/protected/framework/console/CConsoleCommandRunner.php(71): remoteStatsCommand->run()
#2 /var/www/html/chitkar/protected/framework/console/CConsoleApplication.php(92): CConsoleCommandRunner->run()
#3 /var/www/html/chitkar/protected/framework/base/CApplication.php(185): CConsoleApplication->processRequest()
#4 /var/www/html/chitkar/cron.php(6): CConsoleApplication->run()

2026/02/05 02:56:01 [error] [php] ftp_get(): /reads.ctk: No such file or directory (/var/www/html/chitkar/protected/commands/remoteStatsCommand.php:75)
Stack trace:
#0 /var/www/html/chitkar/protected/commands/remoteStatsCommand.php(75): ftp_get()
#1 /var/www/html/chitkar/protected/framework/console/CConsoleCommandRunner.php(71): remoteStatsCommand->run()
#2 /var/www/html/chitkar/protected/framework/console/CConsoleApplication.php(92): CConsoleCommandRunner->run()
#3 /var/www/html/chitkar/protected/framework/base/CApplication.php(185): CConsoleApplication->processRequest()
#4 /var/www/html/chitkar/cron.php(6): CConsoleApplication->run()

2026/02/05 03:30:01 [error] [php] ftp_get(): /reads.ctk: No such file or directory (/var/www/html/chitkar/protected/commands/remoteStatsCommand.php:75)
Stack trace:
#0 /var/www/html/chitkar/protected/commands/remoteStatsCommand.php(75): ftp_get()
#1 /var/www/html/chitkar/protected/framework/console/CConsoleCommandRunner.php(71): remoteStatsCommand->run()
#2 /var/www/html/chitkar/protected/framework/console/CConsoleApplication.php(92): CConsoleCommandRunner->run()
#3 /var/www/html/chitkar/protected/framework/base/CApplication.php(185): CConsoleApplication->processRequest()
#4 /var/www/html/chitkar/cron.php(6): CConsoleApplication->run()

2026/02/05 04:04:01 [error] [php] ftp_get(): /reads.ctk: No such file or directory (/var/www/html/chitkar/protected/commands/remoteStatsCommand.php:75)
Stack trace:
#0 /var/www/html/chitkar/protected/commands/remoteStatsCommand.php(75): ftp_get()
#1 /var/www/html/chitkar/protected/framework/console/CConsoleCommandRunner.php(71): remoteStatsCommand->run()
#2 /var/www/html/chitkar/protected/framework/console/CConsoleApplication.php(92): CConsoleCommandRunner->run()
#3 /var/www/html/chitkar/protected/framework/base/CApplication.php(185): CConsoleApplication->processRequest()
#4 /var/www/html/chitkar/cron.php(6): CConsoleApplication->run()

2026/02/05 04:38:01 [error] [php] ftp_get(): /reads.ctk: No such file or directory (/var/www/html/chitkar/protected/commands/remoteStatsCommand.php:75)
Stack trace:
#0 /var/www/html/chitkar/protected/commands/remoteStatsCommand.php(75): ftp_get()
#1 /var/www/html/chitkar/protected/framework/console/CConsoleCommandRunner.php(71): remoteStatsCommand->run()
#2 /var/www/html/chitkar/protected/framework/console/CConsoleApplication.php(92): CConsoleCommandRunner->run()
#3 /var/www/html/chitkar/protected/framework/base/CApplication.php(185): CConsoleApplication->processRequest()
#4 /var/www/html/chitkar/cron.php(6): CConsoleApplication->run()

2026/02/05 05:10:01 [error] [php] ftp_get(): /reads.ctk: No such file or directory (/var/www/html/chitkar/protected/commands/remoteStatsCommand.php:75)
Stack trace:
#0 /var/www/html/chitkar/protected/commands/remoteStatsCommand.php(75): ftp_get()
#1 /var/www/html/chitkar/protected/framework/console/CConsoleCommandRunner.php(71): remoteStatsCommand->run()
#2 /var/www/html/chitkar/protected/framework/console/CConsoleApplication.php(92): CConsoleCommandRunner->run()
#3 /var/www/html/chitkar/protected/framework/base/CApplication.php(185): CConsoleApplication->processRequest()
#4 /var/www/html/chitkar/cron.php(6): CConsoleApplication->run()

2026/02/05 05:46:02 [error] [php] ftp_get(): /reads.ctk: No such file or directory (/var/www/html/chitkar/protected/commands/remoteStatsCommand.php:75)
Stack trace:
#0 /var/www/html/chitkar/protected/commands/remoteStatsCommand.php(75): ftp_get()
#1 /var/www/html/chitkar/protected/framework/console/CConsoleCommandRunner.php(71): remoteStatsCommand->run()
#2 /var/www/html/chitkar/protected/framework/console/CConsoleApplication.php(92): CConsoleCommandRunner->run()
#3 /var/www/html/chitkar/protected/framework/base/CApplication.php(185): CConsoleApplication->processRequest()
#4 /var/www/html/chitkar/cron.php(6): CConsoleApplication->run()

2026/02/05 06:20:02 [error] [php] ftp_get(): /reads.ctk: No such file or directory (/var/www/html/chitkar/protected/commands/remoteStatsCommand.php:75)
Stack trace:
#0 /var/www/html/chitkar/protected/commands/remoteStatsCommand.php(75): ftp_get()
#1 /var/www/html/chitkar/protected/framework/console/CConsoleCommandRunner.php(71): remoteStatsCommand->run()
#2 /var/www/html/chitkar/protected/framework/console/CConsoleApplication.php(92): CConsoleCommandRunner->run()
#3 /var/www/html/chitkar/protected/framework/base/CApplication.php(185): CConsoleApplication->processRequest()
#4 /var/www/html/chitkar/cron.php(6): CConsoleApplication->run()

2026/02/05 06:54:01 [error] [php] ftp_get(): /reads.ctk: No such file or directory (/var/www/html/chitkar/protected/commands/remoteStatsCommand.php:75)
Stack trace:
#0 /var/www/html/chitkar/protected/commands/remoteStatsCommand.php(75): ftp_get()
#1 /var/www/html/chitkar/protected/framework/console/CConsoleCommandRunner.php(71): remoteStatsCommand->run()
#2 /var/www/html/chitkar/protected/framework/console/CConsoleApplication.php(92): CConsoleCommandRunner->run()
#3 /var/www/html/chitkar/protected/framework/base/CApplication.php(185): CConsoleApplication->processRequest()
#4 /var/www/html/chitkar/cron.php(6): CConsoleApplication->run()

2026/02/05 07:28:01 [error] [php] ftp_get(): /reads.ctk: No such file or directory (/var/www/html/chitkar/protected/commands/remoteStatsCommand.php:75)
Stack trace:
#0 /var/www/html/chitkar/protected/commands/remoteStatsCommand.php(75): ftp_get()
#1 /var/www/html/chitkar/protected/framework/console/CConsoleCommandRunner.php(71): remoteStatsCommand->run()
#2 /var/www/html/chitkar/protected/framework/console/CConsoleApplication.php(92): CConsoleCommandRunner->run()
#3 /var/www/html/chitkar/protected/framework/base/CApplication.php(185): CConsoleApplication->processRequest()
#4 /var/www/html/chitkar/cron.php(6): CConsoleApplication->run()

2026/02/05 08:02:01 [error] [php] ftp_get(): /reads.ctk: No such file or directory (/var/www/html/chitkar/protected/commands/remoteStatsCommand.php:75)
Stack trace:
#0 /var/www/html/chitkar/protected/commands/remoteStatsCommand.php(75): ftp_get()
#1 /var/www/html/chitkar/protected/framework/console/CConsoleCommandRunner.php(71): remoteStatsCommand->run()
#2 /var/www/html/chitkar/protected/framework/console/CConsoleApplication.php(92): CConsoleCommandRunner->run()
#3 /var/www/html/chitkar/protected/framework/base/CApplication.php(185): CConsoleApplication->processRequest()
#4 /var/www/html/chitkar/cron.php(6): CConsoleApplication->run()

2026/02/05 08:36:01 [error] [php] ftp_get(): /reads.ctk: No such file or directory (/var/www/html/chitkar/protected/commands/remoteStatsCommand.php:75)
Stack trace:
#0 /var/www/html/chitkar/protected/commands/remoteStatsCommand.php(75): ftp_get()
#1 /var/www/html/chitkar/protected/framework/console/CConsoleCommandRunner.php(71): remoteStatsCommand->run()
#2 /var/www/html/chitkar/protected/framework/console/CConsoleApplication.php(92): CConsoleCommandRunner->run()
#3 /var/www/html/chitkar/protected/framework/base/CApplication.php(185): CConsoleApplication->processRequest()
#4 /var/www/html/chitkar/cron.php(6): CConsoleApplication->run()

2026/02/05 09:10:02 [error] [php] ftp_get(): /reads.ctk: No such file or directory (/var/www/html/chitkar/protected/commands/remoteStatsCommand.php:75)
Stack trace:
#0 /var/www/html/chitkar/protected/commands/remoteStatsCommand.php(75): ftp_get()
#1 /var/www/html/chitkar/protected/framework/console/CConsoleCommandRunner.php(71): remoteStatsCommand->run()
#2 /var/www/html/chitkar/protected/framework/console/CConsoleApplication.php(92): CConsoleCommandRunner->run()
#3 /var/www/html/chitkar/protected/framework/base/CApplication.php(185): CConsoleApplication->processRequest()
#4 /var/www/html/chitkar/cron.php(6): CConsoleApplication->run()

2026/02/05 09:44:01 [error] [php] ftp_get(): /reads.ctk: No such file or directory (/var/www/html/chitkar/protected/commands/remoteStatsCommand.php:75)
Stack trace:
#0 /var/www/html/chitkar/protected/commands/remoteStatsCommand.php(75): ftp_get()
#1 /var/www/html/chitkar/protected/framework/console/CConsoleCommandRunner.php(71): remoteStatsCommand->run()
#2 /var/www/html/chitkar/protected/framework/console/CConsoleApplication.php(92): CConsoleCommandRunner->run()
#3 /var/www/html/chitkar/protected/framework/base/CApplication.php(185): CConsoleApplication->processRequest()
#4 /var/www/html/chitkar/cron.php(6): CConsoleApplication->run()

2026/02/05 11:24:01 [error] [php] ftp_get(): /reads.ctk: No such file or directory (/var/www/html/chitkar/protected/commands/remoteStatsCommand.php:75)
Stack trace:
#0 /var/www/html/chitkar/protected/commands/remoteStatsCommand.php(75): ftp_get()
#1 /var/www/html/chitkar/protected/framework/console/CConsoleCommandRunner.php(71): remoteStatsCommand->run()
#2 /var/www/html/chitkar/protected/framework/console/CConsoleApplication.php(92): CConsoleCommandRunner->run()
#3 /var/www/html/chitkar/protected/framework/base/CApplication.php(185): CConsoleApplication->processRequest()
#4 /var/www/html/chitkar/cron.php(6): CConsoleApplication->run()

2026/02/05 12:14:01 [error] [php] ftp_get(): /reads.ctk: No such file or directory (/var/www/html/chitkar/protected/commands/remoteStatsCommand.php:75)
Stack trace:
#0 /var/www/html/chitkar/protected/commands/remoteStatsCommand.php(75): ftp_get()
#1 /var/www/html/chitkar/protected/framework/console/CConsoleCommandRunner.php(71): remoteStatsCommand->run()
#2 /var/www/html/chitkar/protected/framework/console/CConsoleApplication.php(92): CConsoleCommandRunner->run()
#3 /var/www/html/chitkar/protected/framework/base/CApplication.php(185): CConsoleApplication->processRequest()
#4 /var/www/html/chitkar/cron.php(6): CConsoleApplication->run()

2026/02/05 12:48:02 [error] [php] ftp_get(): /reads.ctk: No such file or directory (/var/www/html/chitkar/protected/commands/remoteStatsCommand.php:75)
Stack trace:
#0 /var/www/html/chitkar/protected/commands/remoteStatsCommand.php(75): ftp_get()
#1 /var/www/html/chitkar/protected/framework/console/CConsoleCommandRunner.php(71): remoteStatsCommand->run()
#2 /var/www/html/chitkar/protected/framework/console/CConsoleApplication.php(92): CConsoleCommandRunner->run()
#3 /var/www/html/chitkar/protected/framework/base/CApplication.php(185): CConsoleApplication->processRequest()
#4 /var/www/html/chitkar/cron.php(6): CConsoleApplication->run()

2026/02/05 13:24:01 [error] [php] ftp_get(): /reads.ctk: No such file or directory (/var/www/html/chitkar/protected/commands/remoteStatsCommand.php:75)
Stack trace:
#0 /var/www/html/chitkar/protected/commands/remoteStatsCommand.php(75): ftp_get()
#1 /var/www/html/chitkar/protected/framework/console/CConsoleCommandRunner.php(71): remoteStatsCommand->run()
#2 /var/www/html/chitkar/protected/framework/console/CConsoleApplication.php(92): CConsoleCommandRunner->run()
#3 /var/www/html/chitkar/protected/framework/base/CApplication.php(185): CConsoleApplication->processRequest()
#4 /var/www/html/chitkar/cron.php(6): CConsoleApplication->run()

2026/02/05 14:00:01 [error] [php] ftp_get(): /reads.ctk: No such file or directory (/var/www/html/chitkar/protected/commands/remoteStatsCommand.php:75)
Stack trace:
#0 /var/www/html/chitkar/protected/commands/remoteStatsCommand.php(75): ftp_get()
#1 /var/www/html/chitkar/protected/framework/console/CConsoleCommandRunner.php(71): remoteStatsCommand->run()
#2 /var/www/html/chitkar/protected/framework/console/CConsoleApplication.php(92): CConsoleCommandRunner->run()
#3 /var/www/html/chitkar/protected/framework/base/CApplication.php(185): CConsoleApplication->processRequest()
#4 /var/www/html/chitkar/cron.php(6): CConsoleApplication->run()

2026/02/05 14:36:01 [error] [php] ftp_get(): /reads.ctk: No such file or directory (/var/www/html/chitkar/protected/commands/remoteStatsCommand.php:75)
Stack trace:
#0 /var/www/html/chitkar/protected/commands/remoteStatsCommand.php(75): ftp_get()
#1 /var/www/html/chitkar/protected/framework/console/CConsoleCommandRunner.php(71): remoteStatsCommand->run()
#2 /var/www/html/chitkar/protected/framework/console/CConsoleApplication.php(92): CConsoleCommandRunner->run()
#3 /var/www/html/chitkar/protected/framework/base/CApplication.php(185): CConsoleApplication->processRequest()
#4 /var/www/html/chitkar/cron.php(6): CConsoleApplication->run()

2026/02/05 15:10:01 [error] [php] ftp_get(): /reads.ctk: No such file or directory (/var/www/html/chitkar/protected/commands/remoteStatsCommand.php:75)
Stack trace:
#0 /var/www/html/chitkar/protected/commands/remoteStatsCommand.php(75): ftp_get()
#1 /var/www/html/chitkar/protected/framework/console/CConsoleCommandRunner.php(71): remoteStatsCommand->run()
#2 /var/www/html/chitkar/protected/framework/console/CConsoleApplication.php(92): CConsoleCommandRunner->run()
#3 /var/www/html/chitkar/protected/framework/base/CApplication.php(185): CConsoleApplication->processRequest()
#4 /var/www/html/chitkar/cron.php(6): CConsoleApplication->run()

2026/02/05 15:46:02 [error] [php] ftp_get(): /reads.ctk: No such file or directory (/var/www/html/chitkar/protected/commands/remoteStatsCommand.php:75)
Stack trace:
#0 /var/www/html/chitkar/protected/commands/remoteStatsCommand.php(75): ftp_get()
#1 /var/www/html/chitkar/protected/framework/console/CConsoleCommandRunner.php(71): remoteStatsCommand->run()
#2 /var/www/html/chitkar/protected/framework/console/CConsoleApplication.php(92): CConsoleCommandRunner->run()
#3 /var/www/html/chitkar/protected/framework/base/CApplication.php(185): CConsoleApplication->processRequest()
#4 /var/www/html/chitkar/cron.php(6): CConsoleApplication->run()

2026/02/05 16:20:01 [error] [php] ftp_get(): /reads.ctk: No such file or directory (/var/www/html/chitkar/protected/commands/remoteStatsCommand.php:75)
Stack trace:
#0 /var/www/html/chitkar/protected/commands/remoteStatsCommand.php(75): ftp_get()
#1 /var/www/html/chitkar/protected/framework/console/CConsoleCommandRunner.php(71): remoteStatsCommand->run()
#2 /var/www/html/chitkar/protected/framework/console/CConsoleApplication.php(92): CConsoleCommandRunner->run()
#3 /var/www/html/chitkar/protected/framework/base/CApplication.php(185): CConsoleApplication->processRequest()
#4 /var/www/html/chitkar/cron.php(6): CConsoleApplication->run()

2026/02/05 16:54:01 [error] [php] ftp_get(): /reads.ctk: No such file or directory (/var/www/html/chitkar/protected/commands/remoteStatsCommand.php:75)
Stack trace:
#0 /var/www/html/chitkar/protected/commands/remoteStatsCommand.php(75): ftp_get()
#1 /var/www/html/chitkar/protected/framework/console/CConsoleCommandRunner.php(71): remoteStatsCommand->run()
#2 /var/www/html/chitkar/protected/framework/console/CConsoleApplication.php(92): CConsoleCommandRunner->run()
#3 /var/www/html/chitkar/protected/framework/base/CApplication.php(185): CConsoleApplication->processRequest()
#4 /var/www/html/chitkar/cron.php(6): CConsoleApplication->run()

2026/02/05 17:34:01 [error] [php] ftp_get(): /reads.ctk: No such file or directory (/var/www/html/chitkar/protected/commands/remoteStatsCommand.php:75)
Stack trace:
#0 /var/www/html/chitkar/protected/commands/remoteStatsCommand.php(75): ftp_get()
#1 /var/www/html/chitkar/protected/framework/console/CConsoleCommandRunner.php(71): remoteStatsCommand->run()
#2 /var/www/html/chitkar/protected/framework/console/CConsoleApplication.php(92): CConsoleCommandRunner->run()
#3 /var/www/html/chitkar/protected/framework/base/CApplication.php(185): CConsoleApplication->processRequest()
#4 /var/www/html/chitkar/cron.php(6): CConsoleApplication->run()

2026/02/05 18:08:01 [error] [php] ftp_get(): /reads.ctk: No such file or directory (/var/www/html/chitkar/protected/commands/remoteStatsCommand.php:75)
Stack trace:
#0 /var/www/html/chitkar/protected/commands/remoteStatsCommand.php(75): ftp_get()
#1 /var/www/html/chitkar/protected/framework/console/CConsoleCommandRunner.php(71): remoteStatsCommand->run()
#2 /var/www/html/chitkar/protected/framework/console/CConsoleApplication.php(92): CConsoleCommandRunner->run()
#3 /var/www/html/chitkar/protected/framework/base/CApplication.php(185): CConsoleApplication->processRequest()
#4 /var/www/html/chitkar/cron.php(6): CConsoleApplication->run()

2026/02/05 18:44:01 [error] [php] ftp_get(): /reads.ctk: No such file or directory (/var/www/html/chitkar/protected/commands/remoteStatsCommand.php:75)
Stack trace:
#0 /var/www/html/chitkar/protected/commands/remoteStatsCommand.php(75): ftp_get()
#1 /var/www/html/chitkar/protected/framework/console/CConsoleCommandRunner.php(71): remoteStatsCommand->run()
#2 /var/www/html/chitkar/protected/framework/console/CConsoleApplication.php(92): CConsoleCommandRunner->run()
#3 /var/www/html/chitkar/protected/framework/base/CApplication.php(185): CConsoleApplication->processRequest()
#4 /var/www/html/chitkar/cron.php(6): CConsoleApplication->run()

2026/02/05 19:24:02 [error] [php] ftp_get(): /reads.ctk: No such file or directory (/var/www/html/chitkar/protected/commands/remoteStatsCommand.php:75)
Stack trace:
#0 /var/www/html/chitkar/protected/commands/remoteStatsCommand.php(75): ftp_get()
#1 /var/www/html/chitkar/protected/framework/console/CConsoleCommandRunner.php(71): remoteStatsCommand->run()
#2 /var/www/html/chitkar/protected/framework/console/CConsoleApplication.php(92): CConsoleCommandRunner->run()
#3 /var/www/html/chitkar/protected/framework/base/CApplication.php(185): CConsoleApplication->processRequest()
#4 /var/www/html/chitkar/cron.php(6): CConsoleApplication->run()

2026/02/05 20:00:01 [error] [php] ftp_get(): /reads.ctk: No such file or directory (/var/www/html/chitkar/protected/commands/remoteStatsCommand.php:75)
Stack trace:
#0 /var/www/html/chitkar/protected/commands/remoteStatsCommand.php(75): ftp_get()
#1 /var/www/html/chitkar/protected/framework/console/CConsoleCommandRunner.php(71): remoteStatsCommand->run()
#2 /var/www/html/chitkar/protected/framework/console/CConsoleApplication.php(92): CConsoleCommandRunner->run()
#3 /var/www/html/chitkar/protected/framework/base/CApplication.php(185): CConsoleApplication->processRequest()
#4 /var/www/html/chitkar/cron.php(6): CConsoleApplication->run()

2026/02/05 20:34:01 [error] [php] ftp_get(): /reads.ctk: No such file or directory (/var/www/html/chitkar/protected/commands/remoteStatsCommand.php:75)
Stack trace:
#0 /var/www/html/chitkar/protected/commands/remoteStatsCommand.php(75): ftp_get()
#1 /var/www/html/chitkar/protected/framework/console/CConsoleCommandRunner.php(71): remoteStatsCommand->run()
#2 /var/www/html/chitkar/protected/framework/console/CConsoleApplication.php(92): CConsoleCommandRunner->run()
#3 /var/www/html/chitkar/protected/framework/base/CApplication.php(185): CConsoleApplication->processRequest()
#4 /var/www/html/chitkar/cron.php(6): CConsoleApplication->run()

2026/02/05 21:10:02 [error] [php] ftp_get(): /reads.ctk: No such file or directory (/var/www/html/chitkar/protected/commands/remoteStatsCommand.php:75)
Stack trace:
#0 /var/www/html/chitkar/protected/commands/remoteStatsCommand.php(75): ftp_get()
#1 /var/www/html/chitkar/protected/framework/console/CConsoleCommandRunner.php(71): remoteStatsCommand->run()
#2 /var/www/html/chitkar/protected/framework/console/CConsoleApplication.php(92): CConsoleCommandRunner->run()
#3 /var/www/html/chitkar/protected/framework/base/CApplication.php(185): CConsoleApplication->processRequest()
#4 /var/www/html/chitkar/cron.php(6): CConsoleApplication->run()

2026/02/05 21:46:02 [error] [php] ftp_get(): /reads.ctk: No such file or directory (/var/www/html/chitkar/protected/commands/remoteStatsCommand.php:75)
Stack trace:
#0 /var/www/html/chitkar/protected/commands/remoteStatsCommand.php(75): ftp_get()
#1 /var/www/html/chitkar/protected/framework/console/CConsoleCommandRunner.php(71): remoteStatsCommand->run()
#2 /var/www/html/chitkar/protected/framework/console/CConsoleApplication.php(92): CConsoleCommandRunner->run()
#3 /var/www/html/chitkar/protected/framework/base/CApplication.php(185): CConsoleApplication->processRequest()
#4 /var/www/html/chitkar/cron.php(6): CConsoleApplication->run()

2026/02/05 22:20:01 [error] [php] ftp_get(): /reads.ctk: No such file or directory (/var/www/html/chitkar/protected/commands/remoteStatsCommand.php:75)
Stack trace:
#0 /var/www/html/chitkar/protected/commands/remoteStatsCommand.php(75): ftp_get()
#1 /var/www/html/chitkar/protected/framework/console/CConsoleCommandRunner.php(71): remoteStatsCommand->run()
#2 /var/www/html/chitkar/protected/framework/console/CConsoleApplication.php(92): CConsoleCommandRunner->run()
#3 /var/www/html/chitkar/protected/framework/base/CApplication.php(185): CConsoleApplication->processRequest()
#4 /var/www/html/chitkar/cron.php(6): CConsoleApplication->run()

2026/02/05 22:54:01 [error] [php] ftp_get(): /reads.ctk: No such file or directory (/var/www/html/chitkar/protected/commands/remoteStatsCommand.php:75)
Stack trace:
#0 /var/www/html/chitkar/protected/commands/remoteStatsCommand.php(75): ftp_get()
#1 /var/www/html/chitkar/protected/framework/console/CConsoleCommandRunner.php(71): remoteStatsCommand->run()
#2 /var/www/html/chitkar/protected/framework/console/CConsoleApplication.php(92): CConsoleCommandRunner->run()
#3 /var/www/html/chitkar/protected/framework/base/CApplication.php(185): CConsoleApplication->processRequest()
#4 /var/www/html/chitkar/cron.php(6): CConsoleApplication->run()

2026/02/05 23:28:02 [error] [php] ftp_get(): /reads.ctk: No such file or directory (/var/www/html/chitkar/protected/commands/remoteStatsCommand.php:75)
Stack trace:
#0 /var/www/html/chitkar/protected/commands/remoteStatsCommand.php(75): ftp_get()
#1 /var/www/html/chitkar/protected/framework/console/CConsoleCommandRunner.php(71): remoteStatsCommand->run()
#2 /var/www/html/chitkar/protected/framework/console/CConsoleApplication.php(92): CConsoleCommandRunner->run()
#3 /var/www/html/chitkar/protected/framework/base/CApplication.php(185): CConsoleApplication->processRequest()
#4 /var/www/html/chitkar/cron.php(6): CConsoleApplication->run()

2026/02/06 00:02:01 [error] [php] ftp_get(): /reads.ctk: No such file or directory (/var/www/html/chitkar/protected/commands/remoteStatsCommand.php:75)
Stack trace:
#0 /var/www/html/chitkar/protected/commands/remoteStatsCommand.php(75): ftp_get()
#1 /var/www/html/chitkar/protected/framework/console/CConsoleCommandRunner.php(71): remoteStatsCommand->run()
#2 /var/www/html/chitkar/protected/framework/console/CConsoleApplication.php(92): CConsoleCommandRunner->run()
#3 /var/www/html/chitkar/protected/framework/base/CApplication.php(185): CConsoleApplication->processRequest()
#4 /var/www/html/chitkar/cron.php(6): CConsoleApplication->run()

2026/02/06 00:36:01 [error] [php] ftp_get(): /reads.ctk: No such file or directory (/var/www/html/chitkar/protected/commands/remoteStatsCommand.php:75)
Stack trace:
#0 /var/www/html/chitkar/protected/commands/remoteStatsCommand.php(75): ftp_get()
#1 /var/www/html/chitkar/protected/framework/console/CConsoleCommandRunner.php(71): remoteStatsCommand->run()
#2 /var/www/html/chitkar/protected/framework/console/CConsoleApplication.php(92): CConsoleCommandRunner->run()
#3 /var/www/html/chitkar/protected/framework/base/CApplication.php(185): CConsoleApplication->processRequest()
#4 /var/www/html/chitkar/cron.php(6): CConsoleApplication->run()

2026/02/06 01:10:01 [error] [php] ftp_get(): /reads.ctk: No such file or directory (/var/www/html/chitkar/protected/commands/remoteStatsCommand.php:75)
Stack trace:
#0 /var/www/html/chitkar/protected/commands/remoteStatsCommand.php(75): ftp_get()
#1 /var/www/html/chitkar/protected/framework/console/CConsoleCommandRunner.php(71): remoteStatsCommand->run()
#2 /var/www/html/chitkar/protected/framework/console/CConsoleApplication.php(92): CConsoleCommandRunner->run()
#3 /var/www/html/chitkar/protected/framework/base/CApplication.php(185): CConsoleApplication->processRequest()
#4 /var/www/html/chitkar/cron.php(6): CConsoleApplication->run()

2026/02/06 01:46:01 [error] [php] ftp_get(): /reads.ctk: No such file or directory (/var/www/html/chitkar/protected/commands/remoteStatsCommand.php:75)
Stack trace:
#0 /var/www/html/chitkar/protected/commands/remoteStatsCommand.php(75): ftp_get()
#1 /var/www/html/chitkar/protected/framework/console/CConsoleCommandRunner.php(71): remoteStatsCommand->run()
#2 /var/www/html/chitkar/protected/framework/console/CConsoleApplication.php(92): CConsoleCommandRunner->run()
#3 /var/www/html/chitkar/protected/framework/base/CApplication.php(185): CConsoleApplication->processRequest()
#4 /var/www/html/chitkar/cron.php(6): CConsoleApplication->run()

2026/02/06 02:22:01 [error] [php] ftp_get(): /reads.ctk: No such file or directory (/var/www/html/chitkar/protected/commands/remoteStatsCommand.php:75)
Stack trace:
#0 /var/www/html/chitkar/protected/commands/remoteStatsCommand.php(75): ftp_get()
#1 /var/www/html/chitkar/protected/framework/console/CConsoleCommandRunner.php(71): remoteStatsCommand->run()
#2 /var/www/html/chitkar/protected/framework/console/CConsoleApplication.php(92): CConsoleCommandRunner->run()
#3 /var/www/html/chitkar/protected/framework/base/CApplication.php(185): CConsoleApplication->processRequest()
#4 /var/www/html/chitkar/cron.php(6): CConsoleApplication->run()

2026/02/06 02:54:02 [error] [php] ftp_get(): /reads.ctk: No such file or directory (/var/www/html/chitkar/protected/commands/remoteStatsCommand.php:75)
Stack trace:
#0 /var/www/html/chitkar/protected/commands/remoteStatsCommand.php(75): ftp_get()
#1 /var/www/html/chitkar/protected/framework/console/CConsoleCommandRunner.php(71): remoteStatsCommand->run()
#2 /var/www/html/chitkar/protected/framework/console/CConsoleApplication.php(92): CConsoleCommandRunner->run()
#3 /var/www/html/chitkar/protected/framework/base/CApplication.php(185): CConsoleApplication->processRequest()
#4 /var/www/html/chitkar/cron.php(6): CConsoleApplication->run()

2026/02/06 03:26:01 [error] [php] ftp_get(): /reads.ctk: No such file or directory (/var/www/html/chitkar/protected/commands/remoteStatsCommand.php:75)
Stack trace:
#0 /var/www/html/chitkar/protected/commands/remoteStatsCommand.php(75): ftp_get()
#1 /var/www/html/chitkar/protected/framework/console/CConsoleCommandRunner.php(71): remoteStatsCommand->run()
#2 /var/www/html/chitkar/protected/framework/console/CConsoleApplication.php(92): CConsoleCommandRunner->run()
#3 /var/www/html/chitkar/protected/framework/base/CApplication.php(185): CConsoleApplication->processRequest()
#4 /var/www/html/chitkar/cron.php(6): CConsoleApplication->run()

2026/02/06 03:58:02 [error] [php] ftp_get(): /reads.ctk: No such file or directory (/var/www/html/chitkar/protected/commands/remoteStatsCommand.php:75)
Stack trace:
#0 /var/www/html/chitkar/protected/commands/remoteStatsCommand.php(75): ftp_get()
#1 /var/www/html/chitkar/protected/framework/console/CConsoleCommandRunner.php(71): remoteStatsCommand->run()
#2 /var/www/html/chitkar/protected/framework/console/CConsoleApplication.php(92): CConsoleCommandRunner->run()
#3 /var/www/html/chitkar/protected/framework/base/CApplication.php(185): CConsoleApplication->processRequest()
#4 /var/www/html/chitkar/cron.php(6): CConsoleApplication->run()

2026/02/06 04:30:01 [error] [php] ftp_get(): /reads.ctk: No such file or directory (/var/www/html/chitkar/protected/commands/remoteStatsCommand.php:75)
Stack trace:
#0 /var/www/html/chitkar/protected/commands/remoteStatsCommand.php(75): ftp_get()
#1 /var/www/html/chitkar/protected/framework/console/CConsoleCommandRunner.php(71): remoteStatsCommand->run()
#2 /var/www/html/chitkar/protected/framework/console/CConsoleApplication.php(92): CConsoleCommandRunner->run()
#3 /var/www/html/chitkar/protected/framework/base/CApplication.php(185): CConsoleApplication->processRequest()
#4 /var/www/html/chitkar/cron.php(6): CConsoleApplication->run()

2026/02/06 05:02:02 [error] [php] ftp_get(): /reads.ctk: No such file or directory (/var/www/html/chitkar/protected/commands/remoteStatsCommand.php:75)
Stack trace:
#0 /var/www/html/chitkar/protected/commands/remoteStatsCommand.php(75): ftp_get()
#1 /var/www/html/chitkar/protected/framework/console/CConsoleCommandRunner.php(71): remoteStatsCommand->run()
#2 /var/www/html/chitkar/protected/framework/console/CConsoleApplication.php(92): CConsoleCommandRunner->run()
#3 /var/www/html/chitkar/protected/framework/base/CApplication.php(185): CConsoleApplication->processRequest()
#4 /var/www/html/chitkar/cron.php(6): CConsoleApplication->run()

2026/02/06 05:36:01 [error] [php] ftp_get(): /reads.ctk: No such file or directory (/var/www/html/chitkar/protected/commands/remoteStatsCommand.php:75)
Stack trace:
#0 /var/www/html/chitkar/protected/commands/remoteStatsCommand.php(75): ftp_get()
#1 /var/www/html/chitkar/protected/framework/console/CConsoleCommandRunner.php(71): remoteStatsCommand->run()
#2 /var/www/html/chitkar/protected/framework/console/CConsoleApplication.php(92): CConsoleCommandRunner->run()
#3 /var/www/html/chitkar/protected/framework/base/CApplication.php(185): CConsoleApplication->processRequest()
#4 /var/www/html/chitkar/cron.php(6): CConsoleApplication->run()

2026/02/06 06:08:01 [error] [php] ftp_get(): /reads.ctk: No such file or directory (/var/www/html/chitkar/protected/commands/remoteStatsCommand.php:75)
Stack trace:
#0 /var/www/html/chitkar/protected/commands/remoteStatsCommand.php(75): ftp_get()
#1 /var/www/html/chitkar/protected/framework/console/CConsoleCommandRunner.php(71): remoteStatsCommand->run()
#2 /var/www/html/chitkar/protected/framework/console/CConsoleApplication.php(92): CConsoleCommandRunner->run()
#3 /var/www/html/chitkar/protected/framework/base/CApplication.php(185): CConsoleApplication->processRequest()
#4 /var/www/html/chitkar/cron.php(6): CConsoleApplication->run()

2026/02/06 06:42:02 [error] [php] ftp_get(): /reads.ctk: No such file or directory (/var/www/html/chitkar/protected/commands/remoteStatsCommand.php:75)
Stack trace:
#0 /var/www/html/chitkar/protected/commands/remoteStatsCommand.php(75): ftp_get()
#1 /var/www/html/chitkar/protected/framework/console/CConsoleCommandRunner.php(71): remoteStatsCommand->run()
#2 /var/www/html/chitkar/protected/framework/console/CConsoleApplication.php(92): CConsoleCommandRunner->run()
#3 /var/www/html/chitkar/protected/framework/base/CApplication.php(185): CConsoleApplication->processRequest()
#4 /var/www/html/chitkar/cron.php(6): CConsoleApplication->run()

2026/02/06 07:16:01 [error] [php] ftp_get(): /reads.ctk: No such file or directory (/var/www/html/chitkar/protected/commands/remoteStatsCommand.php:75)
Stack trace:
#0 /var/www/html/chitkar/protected/commands/remoteStatsCommand.php(75): ftp_get()
#1 /var/www/html/chitkar/protected/framework/console/CConsoleCommandRunner.php(71): remoteStatsCommand->run()
#2 /var/www/html/chitkar/protected/framework/console/CConsoleApplication.php(92): CConsoleCommandRunner->run()
#3 /var/www/html/chitkar/protected/framework/base/CApplication.php(185): CConsoleApplication->processRequest()
#4 /var/www/html/chitkar/cron.php(6): CConsoleApplication->run()

2026/02/06 07:50:01 [error] [php] ftp_get(): /reads.ctk: No such file or directory (/var/www/html/chitkar/protected/commands/remoteStatsCommand.php:75)
Stack trace:
#0 /var/www/html/chitkar/protected/commands/remoteStatsCommand.php(75): ftp_get()
#1 /var/www/html/chitkar/protected/framework/console/CConsoleCommandRunner.php(71): remoteStatsCommand->run()
#2 /var/www/html/chitkar/protected/framework/console/CConsoleApplication.php(92): CConsoleCommandRunner->run()
#3 /var/www/html/chitkar/protected/framework/base/CApplication.php(185): CConsoleApplication->processRequest()
#4 /var/www/html/chitkar/cron.php(6): CConsoleApplication->run()

2026/02/06 08:28:01 [error] [php] ftp_get(): /reads.ctk: No such file or directory (/var/www/html/chitkar/protected/commands/remoteStatsCommand.php:75)
Stack trace:
#0 /var/www/html/chitkar/protected/commands/remoteStatsCommand.php(75): ftp_get()
#1 /var/www/html/chitkar/protected/framework/console/CConsoleCommandRunner.php(71): remoteStatsCommand->run()
#2 /var/www/html/chitkar/protected/framework/console/CConsoleApplication.php(92): CConsoleCommandRunner->run()
#3 /var/www/html/chitkar/protected/framework/base/CApplication.php(185): CConsoleApplication->processRequest()
#4 /var/www/html/chitkar/cron.php(6): CConsoleApplication->run()

2026/02/06 09:08:01 [error] [php] ftp_get(): /reads.ctk: No such file or directory (/var/www/html/chitkar/protected/commands/remoteStatsCommand.php:75)
Stack trace:
#0 /var/www/html/chitkar/protected/commands/remoteStatsCommand.php(75): ftp_get()
#1 /var/www/html/chitkar/protected/framework/console/CConsoleCommandRunner.php(71): remoteStatsCommand->run()
#2 /var/www/html/chitkar/protected/framework/console/CConsoleApplication.php(92): CConsoleCommandRunner->run()
#3 /var/www/html/chitkar/protected/framework/base/CApplication.php(185): CConsoleApplication->processRequest()
#4 /var/www/html/chitkar/cron.php(6): CConsoleApplication->run()

2026/02/06 09:46:01 [error] [php] ftp_get(): /reads.ctk: No such file or directory (/var/www/html/chitkar/protected/commands/remoteStatsCommand.php:75)
Stack trace:
#0 /var/www/html/chitkar/protected/commands/remoteStatsCommand.php(75): ftp_get()
#1 /var/www/html/chitkar/protected/framework/console/CConsoleCommandRunner.php(71): remoteStatsCommand->run()
#2 /var/www/html/chitkar/protected/framework/console/CConsoleApplication.php(92): CConsoleCommandRunner->run()
#3 /var/www/html/chitkar/protected/framework/base/CApplication.php(185): CConsoleApplication->processRequest()
#4 /var/www/html/chitkar/cron.php(6): CConsoleApplication->run()

2026/02/06 10:20:02 [error] [php] ftp_get(): /reads.ctk: No such file or directory (/var/www/html/chitkar/protected/commands/remoteStatsCommand.php:75)
Stack trace:
#0 /var/www/html/chitkar/protected/commands/remoteStatsCommand.php(75): ftp_get()
#1 /var/www/html/chitkar/protected/framework/console/CConsoleCommandRunner.php(71): remoteStatsCommand->run()
#2 /var/www/html/chitkar/protected/framework/console/CConsoleApplication.php(92): CConsoleCommandRunner->run()
#3 /var/www/html/chitkar/protected/framework/base/CApplication.php(185): CConsoleApplication->processRequest()
#4 /var/www/html/chitkar/cron.php(6): CConsoleApplication->run()

2026/02/06 11:06:01 [error] [php] ftp_get(): /reads.ctk: No such file or directory (/var/www/html/chitkar/protected/commands/remoteStatsCommand.php:75)
Stack trace:
#0 /var/www/html/chitkar/protected/commands/remoteStatsCommand.php(75): ftp_get()
#1 /var/www/html/chitkar/protected/framework/console/CConsoleCommandRunner.php(71): remoteStatsCommand->run()
#2 /var/www/html/chitkar/protected/framework/console/CConsoleApplication.php(92): CConsoleCommandRunner->run()
#3 /var/www/html/chitkar/protected/framework/base/CApplication.php(185): CConsoleApplication->processRequest()
#4 /var/www/html/chitkar/cron.php(6): CConsoleApplication->run()

2026/02/06 11:46:02 [error] [php] ftp_get(): /reads.ctk: No such file or directory (/var/www/html/chitkar/protected/commands/remoteStatsCommand.php:75)
Stack trace:
#0 /var/www/html/chitkar/protected/commands/remoteStatsCommand.php(75): ftp_get()
#1 /var/www/html/chitkar/protected/framework/console/CConsoleCommandRunner.php(71): remoteStatsCommand->run()
#2 /var/www/html/chitkar/protected/framework/console/CConsoleApplication.php(92): CConsoleCommandRunner->run()
#3 /var/www/html/chitkar/protected/framework/base/CApplication.php(185): CConsoleApplication->processRequest()
#4 /var/www/html/chitkar/cron.php(6): CConsoleApplication->run()

2026/02/06 12:22:01 [error] [php] ftp_get(): /reads.ctk: No such file or directory (/var/www/html/chitkar/protected/commands/remoteStatsCommand.php:75)
Stack trace:
#0 /var/www/html/chitkar/protected/commands/remoteStatsCommand.php(75): ftp_get()
#1 /var/www/html/chitkar/protected/framework/console/CConsoleCommandRunner.php(71): remoteStatsCommand->run()
#2 /var/www/html/chitkar/protected/framework/console/CConsoleApplication.php(92): CConsoleCommandRunner->run()
#3 /var/www/html/chitkar/protected/framework/base/CApplication.php(185): CConsoleApplication->processRequest()
#4 /var/www/html/chitkar/cron.php(6): CConsoleApplication->run()

2026/02/06 12:56:01 [error] [php] ftp_get(): /reads.ctk: No such file or directory (/var/www/html/chitkar/protected/commands/remoteStatsCommand.php:75)
Stack trace:
#0 /var/www/html/chitkar/protected/commands/remoteStatsCommand.php(75): ftp_get()
#1 /var/www/html/chitkar/protected/framework/console/CConsoleCommandRunner.php(71): remoteStatsCommand->run()
#2 /var/www/html/chitkar/protected/framework/console/CConsoleApplication.php(92): CConsoleCommandRunner->run()
#3 /var/www/html/chitkar/protected/framework/base/CApplication.php(185): CConsoleApplication->processRequest()
#4 /var/www/html/chitkar/cron.php(6): CConsoleApplication->run()

2026/02/06 13:30:02 [error] [php] ftp_get(): /reads.ctk: No such file or directory (/var/www/html/chitkar/protected/commands/remoteStatsCommand.php:75)
Stack trace:
#0 /var/www/html/chitkar/protected/commands/remoteStatsCommand.php(75): ftp_get()
#1 /var/www/html/chitkar/protected/framework/console/CConsoleCommandRunner.php(71): remoteStatsCommand->run()
#2 /var/www/html/chitkar/protected/framework/console/CConsoleApplication.php(92): CConsoleCommandRunner->run()
#3 /var/www/html/chitkar/protected/framework/base/CApplication.php(185): CConsoleApplication->processRequest()
#4 /var/www/html/chitkar/cron.php(6): CConsoleApplication->run()

2026/02/06 14:06:02 [error] [php] ftp_get(): /reads.ctk: No such file or directory (/var/www/html/chitkar/protected/commands/remoteStatsCommand.php:75)
Stack trace:
#0 /var/www/html/chitkar/protected/commands/remoteStatsCommand.php(75): ftp_get()
#1 /var/www/html/chitkar/protected/framework/console/CConsoleCommandRunner.php(71): remoteStatsCommand->run()
#2 /var/www/html/chitkar/protected/framework/console/CConsoleApplication.php(92): CConsoleCommandRunner->run()
#3 /var/www/html/chitkar/protected/framework/base/CApplication.php(185): CConsoleApplication->processRequest()
#4 /var/www/html/chitkar/cron.php(6): CConsoleApplication->run()

2026/02/06 14:40:01 [error] [php] ftp_get(): /reads.ctk: No such file or directory (/var/www/html/chitkar/protected/commands/remoteStatsCommand.php:75)
Stack trace:
#0 /var/www/html/chitkar/protected/commands/remoteStatsCommand.php(75): ftp_get()
#1 /var/www/html/chitkar/protected/framework/console/CConsoleCommandRunner.php(71): remoteStatsCommand->run()
#2 /var/www/html/chitkar/protected/framework/console/CConsoleApplication.php(92): CConsoleCommandRunner->run()
#3 /var/www/html/chitkar/protected/framework/base/CApplication.php(185): CConsoleApplication->processRequest()
#4 /var/www/html/chitkar/cron.php(6): CConsoleApplication->run()

2026/02/06 15:14:01 [error] [php] ftp_get(): /reads.ctk: No such file or directory (/var/www/html/chitkar/protected/commands/remoteStatsCommand.php:75)
Stack trace:
#0 /var/www/html/chitkar/protected/commands/remoteStatsCommand.php(75): ftp_get()
#1 /var/www/html/chitkar/protected/framework/console/CConsoleCommandRunner.php(71): remoteStatsCommand->run()
#2 /var/www/html/chitkar/protected/framework/console/CConsoleApplication.php(92): CConsoleCommandRunner->run()
#3 /var/www/html/chitkar/protected/framework/base/CApplication.php(185): CConsoleApplication->processRequest()
#4 /var/www/html/chitkar/cron.php(6): CConsoleApplication->run()

2026/02/06 15:48:01 [error] [php] ftp_get(): /reads.ctk: No such file or directory (/var/www/html/chitkar/protected/commands/remoteStatsCommand.php:75)
Stack trace:
#0 /var/www/html/chitkar/protected/commands/remoteStatsCommand.php(75): ftp_get()
#1 /var/www/html/chitkar/protected/framework/console/CConsoleCommandRunner.php(71): remoteStatsCommand->run()
#2 /var/www/html/chitkar/protected/framework/console/CConsoleApplication.php(92): CConsoleCommandRunner->run()
#3 /var/www/html/chitkar/protected/framework/base/CApplication.php(185): CConsoleApplication->processRequest()
#4 /var/www/html/chitkar/cron.php(6): CConsoleApplication->run()

2026/02/06 16:24:01 [error] [php] ftp_get(): /reads.ctk: No such file or directory (/var/www/html/chitkar/protected/commands/remoteStatsCommand.php:75)
Stack trace:
#0 /var/www/html/chitkar/protected/commands/remoteStatsCommand.php(75): ftp_get()
#1 /var/www/html/chitkar/protected/framework/console/CConsoleCommandRunner.php(71): remoteStatsCommand->run()
#2 /var/www/html/chitkar/protected/framework/console/CConsoleApplication.php(92): CConsoleCommandRunner->run()
#3 /var/www/html/chitkar/protected/framework/base/CApplication.php(185): CConsoleApplication->processRequest()
#4 /var/www/html/chitkar/cron.php(6): CConsoleApplication->run()

2026/02/06 16:58:02 [error] [php] ftp_get(): /reads.ctk: No such file or directory (/var/www/html/chitkar/protected/commands/remoteStatsCommand.php:75)
Stack trace:
#0 /var/www/html/chitkar/protected/commands/remoteStatsCommand.php(75): ftp_get()
#1 /var/www/html/chitkar/protected/framework/console/CConsoleCommandRunner.php(71): remoteStatsCommand->run()
#2 /var/www/html/chitkar/protected/framework/console/CConsoleApplication.php(92): CConsoleCommandRunner->run()
#3 /var/www/html/chitkar/protected/framework/base/CApplication.php(185): CConsoleApplication->processRequest()
#4 /var/www/html/chitkar/cron.php(6): CConsoleApplication->run()

2026/02/06 17:38:01 [error] [php] ftp_get(): /reads.ctk: No such file or directory (/var/www/html/chitkar/protected/commands/remoteStatsCommand.php:75)
Stack trace:
#0 /var/www/html/chitkar/protected/commands/remoteStatsCommand.php(75): ftp_get()
#1 /var/www/html/chitkar/protected/framework/console/CConsoleCommandRunner.php(71): remoteStatsCommand->run()
#2 /var/www/html/chitkar/protected/framework/console/CConsoleApplication.php(92): CConsoleCommandRunner->run()
#3 /var/www/html/chitkar/protected/framework/base/CApplication.php(185): CConsoleApplication->processRequest()
#4 /var/www/html/chitkar/cron.php(6): CConsoleApplication->run()

2026/02/06 18:12:02 [error] [php] ftp_get(): /reads.ctk: No such file or directory (/var/www/html/chitkar/protected/commands/remoteStatsCommand.php:75)
Stack trace:
#0 /var/www/html/chitkar/protected/commands/remoteStatsCommand.php(75): ftp_get()
#1 /var/www/html/chitkar/protected/framework/console/CConsoleCommandRunner.php(71): remoteStatsCommand->run()
#2 /var/www/html/chitkar/protected/framework/console/CConsoleApplication.php(92): CConsoleCommandRunner->run()
#3 /var/www/html/chitkar/protected/framework/base/CApplication.php(185): CConsoleApplication->processRequest()
#4 /var/www/html/chitkar/cron.php(6): CConsoleApplication->run()

2026/02/06 18:46:01 [error] [php] ftp_get(): /reads.ctk: No such file or directory (/var/www/html/chitkar/protected/commands/remoteStatsCommand.php:75)
Stack trace:
#0 /var/www/html/chitkar/protected/commands/remoteStatsCommand.php(75): ftp_get()
#1 /var/www/html/chitkar/protected/framework/console/CConsoleCommandRunner.php(71): remoteStatsCommand->run()
#2 /var/www/html/chitkar/protected/framework/console/CConsoleApplication.php(92): CConsoleCommandRunner->run()
#3 /var/www/html/chitkar/protected/framework/base/CApplication.php(185): CConsoleApplication->processRequest()
#4 /var/www/html/chitkar/cron.php(6): CConsoleApplication->run()

2026/02/06 19:20:01 [error] [php] ftp_get(): /reads.ctk: No such file or directory (/var/www/html/chitkar/protected/commands/remoteStatsCommand.php:75)
Stack trace:
#0 /var/www/html/chitkar/protected/commands/remoteStatsCommand.php(75): ftp_get()
#1 /var/www/html/chitkar/protected/framework/console/CConsoleCommandRunner.php(71): remoteStatsCommand->run()
#2 /var/www/html/chitkar/protected/framework/console/CConsoleApplication.php(92): CConsoleCommandRunner->run()
#3 /var/www/html/chitkar/protected/framework/base/CApplication.php(185): CConsoleApplication->processRequest()
#4 /var/www/html/chitkar/cron.php(6): CConsoleApplication->run()

2026/02/06 19:56:01 [error] [php] ftp_get(): /reads.ctk: No such file or directory (/var/www/html/chitkar/protected/commands/remoteStatsCommand.php:75)
Stack trace:
#0 /var/www/html/chitkar/protected/commands/remoteStatsCommand.php(75): ftp_get()
#1 /var/www/html/chitkar/protected/framework/console/CConsoleCommandRunner.php(71): remoteStatsCommand->run()
#2 /var/www/html/chitkar/protected/framework/console/CConsoleApplication.php(92): CConsoleCommandRunner->run()
#3 /var/www/html/chitkar/protected/framework/base/CApplication.php(185): CConsoleApplication->processRequest()
#4 /var/www/html/chitkar/cron.php(6): CConsoleApplication->run()

2026/02/06 20:30:02 [error] [php] ftp_get(): /reads.ctk: No such file or directory (/var/www/html/chitkar/protected/commands/remoteStatsCommand.php:75)
Stack trace:
#0 /var/www/html/chitkar/protected/commands/remoteStatsCommand.php(75): ftp_get()
#1 /var/www/html/chitkar/protected/framework/console/CConsoleCommandRunner.php(71): remoteStatsCommand->run()
#2 /var/www/html/chitkar/protected/framework/console/CConsoleApplication.php(92): CConsoleCommandRunner->run()
#3 /var/www/html/chitkar/protected/framework/base/CApplication.php(185): CConsoleApplication->processRequest()
#4 /var/www/html/chitkar/cron.php(6): CConsoleApplication->run()

2026/02/06 21:04:02 [error] [php] ftp_get(): /reads.ctk: No such file or directory (/var/www/html/chitkar/protected/commands/remoteStatsCommand.php:75)
Stack trace:
#0 /var/www/html/chitkar/protected/commands/remoteStatsCommand.php(75): ftp_get()
#1 /var/www/html/chitkar/protected/framework/console/CConsoleCommandRunner.php(71): remoteStatsCommand->run()
#2 /var/www/html/chitkar/protected/framework/console/CConsoleApplication.php(92): CConsoleCommandRunner->run()
#3 /var/www/html/chitkar/protected/framework/base/CApplication.php(185): CConsoleApplication->processRequest()
#4 /var/www/html/chitkar/cron.php(6): CConsoleApplication->run()

2026/02/06 21:38:01 [error] [php] ftp_get(): /reads.ctk: No such file or directory (/var/www/html/chitkar/protected/commands/remoteStatsCommand.php:75)
Stack trace:
#0 /var/www/html/chitkar/protected/commands/remoteStatsCommand.php(75): ftp_get()
#1 /var/www/html/chitkar/protected/framework/console/CConsoleCommandRunner.php(71): remoteStatsCommand->run()
#2 /var/www/html/chitkar/protected/framework/console/CConsoleApplication.php(92): CConsoleCommandRunner->run()
#3 /var/www/html/chitkar/protected/framework/base/CApplication.php(185): CConsoleApplication->processRequest()
#4 /var/www/html/chitkar/cron.php(6): CConsoleApplication->run()

2026/02/06 22:16:01 [error] [php] ftp_get(): /reads.ctk: No such file or directory (/var/www/html/chitkar/protected/commands/remoteStatsCommand.php:75)
Stack trace:
#0 /var/www/html/chitkar/protected/commands/remoteStatsCommand.php(75): ftp_get()
#1 /var/www/html/chitkar/protected/framework/console/CConsoleCommandRunner.php(71): remoteStatsCommand->run()
#2 /var/www/html/chitkar/protected/framework/console/CConsoleApplication.php(92): CConsoleCommandRunner->run()
#3 /var/www/html/chitkar/protected/framework/base/CApplication.php(185): CConsoleApplication->processRequest()
#4 /var/www/html/chitkar/cron.php(6): CConsoleApplication->run()

2026/02/06 22:50:01 [error] [php] ftp_get(): /reads.ctk: No such file or directory (/var/www/html/chitkar/protected/commands/remoteStatsCommand.php:75)
Stack trace:
#0 /var/www/html/chitkar/protected/commands/remoteStatsCommand.php(75): ftp_get()
#1 /var/www/html/chitkar/protected/framework/console/CConsoleCommandRunner.php(71): remoteStatsCommand->run()
#2 /var/www/html/chitkar/protected/framework/console/CConsoleApplication.php(92): CConsoleCommandRunner->run()
#3 /var/www/html/chitkar/protected/framework/base/CApplication.php(185): CConsoleApplication->processRequest()
#4 /var/www/html/chitkar/cron.php(6): CConsoleApplication->run()

2026/02/06 23:26:01 [error] [php] ftp_get(): /reads.ctk: No such file or directory (/var/www/html/chitkar/protected/commands/remoteStatsCommand.php:75)
Stack trace:
#0 /var/www/html/chitkar/protected/commands/remoteStatsCommand.php(75): ftp_get()
#1 /var/www/html/chitkar/protected/framework/console/CConsoleCommandRunner.php(71): remoteStatsCommand->run()
#2 /var/www/html/chitkar/protected/framework/console/CConsoleApplication.php(92): CConsoleCommandRunner->run()
#3 /var/www/html/chitkar/protected/framework/base/CApplication.php(185): CConsoleApplication->processRequest()
#4 /var/www/html/chitkar/cron.php(6): CConsoleApplication->run()

2026/02/06 23:58:01 [error] [php] ftp_get(): /reads.ctk: No such file or directory (/var/www/html/chitkar/protected/commands/remoteStatsCommand.php:75)
Stack trace:
#0 /var/www/html/chitkar/protected/commands/remoteStatsCommand.php(75): ftp_get()
#1 /var/www/html/chitkar/protected/framework/console/CConsoleCommandRunner.php(71): remoteStatsCommand->run()
#2 /var/www/html/chitkar/protected/framework/console/CConsoleApplication.php(92): CConsoleCommandRunner->run()
#3 /var/www/html/chitkar/protected/framework/base/CApplication.php(185): CConsoleApplication->processRequest()
#4 /var/www/html/chitkar/cron.php(6): CConsoleApplication->run()

2026/02/07 00:32:01 [error] [php] ftp_get(): /reads.ctk: No such file or directory (/var/www/html/chitkar/protected/commands/remoteStatsCommand.php:75)
Stack trace:
#0 /var/www/html/chitkar/protected/commands/remoteStatsCommand.php(75): ftp_get()
#1 /var/www/html/chitkar/protected/framework/console/CConsoleCommandRunner.php(71): remoteStatsCommand->run()
#2 /var/www/html/chitkar/protected/framework/console/CConsoleApplication.php(92): CConsoleCommandRunner->run()
#3 /var/www/html/chitkar/protected/framework/base/CApplication.php(185): CConsoleApplication->processRequest()
#4 /var/www/html/chitkar/cron.php(6): CConsoleApplication->run()

2026/02/07 01:08:02 [error] [php] ftp_get(): /reads.ctk: No such file or directory (/var/www/html/chitkar/protected/commands/remoteStatsCommand.php:75)
Stack trace:
#0 /var/www/html/chitkar/protected/commands/remoteStatsCommand.php(75): ftp_get()
#1 /var/www/html/chitkar/protected/framework/console/CConsoleCommandRunner.php(71): remoteStatsCommand->run()
#2 /var/www/html/chitkar/protected/framework/console/CConsoleApplication.php(92): CConsoleCommandRunner->run()
#3 /var/www/html/chitkar/protected/framework/base/CApplication.php(185): CConsoleApplication->processRequest()
#4 /var/www/html/chitkar/cron.php(6): CConsoleApplication->run()

2026/02/07 01:42:01 [error] [php] ftp_get(): /reads.ctk: No such file or directory (/var/www/html/chitkar/protected/commands/remoteStatsCommand.php:75)
Stack trace:
#0 /var/www/html/chitkar/protected/commands/remoteStatsCommand.php(75): ftp_get()
#1 /var/www/html/chitkar/protected/framework/console/CConsoleCommandRunner.php(71): remoteStatsCommand->run()
#2 /var/www/html/chitkar/protected/framework/console/CConsoleApplication.php(92): CConsoleCommandRunner->run()
#3 /var/www/html/chitkar/protected/framework/base/CApplication.php(185): CConsoleApplication->processRequest()
#4 /var/www/html/chitkar/cron.php(6): CConsoleApplication->run()

2026/02/07 02:16:01 [error] [php] ftp_get(): /reads.ctk: No such file or directory (/var/www/html/chitkar/protected/commands/remoteStatsCommand.php:75)
Stack trace:
#0 /var/www/html/chitkar/protected/commands/remoteStatsCommand.php(75): ftp_get()
#1 /var/www/html/chitkar/protected/framework/console/CConsoleCommandRunner.php(71): remoteStatsCommand->run()
#2 /var/www/html/chitkar/protected/framework/console/CConsoleApplication.php(92): CConsoleCommandRunner->run()
#3 /var/www/html/chitkar/protected/framework/base/CApplication.php(185): CConsoleApplication->processRequest()
#4 /var/www/html/chitkar/cron.php(6): CConsoleApplication->run()

2026/02/07 02:52:01 [error] [php] ftp_get(): /reads.ctk: No such file or directory (/var/www/html/chitkar/protected/commands/remoteStatsCommand.php:75)
Stack trace:
#0 /var/www/html/chitkar/protected/commands/remoteStatsCommand.php(75): ftp_get()
#1 /var/www/html/chitkar/protected/framework/console/CConsoleCommandRunner.php(71): remoteStatsCommand->run()
#2 /var/www/html/chitkar/protected/framework/console/CConsoleApplication.php(92): CConsoleCommandRunner->run()
#3 /var/www/html/chitkar/protected/framework/base/CApplication.php(185): CConsoleApplication->processRequest()
#4 /var/www/html/chitkar/cron.php(6): CConsoleApplication->run()

2026/02/07 03:26:01 [error] [php] ftp_get(): /reads.ctk: No such file or directory (/var/www/html/chitkar/protected/commands/remoteStatsCommand.php:75)
Stack trace:
#0 /var/www/html/chitkar/protected/commands/remoteStatsCommand.php(75): ftp_get()
#1 /var/www/html/chitkar/protected/framework/console/CConsoleCommandRunner.php(71): remoteStatsCommand->run()
#2 /var/www/html/chitkar/protected/framework/console/CConsoleApplication.php(92): CConsoleCommandRunner->run()
#3 /var/www/html/chitkar/protected/framework/base/CApplication.php(185): CConsoleApplication->processRequest()
#4 /var/www/html/chitkar/cron.php(6): CConsoleApplication->run()

2026/02/07 04:00:01 [error] [php] ftp_get(): /reads.ctk: No such file or directory (/var/www/html/chitkar/protected/commands/remoteStatsCommand.php:75)
Stack trace:
#0 /var/www/html/chitkar/protected/commands/remoteStatsCommand.php(75): ftp_get()
#1 /var/www/html/chitkar/protected/framework/console/CConsoleCommandRunner.php(71): remoteStatsCommand->run()
#2 /var/www/html/chitkar/protected/framework/console/CConsoleApplication.php(92): CConsoleCommandRunner->run()
#3 /var/www/html/chitkar/protected/framework/base/CApplication.php(185): CConsoleApplication->processRequest()
#4 /var/www/html/chitkar/cron.php(6): CConsoleApplication->run()

2026/02/07 04:34:01 [error] [php] ftp_get(): /reads.ctk: No such file or directory (/var/www/html/chitkar/protected/commands/remoteStatsCommand.php:75)
Stack trace:
#0 /var/www/html/chitkar/protected/commands/remoteStatsCommand.php(75): ftp_get()
#1 /var/www/html/chitkar/protected/framework/console/CConsoleCommandRunner.php(71): remoteStatsCommand->run()
#2 /var/www/html/chitkar/protected/framework/console/CConsoleApplication.php(92): CConsoleCommandRunner->run()
#3 /var/www/html/chitkar/protected/framework/base/CApplication.php(185): CConsoleApplication->processRequest()
#4 /var/www/html/chitkar/cron.php(6): CConsoleApplication->run()

2026/02/07 05:08:01 [error] [php] ftp_get(): /reads.ctk: No such file or directory (/var/www/html/chitkar/protected/commands/remoteStatsCommand.php:75)
Stack trace:
#0 /var/www/html/chitkar/protected/commands/remoteStatsCommand.php(75): ftp_get()
#1 /var/www/html/chitkar/protected/framework/console/CConsoleCommandRunner.php(71): remoteStatsCommand->run()
#2 /var/www/html/chitkar/protected/framework/console/CConsoleApplication.php(92): CConsoleCommandRunner->run()
#3 /var/www/html/chitkar/protected/framework/base/CApplication.php(185): CConsoleApplication->processRequest()
#4 /var/www/html/chitkar/cron.php(6): CConsoleApplication->run()

2026/02/07 05:40:01 [error] [php] ftp_get(): /reads.ctk: No such file or directory (/var/www/html/chitkar/protected/commands/remoteStatsCommand.php:75)
Stack trace:
#0 /var/www/html/chitkar/protected/commands/remoteStatsCommand.php(75): ftp_get()
#1 /var/www/html/chitkar/protected/framework/console/CConsoleCommandRunner.php(71): remoteStatsCommand->run()
#2 /var/www/html/chitkar/protected/framework/console/CConsoleApplication.php(92): CConsoleCommandRunner->run()
#3 /var/www/html/chitkar/protected/framework/base/CApplication.php(185): CConsoleApplication->processRequest()
#4 /var/www/html/chitkar/cron.php(6): CConsoleApplication->run()

2026/02/07 06:14:01 [error] [php] ftp_get(): /reads.ctk: No such file or directory (/var/www/html/chitkar/protected/commands/remoteStatsCommand.php:75)
Stack trace:
#0 /var/www/html/chitkar/protected/commands/remoteStatsCommand.php(75): ftp_get()
#1 /var/www/html/chitkar/protected/framework/console/CConsoleCommandRunner.php(71): remoteStatsCommand->run()
#2 /var/www/html/chitkar/protected/framework/console/CConsoleApplication.php(92): CConsoleCommandRunner->run()
#3 /var/www/html/chitkar/protected/framework/base/CApplication.php(185): CConsoleApplication->processRequest()
#4 /var/www/html/chitkar/cron.php(6): CConsoleApplication->run()

2026/02/07 06:46:01 [error] [php] ftp_get(): /reads.ctk: No such file or directory (/var/www/html/chitkar/protected/commands/remoteStatsCommand.php:75)
Stack trace:
#0 /var/www/html/chitkar/protected/commands/remoteStatsCommand.php(75): ftp_get()
#1 /var/www/html/chitkar/protected/framework/console/CConsoleCommandRunner.php(71): remoteStatsCommand->run()
#2 /var/www/html/chitkar/protected/framework/console/CConsoleApplication.php(92): CConsoleCommandRunner->run()
#3 /var/www/html/chitkar/protected/framework/base/CApplication.php(185): CConsoleApplication->processRequest()
#4 /var/www/html/chitkar/cron.php(6): CConsoleApplication->run()

2026/02/07 07:20:02 [error] [php] ftp_get(): /reads.ctk: No such file or directory (/var/www/html/chitkar/protected/commands/remoteStatsCommand.php:75)
Stack trace:
#0 /var/www/html/chitkar/protected/commands/remoteStatsCommand.php(75): ftp_get()
#1 /var/www/html/chitkar/protected/framework/console/CConsoleCommandRunner.php(71): remoteStatsCommand->run()
#2 /var/www/html/chitkar/protected/framework/console/CConsoleApplication.php(92): CConsoleCommandRunner->run()
#3 /var/www/html/chitkar/protected/framework/base/CApplication.php(185): CConsoleApplication->processRequest()
#4 /var/www/html/chitkar/cron.php(6): CConsoleApplication->run()

2026/02/07 07:54:01 [error] [php] ftp_get(): /reads.ctk: No such file or directory (/var/www/html/chitkar/protected/commands/remoteStatsCommand.php:75)
Stack trace:
#0 /var/www/html/chitkar/protected/commands/remoteStatsCommand.php(75): ftp_get()
#1 /var/www/html/chitkar/protected/framework/console/CConsoleCommandRunner.php(71): remoteStatsCommand->run()
#2 /var/www/html/chitkar/protected/framework/console/CConsoleApplication.php(92): CConsoleCommandRunner->run()
#3 /var/www/html/chitkar/protected/framework/base/CApplication.php(185): CConsoleApplication->processRequest()
#4 /var/www/html/chitkar/cron.php(6): CConsoleApplication->run()

2026/02/07 08:28:01 [error] [php] ftp_get(): /reads.ctk: No such file or directory (/var/www/html/chitkar/protected/commands/remoteStatsCommand.php:75)
Stack trace:
#0 /var/www/html/chitkar/protected/commands/remoteStatsCommand.php(75): ftp_get()
#1 /var/www/html/chitkar/protected/framework/console/CConsoleCommandRunner.php(71): remoteStatsCommand->run()
#2 /var/www/html/chitkar/protected/framework/console/CConsoleApplication.php(92): CConsoleCommandRunner->run()
#3 /var/www/html/chitkar/protected/framework/base/CApplication.php(185): CConsoleApplication->processRequest()
#4 /var/www/html/chitkar/cron.php(6): CConsoleApplication->run()

2026/02/07 09:02:01 [error] [php] ftp_get(): /reads.ctk: No such file or directory (/var/www/html/chitkar/protected/commands/remoteStatsCommand.php:75)
Stack trace:
#0 /var/www/html/chitkar/protected/commands/remoteStatsCommand.php(75): ftp_get()
#1 /var/www/html/chitkar/protected/framework/console/CConsoleCommandRunner.php(71): remoteStatsCommand->run()
#2 /var/www/html/chitkar/protected/framework/console/CConsoleApplication.php(92): CConsoleCommandRunner->run()
#3 /var/www/html/chitkar/protected/framework/base/CApplication.php(185): CConsoleApplication->processRequest()
#4 /var/www/html/chitkar/cron.php(6): CConsoleApplication->run()

2026/02/07 09:36:01 [error] [php] ftp_get(): /reads.ctk: No such file or directory (/var/www/html/chitkar/protected/commands/remoteStatsCommand.php:75)
Stack trace:
#0 /var/www/html/chitkar/protected/commands/remoteStatsCommand.php(75): ftp_get()
#1 /var/www/html/chitkar/protected/framework/console/CConsoleCommandRunner.php(71): remoteStatsCommand->run()
#2 /var/www/html/chitkar/protected/framework/console/CConsoleApplication.php(92): CConsoleCommandRunner->run()
#3 /var/www/html/chitkar/protected/framework/base/CApplication.php(185): CConsoleApplication->processRequest()
#4 /var/www/html/chitkar/cron.php(6): CConsoleApplication->run()

2026/02/07 10:10:02 [error] [php] ftp_get(): /reads.ctk: No such file or directory (/var/www/html/chitkar/protected/commands/remoteStatsCommand.php:75)
Stack trace:
#0 /var/www/html/chitkar/protected/commands/remoteStatsCommand.php(75): ftp_get()
#1 /var/www/html/chitkar/protected/framework/console/CConsoleCommandRunner.php(71): remoteStatsCommand->run()
#2 /var/www/html/chitkar/protected/framework/console/CConsoleApplication.php(92): CConsoleCommandRunner->run()
#3 /var/www/html/chitkar/protected/framework/base/CApplication.php(185): CConsoleApplication->processRequest()
#4 /var/www/html/chitkar/cron.php(6): CConsoleApplication->run()

2026/02/07 10:44:01 [error] [php] ftp_get(): /reads.ctk: No such file or directory (/var/www/html/chitkar/protected/commands/remoteStatsCommand.php:75)
Stack trace:
#0 /var/www/html/chitkar/protected/commands/remoteStatsCommand.php(75): ftp_get()
#1 /var/www/html/chitkar/protected/framework/console/CConsoleCommandRunner.php(71): remoteStatsCommand->run()
#2 /var/www/html/chitkar/protected/framework/console/CConsoleApplication.php(92): CConsoleCommandRunner->run()
#3 /var/www/html/chitkar/protected/framework/base/CApplication.php(185): CConsoleApplication->processRequest()
#4 /var/www/html/chitkar/cron.php(6): CConsoleApplication->run()

2026/02/07 11:22:01 [error] [php] ftp_get(): /reads.ctk: No such file or directory (/var/www/html/chitkar/protected/commands/remoteStatsCommand.php:75)
Stack trace:
#0 /var/www/html/chitkar/protected/commands/remoteStatsCommand.php(75): ftp_get()
#1 /var/www/html/chitkar/protected/framework/console/CConsoleCommandRunner.php(71): remoteStatsCommand->run()
#2 /var/www/html/chitkar/protected/framework/console/CConsoleApplication.php(92): CConsoleCommandRunner->run()
#3 /var/www/html/chitkar/protected/framework/base/CApplication.php(185): CConsoleApplication->processRequest()
#4 /var/www/html/chitkar/cron.php(6): CConsoleApplication->run()

2026/02/07 11:56:01 [error] [php] ftp_get(): /reads.ctk: No such file or directory (/var/www/html/chitkar/protected/commands/remoteStatsCommand.php:75)
Stack trace:
#0 /var/www/html/chitkar/protected/commands/remoteStatsCommand.php(75): ftp_get()
#1 /var/www/html/chitkar/protected/framework/console/CConsoleCommandRunner.php(71): remoteStatsCommand->run()
#2 /var/www/html/chitkar/protected/framework/console/CConsoleApplication.php(92): CConsoleCommandRunner->run()
#3 /var/www/html/chitkar/protected/framework/base/CApplication.php(185): CConsoleApplication->processRequest()
#4 /var/www/html/chitkar/cron.php(6): CConsoleApplication->run()

2026/02/07 12:30:01 [error] [php] ftp_get(): /reads.ctk: No such file or directory (/var/www/html/chitkar/protected/commands/remoteStatsCommand.php:75)
Stack trace:
#0 /var/www/html/chitkar/protected/commands/remoteStatsCommand.php(75): ftp_get()
#1 /var/www/html/chitkar/protected/framework/console/CConsoleCommandRunner.php(71): remoteStatsCommand->run()
#2 /var/www/html/chitkar/protected/framework/console/CConsoleApplication.php(92): CConsoleCommandRunner->run()
#3 /var/www/html/chitkar/protected/framework/base/CApplication.php(185): CConsoleApplication->processRequest()
#4 /var/www/html/chitkar/cron.php(6): CConsoleApplication->run()

2026/02/07 13:04:01 [error] [php] ftp_get(): /reads.ctk: No such file or directory (/var/www/html/chitkar/protected/commands/remoteStatsCommand.php:75)
Stack trace:
#0 /var/www/html/chitkar/protected/commands/remoteStatsCommand.php(75): ftp_get()
#1 /var/www/html/chitkar/protected/framework/console/CConsoleCommandRunner.php(71): remoteStatsCommand->run()
#2 /var/www/html/chitkar/protected/framework/console/CConsoleApplication.php(92): CConsoleCommandRunner->run()
#3 /var/www/html/chitkar/protected/framework/base/CApplication.php(185): CConsoleApplication->processRequest()
#4 /var/www/html/chitkar/cron.php(6): CConsoleApplication->run()

2026/02/07 13:38:01 [error] [php] ftp_get(): /reads.ctk: No such file or directory (/var/www/html/chitkar/protected/commands/remoteStatsCommand.php:75)
Stack trace:
#0 /var/www/html/chitkar/protected/commands/remoteStatsCommand.php(75): ftp_get()
#1 /var/www/html/chitkar/protected/framework/console/CConsoleCommandRunner.php(71): remoteStatsCommand->run()
#2 /var/www/html/chitkar/protected/framework/console/CConsoleApplication.php(92): CConsoleCommandRunner->run()
#3 /var/www/html/chitkar/protected/framework/base/CApplication.php(185): CConsoleApplication->processRequest()
#4 /var/www/html/chitkar/cron.php(6): CConsoleApplication->run()

2026/02/07 14:14:01 [error] [php] ftp_get(): /reads.ctk: No such file or directory (/var/www/html/chitkar/protected/commands/remoteStatsCommand.php:75)
Stack trace:
#0 /var/www/html/chitkar/protected/commands/remoteStatsCommand.php(75): ftp_get()
#1 /var/www/html/chitkar/protected/framework/console/CConsoleCommandRunner.php(71): remoteStatsCommand->run()
#2 /var/www/html/chitkar/protected/framework/console/CConsoleApplication.php(92): CConsoleCommandRunner->run()
#3 /var/www/html/chitkar/protected/framework/base/CApplication.php(185): CConsoleApplication->processRequest()
#4 /var/www/html/chitkar/cron.php(6): CConsoleApplication->run()

2026/02/07 14:54:02 [error] [php] ftp_get(): /reads.ctk: No such file or directory (/var/www/html/chitkar/protected/commands/remoteStatsCommand.php:75)
Stack trace:
#0 /var/www/html/chitkar/protected/commands/remoteStatsCommand.php(75): ftp_get()
#1 /var/www/html/chitkar/protected/framework/console/CConsoleCommandRunner.php(71): remoteStatsCommand->run()
#2 /var/www/html/chitkar/protected/framework/console/CConsoleApplication.php(92): CConsoleCommandRunner->run()
#3 /var/www/html/chitkar/protected/framework/base/CApplication.php(185): CConsoleApplication->processRequest()
#4 /var/www/html/chitkar/cron.php(6): CConsoleApplication->run()

2026/02/07 15:28:01 [error] [php] ftp_get(): /reads.ctk: No such file or directory (/var/www/html/chitkar/protected/commands/remoteStatsCommand.php:75)
Stack trace:
#0 /var/www/html/chitkar/protected/commands/remoteStatsCommand.php(75): ftp_get()
#1 /var/www/html/chitkar/protected/framework/console/CConsoleCommandRunner.php(71): remoteStatsCommand->run()
#2 /var/www/html/chitkar/protected/framework/console/CConsoleApplication.php(92): CConsoleCommandRunner->run()
#3 /var/www/html/chitkar/protected/framework/base/CApplication.php(185): CConsoleApplication->processRequest()
#4 /var/www/html/chitkar/cron.php(6): CConsoleApplication->run()

2026/02/07 16:02:01 [error] [php] ftp_get(): /reads.ctk: No such file or directory (/var/www/html/chitkar/protected/commands/remoteStatsCommand.php:75)
Stack trace:
#0 /var/www/html/chitkar/protected/commands/remoteStatsCommand.php(75): ftp_get()
#1 /var/www/html/chitkar/protected/framework/console/CConsoleCommandRunner.php(71): remoteStatsCommand->run()
#2 /var/www/html/chitkar/protected/framework/console/CConsoleApplication.php(92): CConsoleCommandRunner->run()
#3 /var/www/html/chitkar/protected/framework/base/CApplication.php(185): CConsoleApplication->processRequest()
#4 /var/www/html/chitkar/cron.php(6): CConsoleApplication->run()

2026/02/07 16:38:01 [error] [php] ftp_get(): /reads.ctk: No such file or directory (/var/www/html/chitkar/protected/commands/remoteStatsCommand.php:75)
Stack trace:
#0 /var/www/html/chitkar/protected/commands/remoteStatsCommand.php(75): ftp_get()
#1 /var/www/html/chitkar/protected/framework/console/CConsoleCommandRunner.php(71): remoteStatsCommand->run()
#2 /var/www/html/chitkar/protected/framework/console/CConsoleApplication.php(92): CConsoleCommandRunner->run()
#3 /var/www/html/chitkar/protected/framework/base/CApplication.php(185): CConsoleApplication->processRequest()
#4 /var/www/html/chitkar/cron.php(6): CConsoleApplication->run()

2026/02/07 17:12:01 [error] [php] ftp_get(): /reads.ctk: No such file or directory (/var/www/html/chitkar/protected/commands/remoteStatsCommand.php:75)
Stack trace:
#0 /var/www/html/chitkar/protected/commands/remoteStatsCommand.php(75): ftp_get()
#1 /var/www/html/chitkar/protected/framework/console/CConsoleCommandRunner.php(71): remoteStatsCommand->run()
#2 /var/www/html/chitkar/protected/framework/console/CConsoleApplication.php(92): CConsoleCommandRunner->run()
#3 /var/www/html/chitkar/protected/framework/base/CApplication.php(185): CConsoleApplication->processRequest()
#4 /var/www/html/chitkar/cron.php(6): CConsoleApplication->run()

2026/02/07 17:44:02 [error] [php] ftp_get(): /reads.ctk: No such file or directory (/var/www/html/chitkar/protected/commands/remoteStatsCommand.php:75)
Stack trace:
#0 /var/www/html/chitkar/protected/commands/remoteStatsCommand.php(75): ftp_get()
#1 /var/www/html/chitkar/protected/framework/console/CConsoleCommandRunner.php(71): remoteStatsCommand->run()
#2 /var/www/html/chitkar/protected/framework/console/CConsoleApplication.php(92): CConsoleCommandRunner->run()
#3 /var/www/html/chitkar/protected/framework/base/CApplication.php(185): CConsoleApplication->processRequest()
#4 /var/www/html/chitkar/cron.php(6): CConsoleApplication->run()

2026/02/07 18:18:01 [error] [php] ftp_get(): /reads.ctk: No such file or directory (/var/www/html/chitkar/protected/commands/remoteStatsCommand.php:75)
Stack trace:
#0 /var/www/html/chitkar/protected/commands/remoteStatsCommand.php(75): ftp_get()
#1 /var/www/html/chitkar/protected/framework/console/CConsoleCommandRunner.php(71): remoteStatsCommand->run()
#2 /var/www/html/chitkar/protected/framework/console/CConsoleApplication.php(92): CConsoleCommandRunner->run()
#3 /var/www/html/chitkar/protected/framework/base/CApplication.php(185): CConsoleApplication->processRequest()
#4 /var/www/html/chitkar/cron.php(6): CConsoleApplication->run()

2026/02/07 18:52:01 [error] [php] ftp_get(): /reads.ctk: No such file or directory (/var/www/html/chitkar/protected/commands/remoteStatsCommand.php:75)
Stack trace:
#0 /var/www/html/chitkar/protected/commands/remoteStatsCommand.php(75): ftp_get()
#1 /var/www/html/chitkar/protected/framework/console/CConsoleCommandRunner.php(71): remoteStatsCommand->run()
#2 /var/www/html/chitkar/protected/framework/console/CConsoleApplication.php(92): CConsoleCommandRunner->run()
#3 /var/www/html/chitkar/protected/framework/base/CApplication.php(185): CConsoleApplication->processRequest()
#4 /var/www/html/chitkar/cron.php(6): CConsoleApplication->run()

2026/02/07 19:28:01 [error] [php] ftp_get(): /reads.ctk: No such file or directory (/var/www/html/chitkar/protected/commands/remoteStatsCommand.php:75)
Stack trace:
#0 /var/www/html/chitkar/protected/commands/remoteStatsCommand.php(75): ftp_get()
#1 /var/www/html/chitkar/protected/framework/console/CConsoleCommandRunner.php(71): remoteStatsCommand->run()
#2 /var/www/html/chitkar/protected/framework/console/CConsoleApplication.php(92): CConsoleCommandRunner->run()
#3 /var/www/html/chitkar/protected/framework/base/CApplication.php(185): CConsoleApplication->processRequest()
#4 /var/www/html/chitkar/cron.php(6): CConsoleApplication->run()

2026/02/07 20:02:01 [error] [php] ftp_get(): /reads.ctk: No such file or directory (/var/www/html/chitkar/protected/commands/remoteStatsCommand.php:75)
Stack trace:
#0 /var/www/html/chitkar/protected/commands/remoteStatsCommand.php(75): ftp_get()
#1 /var/www/html/chitkar/protected/framework/console/CConsoleCommandRunner.php(71): remoteStatsCommand->run()
#2 /var/www/html/chitkar/protected/framework/console/CConsoleApplication.php(92): CConsoleCommandRunner->run()
#3 /var/www/html/chitkar/protected/framework/base/CApplication.php(185): CConsoleApplication->processRequest()
#4 /var/www/html/chitkar/cron.php(6): CConsoleApplication->run()

2026/02/07 20:36:01 [error] [php] ftp_get(): /reads.ctk: No such file or directory (/var/www/html/chitkar/protected/commands/remoteStatsCommand.php:75)
Stack trace:
#0 /var/www/html/chitkar/protected/commands/remoteStatsCommand.php(75): ftp_get()
#1 /var/www/html/chitkar/protected/framework/console/CConsoleCommandRunner.php(71): remoteStatsCommand->run()
#2 /var/www/html/chitkar/protected/framework/console/CConsoleApplication.php(92): CConsoleCommandRunner->run()
#3 /var/www/html/chitkar/protected/framework/base/CApplication.php(185): CConsoleApplication->processRequest()
#4 /var/www/html/chitkar/cron.php(6): CConsoleApplication->run()

2026/02/07 21:10:02 [error] [php] ftp_get(): /reads.ctk: No such file or directory (/var/www/html/chitkar/protected/commands/remoteStatsCommand.php:75)
Stack trace:
#0 /var/www/html/chitkar/protected/commands/remoteStatsCommand.php(75): ftp_get()
#1 /var/www/html/chitkar/protected/framework/console/CConsoleCommandRunner.php(71): remoteStatsCommand->run()
#2 /var/www/html/chitkar/protected/framework/console/CConsoleApplication.php(92): CConsoleCommandRunner->run()
#3 /var/www/html/chitkar/protected/framework/base/CApplication.php(185): CConsoleApplication->processRequest()
#4 /var/www/html/chitkar/cron.php(6): CConsoleApplication->run()

2026/02/07 21:44:01 [error] [php] ftp_get(): /reads.ctk: No such file or directory (/var/www/html/chitkar/protected/commands/remoteStatsCommand.php:75)
Stack trace:
#0 /var/www/html/chitkar/protected/commands/remoteStatsCommand.php(75): ftp_get()
#1 /var/www/html/chitkar/protected/framework/console/CConsoleCommandRunner.php(71): remoteStatsCommand->run()
#2 /var/www/html/chitkar/protected/framework/console/CConsoleApplication.php(92): CConsoleCommandRunner->run()
#3 /var/www/html/chitkar/protected/framework/base/CApplication.php(185): CConsoleApplication->processRequest()
#4 /var/www/html/chitkar/cron.php(6): CConsoleApplication->run()

2026/02/07 22:18:01 [error] [php] ftp_get(): /reads.ctk: No such file or directory (/var/www/html/chitkar/protected/commands/remoteStatsCommand.php:75)
Stack trace:
#0 /var/www/html/chitkar/protected/commands/remoteStatsCommand.php(75): ftp_get()
#1 /var/www/html/chitkar/protected/framework/console/CConsoleCommandRunner.php(71): remoteStatsCommand->run()
#2 /var/www/html/chitkar/protected/framework/console/CConsoleApplication.php(92): CConsoleCommandRunner->run()
#3 /var/www/html/chitkar/protected/framework/base/CApplication.php(185): CConsoleApplication->processRequest()
#4 /var/www/html/chitkar/cron.php(6): CConsoleApplication->run()

2026/02/07 22:52:01 [error] [php] ftp_get(): /reads.ctk: No such file or directory (/var/www/html/chitkar/protected/commands/remoteStatsCommand.php:75)
Stack trace:
#0 /var/www/html/chitkar/protected/commands/remoteStatsCommand.php(75): ftp_get()
#1 /var/www/html/chitkar/protected/framework/console/CConsoleCommandRunner.php(71): remoteStatsCommand->run()
#2 /var/www/html/chitkar/protected/framework/console/CConsoleApplication.php(92): CConsoleCommandRunner->run()
#3 /var/www/html/chitkar/protected/framework/base/CApplication.php(185): CConsoleApplication->processRequest()
#4 /var/www/html/chitkar/cron.php(6): CConsoleApplication->run()

2026/02/07 23:26:01 [error] [php] ftp_get(): /reads.ctk: No such file or directory (/var/www/html/chitkar/protected/commands/remoteStatsCommand.php:75)
Stack trace:
#0 /var/www/html/chitkar/protected/commands/remoteStatsCommand.php(75): ftp_get()
#1 /var/www/html/chitkar/protected/framework/console/CConsoleCommandRunner.php(71): remoteStatsCommand->run()
#2 /var/www/html/chitkar/protected/framework/console/CConsoleApplication.php(92): CConsoleCommandRunner->run()
#3 /var/www/html/chitkar/protected/framework/base/CApplication.php(185): CConsoleApplication->processRequest()
#4 /var/www/html/chitkar/cron.php(6): CConsoleApplication->run()

2026/02/08 00:02:01 [error] [php] ftp_get(): /reads.ctk: No such file or directory (/var/www/html/chitkar/protected/commands/remoteStatsCommand.php:75)
Stack trace:
#0 /var/www/html/chitkar/protected/commands/remoteStatsCommand.php(75): ftp_get()
#1 /var/www/html/chitkar/protected/framework/console/CConsoleCommandRunner.php(71): remoteStatsCommand->run()
#2 /var/www/html/chitkar/protected/framework/console/CConsoleApplication.php(92): CConsoleCommandRunner->run()
#3 /var/www/html/chitkar/protected/framework/base/CApplication.php(185): CConsoleApplication->processRequest()
#4 /var/www/html/chitkar/cron.php(6): CConsoleApplication->run()

2026/02/08 00:36:01 [error] [php] ftp_get(): /reads.ctk: No such file or directory (/var/www/html/chitkar/protected/commands/remoteStatsCommand.php:75)
Stack trace:
#0 /var/www/html/chitkar/protected/commands/remoteStatsCommand.php(75): ftp_get()
#1 /var/www/html/chitkar/protected/framework/console/CConsoleCommandRunner.php(71): remoteStatsCommand->run()
#2 /var/www/html/chitkar/protected/framework/console/CConsoleApplication.php(92): CConsoleCommandRunner->run()
#3 /var/www/html/chitkar/protected/framework/base/CApplication.php(185): CConsoleApplication->processRequest()
#4 /var/www/html/chitkar/cron.php(6): CConsoleApplication->run()

2026/02/08 01:10:02 [error] [php] ftp_get(): /reads.ctk: No such file or directory (/var/www/html/chitkar/protected/commands/remoteStatsCommand.php:75)
Stack trace:
#0 /var/www/html/chitkar/protected/commands/remoteStatsCommand.php(75): ftp_get()
#1 /var/www/html/chitkar/protected/framework/console/CConsoleCommandRunner.php(71): remoteStatsCommand->run()
#2 /var/www/html/chitkar/protected/framework/console/CConsoleApplication.php(92): CConsoleCommandRunner->run()
#3 /var/www/html/chitkar/protected/framework/base/CApplication.php(185): CConsoleApplication->processRequest()
#4 /var/www/html/chitkar/cron.php(6): CConsoleApplication->run()

2026/02/08 01:42:01 [error] [php] ftp_get(): /reads.ctk: No such file or directory (/var/www/html/chitkar/protected/commands/remoteStatsCommand.php:75)
Stack trace:
#0 /var/www/html/chitkar/protected/commands/remoteStatsCommand.php(75): ftp_get()
#1 /var/www/html/chitkar/protected/framework/console/CConsoleCommandRunner.php(71): remoteStatsCommand->run()
#2 /var/www/html/chitkar/protected/framework/console/CConsoleApplication.php(92): CConsoleCommandRunner->run()
#3 /var/www/html/chitkar/protected/framework/base/CApplication.php(185): CConsoleApplication->processRequest()
#4 /var/www/html/chitkar/cron.php(6): CConsoleApplication->run()

2026/02/08 02:14:01 [error] [php] ftp_get(): /reads.ctk: No such file or directory (/var/www/html/chitkar/protected/commands/remoteStatsCommand.php:75)
Stack trace:
#0 /var/www/html/chitkar/protected/commands/remoteStatsCommand.php(75): ftp_get()
#1 /var/www/html/chitkar/protected/framework/console/CConsoleCommandRunner.php(71): remoteStatsCommand->run()
#2 /var/www/html/chitkar/protected/framework/console/CConsoleApplication.php(92): CConsoleCommandRunner->run()
#3 /var/www/html/chitkar/protected/framework/base/CApplication.php(185): CConsoleApplication->processRequest()
#4 /var/www/html/chitkar/cron.php(6): CConsoleApplication->run()

2026/02/08 02:48:01 [error] [php] ftp_get(): /reads.ctk: No such file or directory (/var/www/html/chitkar/protected/commands/remoteStatsCommand.php:75)
Stack trace:
#0 /var/www/html/chitkar/protected/commands/remoteStatsCommand.php(75): ftp_get()
#1 /var/www/html/chitkar/protected/framework/console/CConsoleCommandRunner.php(71): remoteStatsCommand->run()
#2 /var/www/html/chitkar/protected/framework/console/CConsoleApplication.php(92): CConsoleCommandRunner->run()
#3 /var/www/html/chitkar/protected/framework/base/CApplication.php(185): CConsoleApplication->processRequest()
#4 /var/www/html/chitkar/cron.php(6): CConsoleApplication->run()

2026/02/08 03:22:02 [error] [php] ftp_get(): /reads.ctk: No such file or directory (/var/www/html/chitkar/protected/commands/remoteStatsCommand.php:75)
Stack trace:
#0 /var/www/html/chitkar/protected/commands/remoteStatsCommand.php(75): ftp_get()
#1 /var/www/html/chitkar/protected/framework/console/CConsoleCommandRunner.php(71): remoteStatsCommand->run()
#2 /var/www/html/chitkar/protected/framework/console/CConsoleApplication.php(92): CConsoleCommandRunner->run()
#3 /var/www/html/chitkar/protected/framework/base/CApplication.php(185): CConsoleApplication->processRequest()
#4 /var/www/html/chitkar/cron.php(6): CConsoleApplication->run()

2026/02/08 03:54:01 [error] [php] ftp_get(): /reads.ctk: No such file or directory (/var/www/html/chitkar/protected/commands/remoteStatsCommand.php:75)
Stack trace:
#0 /var/www/html/chitkar/protected/commands/remoteStatsCommand.php(75): ftp_get()
#1 /var/www/html/chitkar/protected/framework/console/CConsoleCommandRunner.php(71): remoteStatsCommand->run()
#2 /var/www/html/chitkar/protected/framework/console/CConsoleApplication.php(92): CConsoleCommandRunner->run()
#3 /var/www/html/chitkar/protected/framework/base/CApplication.php(185): CConsoleApplication->processRequest()
#4 /var/www/html/chitkar/cron.php(6): CConsoleApplication->run()

2026/02/08 04:26:01 [error] [php] ftp_get(): /reads.ctk: No such file or directory (/var/www/html/chitkar/protected/commands/remoteStatsCommand.php:75)
Stack trace:
#0 /var/www/html/chitkar/protected/commands/remoteStatsCommand.php(75): ftp_get()
#1 /var/www/html/chitkar/protected/framework/console/CConsoleCommandRunner.php(71): remoteStatsCommand->run()
#2 /var/www/html/chitkar/protected/framework/console/CConsoleApplication.php(92): CConsoleCommandRunner->run()
#3 /var/www/html/chitkar/protected/framework/base/CApplication.php(185): CConsoleApplication->processRequest()
#4 /var/www/html/chitkar/cron.php(6): CConsoleApplication->run()

2026/02/08 04:58:01 [error] [php] ftp_get(): /reads.ctk: No such file or directory (/var/www/html/chitkar/protected/commands/remoteStatsCommand.php:75)
Stack trace:
#0 /var/www/html/chitkar/protected/commands/remoteStatsCommand.php(75): ftp_get()
#1 /var/www/html/chitkar/protected/framework/console/CConsoleCommandRunner.php(71): remoteStatsCommand->run()
#2 /var/www/html/chitkar/protected/framework/console/CConsoleApplication.php(92): CConsoleCommandRunner->run()
#3 /var/www/html/chitkar/protected/framework/base/CApplication.php(185): CConsoleApplication->processRequest()
#4 /var/www/html/chitkar/cron.php(6): CConsoleApplication->run()

2026/02/08 05:30:01 [error] [php] ftp_get(): /reads.ctk: No such file or directory (/var/www/html/chitkar/protected/commands/remoteStatsCommand.php:75)
Stack trace:
#0 /var/www/html/chitkar/protected/commands/remoteStatsCommand.php(75): ftp_get()
#1 /var/www/html/chitkar/protected/framework/console/CConsoleCommandRunner.php(71): remoteStatsCommand->run()
#2 /var/www/html/chitkar/protected/framework/console/CConsoleApplication.php(92): CConsoleCommandRunner->run()
#3 /var/www/html/chitkar/protected/framework/base/CApplication.php(185): CConsoleApplication->processRequest()
#4 /var/www/html/chitkar/cron.php(6): CConsoleApplication->run()

2026/02/08 06:04:01 [error] [php] ftp_get(): /reads.ctk: No such file or directory (/var/www/html/chitkar/protected/commands/remoteStatsCommand.php:75)
Stack trace:
#0 /var/www/html/chitkar/protected/commands/remoteStatsCommand.php(75): ftp_get()
#1 /var/www/html/chitkar/protected/framework/console/CConsoleCommandRunner.php(71): remoteStatsCommand->run()
#2 /var/www/html/chitkar/protected/framework/console/CConsoleApplication.php(92): CConsoleCommandRunner->run()
#3 /var/www/html/chitkar/protected/framework/base/CApplication.php(185): CConsoleApplication->processRequest()
#4 /var/www/html/chitkar/cron.php(6): CConsoleApplication->run()

2026/02/08 06:38:01 [error] [php] ftp_get(): /reads.ctk: No such file or directory (/var/www/html/chitkar/protected/commands/remoteStatsCommand.php:75)
Stack trace:
#0 /var/www/html/chitkar/protected/commands/remoteStatsCommand.php(75): ftp_get()
#1 /var/www/html/chitkar/protected/framework/console/CConsoleCommandRunner.php(71): remoteStatsCommand->run()
#2 /var/www/html/chitkar/protected/framework/console/CConsoleApplication.php(92): CConsoleCommandRunner->run()
#3 /var/www/html/chitkar/protected/framework/base/CApplication.php(185): CConsoleApplication->processRequest()
#4 /var/www/html/chitkar/cron.php(6): CConsoleApplication->run()

2026/02/08 07:10:01 [error] [php] ftp_get(): /reads.ctk: No such file or directory (/var/www/html/chitkar/protected/commands/remoteStatsCommand.php:75)
Stack trace:
#0 /var/www/html/chitkar/protected/commands/remoteStatsCommand.php(75): ftp_get()
#1 /var/www/html/chitkar/protected/framework/console/CConsoleCommandRunner.php(71): remoteStatsCommand->run()
#2 /var/www/html/chitkar/protected/framework/console/CConsoleApplication.php(92): CConsoleCommandRunner->run()
#3 /var/www/html/chitkar/protected/framework/base/CApplication.php(185): CConsoleApplication->processRequest()
#4 /var/www/html/chitkar/cron.php(6): CConsoleApplication->run()

2026/02/08 07:44:01 [error] [php] ftp_get(): /reads.ctk: No such file or directory (/var/www/html/chitkar/protected/commands/remoteStatsCommand.php:75)
Stack trace:
#0 /var/www/html/chitkar/protected/commands/remoteStatsCommand.php(75): ftp_get()
#1 /var/www/html/chitkar/protected/framework/console/CConsoleCommandRunner.php(71): remoteStatsCommand->run()
#2 /var/www/html/chitkar/protected/framework/console/CConsoleApplication.php(92): CConsoleCommandRunner->run()
#3 /var/www/html/chitkar/protected/framework/base/CApplication.php(185): CConsoleApplication->processRequest()
#4 /var/www/html/chitkar/cron.php(6): CConsoleApplication->run()

2026/02/08 08:18:01 [error] [php] ftp_get(): /reads.ctk: No such file or directory (/var/www/html/chitkar/protected/commands/remoteStatsCommand.php:75)
Stack trace:
#0 /var/www/html/chitkar/protected/commands/remoteStatsCommand.php(75): ftp_get()
#1 /var/www/html/chitkar/protected/framework/console/CConsoleCommandRunner.php(71): remoteStatsCommand->run()
#2 /var/www/html/chitkar/protected/framework/console/CConsoleApplication.php(92): CConsoleCommandRunner->run()
#3 /var/www/html/chitkar/protected/framework/base/CApplication.php(185): CConsoleApplication->processRequest()
#4 /var/www/html/chitkar/cron.php(6): CConsoleApplication->run()

2026/02/08 08:52:02 [error] [php] ftp_get(): /reads.ctk: No such file or directory (/var/www/html/chitkar/protected/commands/remoteStatsCommand.php:75)
Stack trace:
#0 /var/www/html/chitkar/protected/commands/remoteStatsCommand.php(75): ftp_get()
#1 /var/www/html/chitkar/protected/framework/console/CConsoleCommandRunner.php(71): remoteStatsCommand->run()
#2 /var/www/html/chitkar/protected/framework/console/CConsoleApplication.php(92): CConsoleCommandRunner->run()
#3 /var/www/html/chitkar/protected/framework/base/CApplication.php(185): CConsoleApplication->processRequest()
#4 /var/www/html/chitkar/cron.php(6): CConsoleApplication->run()

2026/02/08 09:26:02 [error] [php] ftp_get(): /reads.ctk: No such file or directory (/var/www/html/chitkar/protected/commands/remoteStatsCommand.php:75)
Stack trace:
#0 /var/www/html/chitkar/protected/commands/remoteStatsCommand.php(75): ftp_get()
#1 /var/www/html/chitkar/protected/framework/console/CConsoleCommandRunner.php(71): remoteStatsCommand->run()
#2 /var/www/html/chitkar/protected/framework/console/CConsoleApplication.php(92): CConsoleCommandRunner->run()
#3 /var/www/html/chitkar/protected/framework/base/CApplication.php(185): CConsoleApplication->processRequest()
#4 /var/www/html/chitkar/cron.php(6): CConsoleApplication->run()

2026/02/08 10:00:01 [error] [php] ftp_get(): /reads.ctk: No such file or directory (/var/www/html/chitkar/protected/commands/remoteStatsCommand.php:75)
Stack trace:
#0 /var/www/html/chitkar/protected/commands/remoteStatsCommand.php(75): ftp_get()
#1 /var/www/html/chitkar/protected/framework/console/CConsoleCommandRunner.php(71): remoteStatsCommand->run()
#2 /var/www/html/chitkar/protected/framework/console/CConsoleApplication.php(92): CConsoleCommandRunner->run()
#3 /var/www/html/chitkar/protected/framework/base/CApplication.php(185): CConsoleApplication->processRequest()
#4 /var/www/html/chitkar/cron.php(6): CConsoleApplication->run()

2026/02/08 10:40:01 [error] [php] ftp_get(): /reads.ctk: No such file or directory (/var/www/html/chitkar/protected/commands/remoteStatsCommand.php:75)
Stack trace:
#0 /var/www/html/chitkar/protected/commands/remoteStatsCommand.php(75): ftp_get()
#1 /var/www/html/chitkar/protected/framework/console/CConsoleCommandRunner.php(71): remoteStatsCommand->run()
#2 /var/www/html/chitkar/protected/framework/console/CConsoleApplication.php(92): CConsoleCommandRunner->run()
#3 /var/www/html/chitkar/protected/framework/base/CApplication.php(185): CConsoleApplication->processRequest()
#4 /var/www/html/chitkar/cron.php(6): CConsoleApplication->run()

2026/02/08 11:14:01 [error] [php] ftp_get(): /reads.ctk: No such file or directory (/var/www/html/chitkar/protected/commands/remoteStatsCommand.php:75)
Stack trace:
#0 /var/www/html/chitkar/protected/commands/remoteStatsCommand.php(75): ftp_get()
#1 /var/www/html/chitkar/protected/framework/console/CConsoleCommandRunner.php(71): remoteStatsCommand->run()
#2 /var/www/html/chitkar/protected/framework/console/CConsoleApplication.php(92): CConsoleCommandRunner->run()
#3 /var/www/html/chitkar/protected/framework/base/CApplication.php(185): CConsoleApplication->processRequest()
#4 /var/www/html/chitkar/cron.php(6): CConsoleApplication->run()

2026/02/08 11:48:01 [error] [php] ftp_get(): /reads.ctk: No such file or directory (/var/www/html/chitkar/protected/commands/remoteStatsCommand.php:75)
Stack trace:
#0 /var/www/html/chitkar/protected/commands/remoteStatsCommand.php(75): ftp_get()
#1 /var/www/html/chitkar/protected/framework/console/CConsoleCommandRunner.php(71): remoteStatsCommand->run()
#2 /var/www/html/chitkar/protected/framework/console/CConsoleApplication.php(92): CConsoleCommandRunner->run()
#3 /var/www/html/chitkar/protected/framework/base/CApplication.php(185): CConsoleApplication->processRequest()
#4 /var/www/html/chitkar/cron.php(6): CConsoleApplication->run()

2026/02/08 12:22:01 [error] [php] ftp_get(): /reads.ctk: No such file or directory (/var/www/html/chitkar/protected/commands/remoteStatsCommand.php:75)
Stack trace:
#0 /var/www/html/chitkar/protected/commands/remoteStatsCommand.php(75): ftp_get()
#1 /var/www/html/chitkar/protected/framework/console/CConsoleCommandRunner.php(71): remoteStatsCommand->run()
#2 /var/www/html/chitkar/protected/framework/console/CConsoleApplication.php(92): CConsoleCommandRunner->run()
#3 /var/www/html/chitkar/protected/framework/base/CApplication.php(185): CConsoleApplication->processRequest()
#4 /var/www/html/chitkar/cron.php(6): CConsoleApplication->run()

2026/02/08 12:56:01 [error] [php] ftp_get(): /reads.ctk: No such file or directory (/var/www/html/chitkar/protected/commands/remoteStatsCommand.php:75)
Stack trace:
#0 /var/www/html/chitkar/protected/commands/remoteStatsCommand.php(75): ftp_get()
#1 /var/www/html/chitkar/protected/framework/console/CConsoleCommandRunner.php(71): remoteStatsCommand->run()
#2 /var/www/html/chitkar/protected/framework/console/CConsoleApplication.php(92): CConsoleCommandRunner->run()
#3 /var/www/html/chitkar/protected/framework/base/CApplication.php(185): CConsoleApplication->processRequest()
#4 /var/www/html/chitkar/cron.php(6): CConsoleApplication->run()

2026/02/08 13:30:01 [error] [php] ftp_get(): /reads.ctk: No such file or directory (/var/www/html/chitkar/protected/commands/remoteStatsCommand.php:75)
Stack trace:
#0 /var/www/html/chitkar/protected/commands/remoteStatsCommand.php(75): ftp_get()
#1 /var/www/html/chitkar/protected/framework/console/CConsoleCommandRunner.php(71): remoteStatsCommand->run()
#2 /var/www/html/chitkar/protected/framework/console/CConsoleApplication.php(92): CConsoleCommandRunner->run()
#3 /var/www/html/chitkar/protected/framework/base/CApplication.php(185): CConsoleApplication->processRequest()
#4 /var/www/html/chitkar/cron.php(6): CConsoleApplication->run()

2026/02/08 14:04:01 [error] [php] ftp_get(): /reads.ctk: No such file or directory (/var/www/html/chitkar/protected/commands/remoteStatsCommand.php:75)
Stack trace:
#0 /var/www/html/chitkar/protected/commands/remoteStatsCommand.php(75): ftp_get()
#1 /var/www/html/chitkar/protected/framework/console/CConsoleCommandRunner.php(71): remoteStatsCommand->run()
#2 /var/www/html/chitkar/protected/framework/console/CConsoleApplication.php(92): CConsoleCommandRunner->run()
#3 /var/www/html/chitkar/protected/framework/base/CApplication.php(185): CConsoleApplication->processRequest()
#4 /var/www/html/chitkar/cron.php(6): CConsoleApplication->run()

2026/02/08 14:38:01 [error] [php] ftp_get(): /reads.ctk: No such file or directory (/var/www/html/chitkar/protected/commands/remoteStatsCommand.php:75)
Stack trace:
#0 /var/www/html/chitkar/protected/commands/remoteStatsCommand.php(75): ftp_get()
#1 /var/www/html/chitkar/protected/framework/console/CConsoleCommandRunner.php(71): remoteStatsCommand->run()
#2 /var/www/html/chitkar/protected/framework/console/CConsoleApplication.php(92): CConsoleCommandRunner->run()
#3 /var/www/html/chitkar/protected/framework/base/CApplication.php(185): CConsoleApplication->processRequest()
#4 /var/www/html/chitkar/cron.php(6): CConsoleApplication->run()

2026/02/08 15:12:01 [error] [php] ftp_get(): /reads.ctk: No such file or directory (/var/www/html/chitkar/protected/commands/remoteStatsCommand.php:75)
Stack trace:
#0 /var/www/html/chitkar/protected/commands/remoteStatsCommand.php(75): ftp_get()
#1 /var/www/html/chitkar/protected/framework/console/CConsoleCommandRunner.php(71): remoteStatsCommand->run()
#2 /var/www/html/chitkar/protected/framework/console/CConsoleApplication.php(92): CConsoleCommandRunner->run()
#3 /var/www/html/chitkar/protected/framework/base/CApplication.php(185): CConsoleApplication->processRequest()
#4 /var/www/html/chitkar/cron.php(6): CConsoleApplication->run()

2026/02/08 15:48:01 [error] [php] ftp_get(): /reads.ctk: No such file or directory (/var/www/html/chitkar/protected/commands/remoteStatsCommand.php:75)
Stack trace:
#0 /var/www/html/chitkar/protected/commands/remoteStatsCommand.php(75): ftp_get()
#1 /var/www/html/chitkar/protected/framework/console/CConsoleCommandRunner.php(71): remoteStatsCommand->run()
#2 /var/www/html/chitkar/protected/framework/console/CConsoleApplication.php(92): CConsoleCommandRunner->run()
#3 /var/www/html/chitkar/protected/framework/base/CApplication.php(185): CConsoleApplication->processRequest()
#4 /var/www/html/chitkar/cron.php(6): CConsoleApplication->run()

2026/02/08 16:22:02 [error] [php] ftp_get(): /reads.ctk: No such file or directory (/var/www/html/chitkar/protected/commands/remoteStatsCommand.php:75)
Stack trace:
#0 /var/www/html/chitkar/protected/commands/remoteStatsCommand.php(75): ftp_get()
#1 /var/www/html/chitkar/protected/framework/console/CConsoleCommandRunner.php(71): remoteStatsCommand->run()
#2 /var/www/html/chitkar/protected/framework/console/CConsoleApplication.php(92): CConsoleCommandRunner->run()
#3 /var/www/html/chitkar/protected/framework/base/CApplication.php(185): CConsoleApplication->processRequest()
#4 /var/www/html/chitkar/cron.php(6): CConsoleApplication->run()

2026/02/08 17:02:01 [error] [php] ftp_get(): /reads.ctk: No such file or directory (/var/www/html/chitkar/protected/commands/remoteStatsCommand.php:75)
Stack trace:
#0 /var/www/html/chitkar/protected/commands/remoteStatsCommand.php(75): ftp_get()
#1 /var/www/html/chitkar/protected/framework/console/CConsoleCommandRunner.php(71): remoteStatsCommand->run()
#2 /var/www/html/chitkar/protected/framework/console/CConsoleApplication.php(92): CConsoleCommandRunner->run()
#3 /var/www/html/chitkar/protected/framework/base/CApplication.php(185): CConsoleApplication->processRequest()
#4 /var/www/html/chitkar/cron.php(6): CConsoleApplication->run()

2026/02/08 17:36:01 [error] [php] ftp_get(): /reads.ctk: No such file or directory (/var/www/html/chitkar/protected/commands/remoteStatsCommand.php:75)
Stack trace:
#0 /var/www/html/chitkar/protected/commands/remoteStatsCommand.php(75): ftp_get()
#1 /var/www/html/chitkar/protected/framework/console/CConsoleCommandRunner.php(71): remoteStatsCommand->run()
#2 /var/www/html/chitkar/protected/framework/console/CConsoleApplication.php(92): CConsoleCommandRunner->run()
#3 /var/www/html/chitkar/protected/framework/base/CApplication.php(185): CConsoleApplication->processRequest()
#4 /var/www/html/chitkar/cron.php(6): CConsoleApplication->run()

2026/02/08 18:10:01 [error] [php] ftp_get(): /reads.ctk: No such file or directory (/var/www/html/chitkar/protected/commands/remoteStatsCommand.php:75)
Stack trace:
#0 /var/www/html/chitkar/protected/commands/remoteStatsCommand.php(75): ftp_get()
#1 /var/www/html/chitkar/protected/framework/console/CConsoleCommandRunner.php(71): remoteStatsCommand->run()
#2 /var/www/html/chitkar/protected/framework/console/CConsoleApplication.php(92): CConsoleCommandRunner->run()
#3 /var/www/html/chitkar/protected/framework/base/CApplication.php(185): CConsoleApplication->processRequest()
#4 /var/www/html/chitkar/cron.php(6): CConsoleApplication->run()

2026/02/08 18:48:02 [error] [php] ftp_get(): /reads.ctk: No such file or directory (/var/www/html/chitkar/protected/commands/remoteStatsCommand.php:75)
Stack trace:
#0 /var/www/html/chitkar/protected/commands/remoteStatsCommand.php(75): ftp_get()
#1 /var/www/html/chitkar/protected/framework/console/CConsoleCommandRunner.php(71): remoteStatsCommand->run()
#2 /var/www/html/chitkar/protected/framework/console/CConsoleApplication.php(92): CConsoleCommandRunner->run()
#3 /var/www/html/chitkar/protected/framework/base/CApplication.php(185): CConsoleApplication->processRequest()
#4 /var/www/html/chitkar/cron.php(6): CConsoleApplication->run()

2026/02/08 19:22:01 [error] [php] ftp_get(): /reads.ctk: No such file or directory (/var/www/html/chitkar/protected/commands/remoteStatsCommand.php:75)
Stack trace:
#0 /var/www/html/chitkar/protected/commands/remoteStatsCommand.php(75): ftp_get()
#1 /var/www/html/chitkar/protected/framework/console/CConsoleCommandRunner.php(71): remoteStatsCommand->run()
#2 /var/www/html/chitkar/protected/framework/console/CConsoleApplication.php(92): CConsoleCommandRunner->run()
#3 /var/www/html/chitkar/protected/framework/base/CApplication.php(185): CConsoleApplication->processRequest()
#4 /var/www/html/chitkar/cron.php(6): CConsoleApplication->run()

2026/02/08 19:56:02 [error] [php] ftp_get(): /reads.ctk: No such file or directory (/var/www/html/chitkar/protected/commands/remoteStatsCommand.php:75)
Stack trace:
#0 /var/www/html/chitkar/protected/commands/remoteStatsCommand.php(75): ftp_get()
#1 /var/www/html/chitkar/protected/framework/console/CConsoleCommandRunner.php(71): remoteStatsCommand->run()
#2 /var/www/html/chitkar/protected/framework/console/CConsoleApplication.php(92): CConsoleCommandRunner->run()
#3 /var/www/html/chitkar/protected/framework/base/CApplication.php(185): CConsoleApplication->processRequest()
#4 /var/www/html/chitkar/cron.php(6): CConsoleApplication->run()

2026/02/08 20:30:01 [error] [php] ftp_get(): /reads.ctk: No such file or directory (/var/www/html/chitkar/protected/commands/remoteStatsCommand.php:75)
Stack trace:
#0 /var/www/html/chitkar/protected/commands/remoteStatsCommand.php(75): ftp_get()
#1 /var/www/html/chitkar/protected/framework/console/CConsoleCommandRunner.php(71): remoteStatsCommand->run()
#2 /var/www/html/chitkar/protected/framework/console/CConsoleApplication.php(92): CConsoleCommandRunner->run()
#3 /var/www/html/chitkar/protected/framework/base/CApplication.php(185): CConsoleApplication->processRequest()
#4 /var/www/html/chitkar/cron.php(6): CConsoleApplication->run()

2026/02/08 21:06:01 [error] [php] ftp_get(): /reads.ctk: No such file or directory (/var/www/html/chitkar/protected/commands/remoteStatsCommand.php:75)
Stack trace:
#0 /var/www/html/chitkar/protected/commands/remoteStatsCommand.php(75): ftp_get()
#1 /var/www/html/chitkar/protected/framework/console/CConsoleCommandRunner.php(71): remoteStatsCommand->run()
#2 /var/www/html/chitkar/protected/framework/console/CConsoleApplication.php(92): CConsoleCommandRunner->run()
#3 /var/www/html/chitkar/protected/framework/base/CApplication.php(185): CConsoleApplication->processRequest()
#4 /var/www/html/chitkar/cron.php(6): CConsoleApplication->run()

2026/02/08 21:40:01 [error] [php] ftp_get(): /reads.ctk: No such file or directory (/var/www/html/chitkar/protected/commands/remoteStatsCommand.php:75)
Stack trace:
#0 /var/www/html/chitkar/protected/commands/remoteStatsCommand.php(75): ftp_get()
#1 /var/www/html/chitkar/protected/framework/console/CConsoleCommandRunner.php(71): remoteStatsCommand->run()
#2 /var/www/html/chitkar/protected/framework/console/CConsoleApplication.php(92): CConsoleCommandRunner->run()
#3 /var/www/html/chitkar/protected/framework/base/CApplication.php(185): CConsoleApplication->processRequest()
#4 /var/www/html/chitkar/cron.php(6): CConsoleApplication->run()

2026/02/08 22:14:01 [error] [php] ftp_get(): /reads.ctk: No such file or directory (/var/www/html/chitkar/protected/commands/remoteStatsCommand.php:75)
Stack trace:
#0 /var/www/html/chitkar/protected/commands/remoteStatsCommand.php(75): ftp_get()
#1 /var/www/html/chitkar/protected/framework/console/CConsoleCommandRunner.php(71): remoteStatsCommand->run()
#2 /var/www/html/chitkar/protected/framework/console/CConsoleApplication.php(92): CConsoleCommandRunner->run()
#3 /var/www/html/chitkar/protected/framework/base/CApplication.php(185): CConsoleApplication->processRequest()
#4 /var/www/html/chitkar/cron.php(6): CConsoleApplication->run()

2026/02/08 22:48:01 [error] [php] ftp_get(): /reads.ctk: No such file or directory (/var/www/html/chitkar/protected/commands/remoteStatsCommand.php:75)
Stack trace:
#0 /var/www/html/chitkar/protected/commands/remoteStatsCommand.php(75): ftp_get()
#1 /var/www/html/chitkar/protected/framework/console/CConsoleCommandRunner.php(71): remoteStatsCommand->run()
#2 /var/www/html/chitkar/protected/framework/console/CConsoleApplication.php(92): CConsoleCommandRunner->run()
#3 /var/www/html/chitkar/protected/framework/base/CApplication.php(185): CConsoleApplication->processRequest()
#4 /var/www/html/chitkar/cron.php(6): CConsoleApplication->run()

2026/02/08 23:24:02 [error] [php] ftp_get(): /reads.ctk: No such file or directory (/var/www/html/chitkar/protected/commands/remoteStatsCommand.php:75)
Stack trace:
#0 /var/www/html/chitkar/protected/commands/remoteStatsCommand.php(75): ftp_get()
#1 /var/www/html/chitkar/protected/framework/console/CConsoleCommandRunner.php(71): remoteStatsCommand->run()
#2 /var/www/html/chitkar/protected/framework/console/CConsoleApplication.php(92): CConsoleCommandRunner->run()
#3 /var/www/html/chitkar/protected/framework/base/CApplication.php(185): CConsoleApplication->processRequest()
#4 /var/www/html/chitkar/cron.php(6): CConsoleApplication->run()

2026/02/08 23:58:01 [error] [php] ftp_get(): /reads.ctk: No such file or directory (/var/www/html/chitkar/protected/commands/remoteStatsCommand.php:75)
Stack trace:
#0 /var/www/html/chitkar/protected/commands/remoteStatsCommand.php(75): ftp_get()
#1 /var/www/html/chitkar/protected/framework/console/CConsoleCommandRunner.php(71): remoteStatsCommand->run()
#2 /var/www/html/chitkar/protected/framework/console/CConsoleApplication.php(92): CConsoleCommandRunner->run()
#3 /var/www/html/chitkar/protected/framework/base/CApplication.php(185): CConsoleApplication->processRequest()
#4 /var/www/html/chitkar/cron.php(6): CConsoleApplication->run()

2026/02/09 00:32:01 [error] [php] ftp_get(): /reads.ctk: No such file or directory (/var/www/html/chitkar/protected/commands/remoteStatsCommand.php:75)
Stack trace:
#0 /var/www/html/chitkar/protected/commands/remoteStatsCommand.php(75): ftp_get()
#1 /var/www/html/chitkar/protected/framework/console/CConsoleCommandRunner.php(71): remoteStatsCommand->run()
#2 /var/www/html/chitkar/protected/framework/console/CConsoleApplication.php(92): CConsoleCommandRunner->run()
#3 /var/www/html/chitkar/protected/framework/base/CApplication.php(185): CConsoleApplication->processRequest()
#4 /var/www/html/chitkar/cron.php(6): CConsoleApplication->run()

2026/02/09 01:04:01 [error] [php] ftp_get(): /reads.ctk: No such file or directory (/var/www/html/chitkar/protected/commands/remoteStatsCommand.php:75)
Stack trace:
#0 /var/www/html/chitkar/protected/commands/remoteStatsCommand.php(75): ftp_get()
#1 /var/www/html/chitkar/protected/framework/console/CConsoleCommandRunner.php(71): remoteStatsCommand->run()
#2 /var/www/html/chitkar/protected/framework/console/CConsoleApplication.php(92): CConsoleCommandRunner->run()
#3 /var/www/html/chitkar/protected/framework/base/CApplication.php(185): CConsoleApplication->processRequest()
#4 /var/www/html/chitkar/cron.php(6): CConsoleApplication->run()

2026/02/09 01:38:01 [error] [php] ftp_get(): /reads.ctk: No such file or directory (/var/www/html/chitkar/protected/commands/remoteStatsCommand.php:75)
Stack trace:
#0 /var/www/html/chitkar/protected/commands/remoteStatsCommand.php(75): ftp_get()
#1 /var/www/html/chitkar/protected/framework/console/CConsoleCommandRunner.php(71): remoteStatsCommand->run()
#2 /var/www/html/chitkar/protected/framework/console/CConsoleApplication.php(92): CConsoleCommandRunner->run()
#3 /var/www/html/chitkar/protected/framework/base/CApplication.php(185): CConsoleApplication->processRequest()
#4 /var/www/html/chitkar/cron.php(6): CConsoleApplication->run()

2026/02/09 02:12:01 [error] [php] ftp_get(): /reads.ctk: No such file or directory (/var/www/html/chitkar/protected/commands/remoteStatsCommand.php:75)
Stack trace:
#0 /var/www/html/chitkar/protected/commands/remoteStatsCommand.php(75): ftp_get()
#1 /var/www/html/chitkar/protected/framework/console/CConsoleCommandRunner.php(71): remoteStatsCommand->run()
#2 /var/www/html/chitkar/protected/framework/console/CConsoleApplication.php(92): CConsoleCommandRunner->run()
#3 /var/www/html/chitkar/protected/framework/base/CApplication.php(185): CConsoleApplication->processRequest()
#4 /var/www/html/chitkar/cron.php(6): CConsoleApplication->run()

2026/02/09 02:46:01 [error] [php] ftp_get(): /reads.ctk: No such file or directory (/var/www/html/chitkar/protected/commands/remoteStatsCommand.php:75)
Stack trace:
#0 /var/www/html/chitkar/protected/commands/remoteStatsCommand.php(75): ftp_get()
#1 /var/www/html/chitkar/protected/framework/console/CConsoleCommandRunner.php(71): remoteStatsCommand->run()
#2 /var/www/html/chitkar/protected/framework/console/CConsoleApplication.php(92): CConsoleCommandRunner->run()
#3 /var/www/html/chitkar/protected/framework/base/CApplication.php(185): CConsoleApplication->processRequest()
#4 /var/www/html/chitkar/cron.php(6): CConsoleApplication->run()

2026/02/09 03:18:01 [error] [php] ftp_get(): /reads.ctk: No such file or directory (/var/www/html/chitkar/protected/commands/remoteStatsCommand.php:75)
Stack trace:
#0 /var/www/html/chitkar/protected/commands/remoteStatsCommand.php(75): ftp_get()
#1 /var/www/html/chitkar/protected/framework/console/CConsoleCommandRunner.php(71): remoteStatsCommand->run()
#2 /var/www/html/chitkar/protected/framework/console/CConsoleApplication.php(92): CConsoleCommandRunner->run()
#3 /var/www/html/chitkar/protected/framework/base/CApplication.php(185): CConsoleApplication->processRequest()
#4 /var/www/html/chitkar/cron.php(6): CConsoleApplication->run()

2026/02/09 03:50:01 [error] [php] ftp_get(): /reads.ctk: No such file or directory (/var/www/html/chitkar/protected/commands/remoteStatsCommand.php:75)
Stack trace:
#0 /var/www/html/chitkar/protected/commands/remoteStatsCommand.php(75): ftp_get()
#1 /var/www/html/chitkar/protected/framework/console/CConsoleCommandRunner.php(71): remoteStatsCommand->run()
#2 /var/www/html/chitkar/protected/framework/console/CConsoleApplication.php(92): CConsoleCommandRunner->run()
#3 /var/www/html/chitkar/protected/framework/base/CApplication.php(185): CConsoleApplication->processRequest()
#4 /var/www/html/chitkar/cron.php(6): CConsoleApplication->run()

2026/02/09 04:24:01 [error] [php] ftp_get(): /reads.ctk: No such file or directory (/var/www/html/chitkar/protected/commands/remoteStatsCommand.php:75)
Stack trace:
#0 /var/www/html/chitkar/protected/commands/remoteStatsCommand.php(75): ftp_get()
#1 /var/www/html/chitkar/protected/framework/console/CConsoleCommandRunner.php(71): remoteStatsCommand->run()
#2 /var/www/html/chitkar/protected/framework/console/CConsoleApplication.php(92): CConsoleCommandRunner->run()
#3 /var/www/html/chitkar/protected/framework/base/CApplication.php(185): CConsoleApplication->processRequest()
#4 /var/www/html/chitkar/cron.php(6): CConsoleApplication->run()

2026/02/09 04:58:02 [error] [php] ftp_get(): /reads.ctk: No such file or directory (/var/www/html/chitkar/protected/commands/remoteStatsCommand.php:75)
Stack trace:
#0 /var/www/html/chitkar/protected/commands/remoteStatsCommand.php(75): ftp_get()
#1 /var/www/html/chitkar/protected/framework/console/CConsoleCommandRunner.php(71): remoteStatsCommand->run()
#2 /var/www/html/chitkar/protected/framework/console/CConsoleApplication.php(92): CConsoleCommandRunner->run()
#3 /var/www/html/chitkar/protected/framework/base/CApplication.php(185): CConsoleApplication->processRequest()
#4 /var/www/html/chitkar/cron.php(6): CConsoleApplication->run()

2026/02/09 05:32:01 [error] [php] ftp_get(): /reads.ctk: No such file or directory (/var/www/html/chitkar/protected/commands/remoteStatsCommand.php:75)
Stack trace:
#0 /var/www/html/chitkar/protected/commands/remoteStatsCommand.php(75): ftp_get()
#1 /var/www/html/chitkar/protected/framework/console/CConsoleCommandRunner.php(71): remoteStatsCommand->run()
#2 /var/www/html/chitkar/protected/framework/console/CConsoleApplication.php(92): CConsoleCommandRunner->run()
#3 /var/www/html/chitkar/protected/framework/base/CApplication.php(185): CConsoleApplication->processRequest()
#4 /var/www/html/chitkar/cron.php(6): CConsoleApplication->run()

2026/02/09 06:04:01 [error] [php] ftp_get(): /reads.ctk: No such file or directory (/var/www/html/chitkar/protected/commands/remoteStatsCommand.php:75)
Stack trace:
#0 /var/www/html/chitkar/protected/commands/remoteStatsCommand.php(75): ftp_get()
#1 /var/www/html/chitkar/protected/framework/console/CConsoleCommandRunner.php(71): remoteStatsCommand->run()
#2 /var/www/html/chitkar/protected/framework/console/CConsoleApplication.php(92): CConsoleCommandRunner->run()
#3 /var/www/html/chitkar/protected/framework/base/CApplication.php(185): CConsoleApplication->processRequest()
#4 /var/www/html/chitkar/cron.php(6): CConsoleApplication->run()

2026/02/09 06:38:01 [error] [php] ftp_get(): /reads.ctk: No such file or directory (/var/www/html/chitkar/protected/commands/remoteStatsCommand.php:75)
Stack trace:
#0 /var/www/html/chitkar/protected/commands/remoteStatsCommand.php(75): ftp_get()
#1 /var/www/html/chitkar/protected/framework/console/CConsoleCommandRunner.php(71): remoteStatsCommand->run()
#2 /var/www/html/chitkar/protected/framework/console/CConsoleApplication.php(92): CConsoleCommandRunner->run()
#3 /var/www/html/chitkar/protected/framework/base/CApplication.php(185): CConsoleApplication->processRequest()
#4 /var/www/html/chitkar/cron.php(6): CConsoleApplication->run()

2026/02/09 07:10:01 [error] [php] ftp_get(): /reads.ctk: No such file or directory (/var/www/html/chitkar/protected/commands/remoteStatsCommand.php:75)
Stack trace:
#0 /var/www/html/chitkar/protected/commands/remoteStatsCommand.php(75): ftp_get()
#1 /var/www/html/chitkar/protected/framework/console/CConsoleCommandRunner.php(71): remoteStatsCommand->run()
#2 /var/www/html/chitkar/protected/framework/console/CConsoleApplication.php(92): CConsoleCommandRunner->run()
#3 /var/www/html/chitkar/protected/framework/base/CApplication.php(185): CConsoleApplication->processRequest()
#4 /var/www/html/chitkar/cron.php(6): CConsoleApplication->run()

2026/02/09 07:44:01 [error] [php] ftp_get(): /reads.ctk: No such file or directory (/var/www/html/chitkar/protected/commands/remoteStatsCommand.php:75)
Stack trace:
#0 /var/www/html/chitkar/protected/commands/remoteStatsCommand.php(75): ftp_get()
#1 /var/www/html/chitkar/protected/framework/console/CConsoleCommandRunner.php(71): remoteStatsCommand->run()
#2 /var/www/html/chitkar/protected/framework/console/CConsoleApplication.php(92): CConsoleCommandRunner->run()
#3 /var/www/html/chitkar/protected/framework/base/CApplication.php(185): CConsoleApplication->processRequest()
#4 /var/www/html/chitkar/cron.php(6): CConsoleApplication->run()

2026/02/09 08:18:01 [error] [php] ftp_get(): /reads.ctk: No such file or directory (/var/www/html/chitkar/protected/commands/remoteStatsCommand.php:75)
Stack trace:
#0 /var/www/html/chitkar/protected/commands/remoteStatsCommand.php(75): ftp_get()
#1 /var/www/html/chitkar/protected/framework/console/CConsoleCommandRunner.php(71): remoteStatsCommand->run()
#2 /var/www/html/chitkar/protected/framework/console/CConsoleApplication.php(92): CConsoleCommandRunner->run()
#3 /var/www/html/chitkar/protected/framework/base/CApplication.php(185): CConsoleApplication->processRequest()
#4 /var/www/html/chitkar/cron.php(6): CConsoleApplication->run()

2026/02/09 08:52:01 [error] [php] ftp_get(): /reads.ctk: No such file or directory (/var/www/html/chitkar/protected/commands/remoteStatsCommand.php:75)
Stack trace:
#0 /var/www/html/chitkar/protected/commands/remoteStatsCommand.php(75): ftp_get()
#1 /var/www/html/chitkar/protected/framework/console/CConsoleCommandRunner.php(71): remoteStatsCommand->run()
#2 /var/www/html/chitkar/protected/framework/console/CConsoleApplication.php(92): CConsoleCommandRunner->run()
#3 /var/www/html/chitkar/protected/framework/base/CApplication.php(185): CConsoleApplication->processRequest()
#4 /var/www/html/chitkar/cron.php(6): CConsoleApplication->run()

2026/02/09 09:26:01 [error] [php] ftp_get(): /reads.ctk: No such file or directory (/var/www/html/chitkar/protected/commands/remoteStatsCommand.php:75)
Stack trace:
#0 /var/www/html/chitkar/protected/commands/remoteStatsCommand.php(75): ftp_get()
#1 /var/www/html/chitkar/protected/framework/console/CConsoleCommandRunner.php(71): remoteStatsCommand->run()
#2 /var/www/html/chitkar/protected/framework/console/CConsoleApplication.php(92): CConsoleCommandRunner->run()
#3 /var/www/html/chitkar/protected/framework/base/CApplication.php(185): CConsoleApplication->processRequest()
#4 /var/www/html/chitkar/cron.php(6): CConsoleApplication->run()

2026/02/09 10:00:02 [error] [php] ftp_get(): /reads.ctk: No such file or directory (/var/www/html/chitkar/protected/commands/remoteStatsCommand.php:75)
Stack trace:
#0 /var/www/html/chitkar/protected/commands/remoteStatsCommand.php(75): ftp_get()
#1 /var/www/html/chitkar/protected/framework/console/CConsoleCommandRunner.php(71): remoteStatsCommand->run()
#2 /var/www/html/chitkar/protected/framework/console/CConsoleApplication.php(92): CConsoleCommandRunner->run()
#3 /var/www/html/chitkar/protected/framework/base/CApplication.php(185): CConsoleApplication->processRequest()
#4 /var/www/html/chitkar/cron.php(6): CConsoleApplication->run()

2026/02/09 10:34:01 [error] [php] ftp_get(): /reads.ctk: No such file or directory (/var/www/html/chitkar/protected/commands/remoteStatsCommand.php:75)
Stack trace:
#0 /var/www/html/chitkar/protected/commands/remoteStatsCommand.php(75): ftp_get()
#1 /var/www/html/chitkar/protected/framework/console/CConsoleCommandRunner.php(71): remoteStatsCommand->run()
#2 /var/www/html/chitkar/protected/framework/console/CConsoleApplication.php(92): CConsoleCommandRunner->run()
#3 /var/www/html/chitkar/protected/framework/base/CApplication.php(185): CConsoleApplication->processRequest()
#4 /var/www/html/chitkar/cron.php(6): CConsoleApplication->run()

2026/02/09 11:10:01 [error] [php] ftp_get(): /reads.ctk: No such file or directory (/var/www/html/chitkar/protected/commands/remoteStatsCommand.php:75)
Stack trace:
#0 /var/www/html/chitkar/protected/commands/remoteStatsCommand.php(75): ftp_get()
#1 /var/www/html/chitkar/protected/framework/console/CConsoleCommandRunner.php(71): remoteStatsCommand->run()
#2 /var/www/html/chitkar/protected/framework/console/CConsoleApplication.php(92): CConsoleCommandRunner->run()
#3 /var/www/html/chitkar/protected/framework/base/CApplication.php(185): CConsoleApplication->processRequest()
#4 /var/www/html/chitkar/cron.php(6): CConsoleApplication->run()

2026/02/09 11:46:02 [error] [php] ftp_get(): /reads.ctk: No such file or directory (/var/www/html/chitkar/protected/commands/remoteStatsCommand.php:75)
Stack trace:
#0 /var/www/html/chitkar/protected/commands/remoteStatsCommand.php(75): ftp_get()
#1 /var/www/html/chitkar/protected/framework/console/CConsoleCommandRunner.php(71): remoteStatsCommand->run()
#2 /var/www/html/chitkar/protected/framework/console/CConsoleApplication.php(92): CConsoleCommandRunner->run()
#3 /var/www/html/chitkar/protected/framework/base/CApplication.php(185): CConsoleApplication->processRequest()
#4 /var/www/html/chitkar/cron.php(6): CConsoleApplication->run()

2026/02/09 12:20:02 [error] [php] ftp_get(): /reads.ctk: No such file or directory (/var/www/html/chitkar/protected/commands/remoteStatsCommand.php:75)
Stack trace:
#0 /var/www/html/chitkar/protected/commands/remoteStatsCommand.php(75): ftp_get()
#1 /var/www/html/chitkar/protected/framework/console/CConsoleCommandRunner.php(71): remoteStatsCommand->run()
#2 /var/www/html/chitkar/protected/framework/console/CConsoleApplication.php(92): CConsoleCommandRunner->run()
#3 /var/www/html/chitkar/protected/framework/base/CApplication.php(185): CConsoleApplication->processRequest()
#4 /var/www/html/chitkar/cron.php(6): CConsoleApplication->run()

2026/02/09 13:02:01 [error] [php] ftp_get(): /reads.ctk: No such file or directory (/var/www/html/chitkar/protected/commands/remoteStatsCommand.php:75)
Stack trace:
#0 /var/www/html/chitkar/protected/commands/remoteStatsCommand.php(75): ftp_get()
#1 /var/www/html/chitkar/protected/framework/console/CConsoleCommandRunner.php(71): remoteStatsCommand->run()
#2 /var/www/html/chitkar/protected/framework/console/CConsoleApplication.php(92): CConsoleCommandRunner->run()
#3 /var/www/html/chitkar/protected/framework/base/CApplication.php(185): CConsoleApplication->processRequest()
#4 /var/www/html/chitkar/cron.php(6): CConsoleApplication->run()

2026/02/09 13:36:01 [error] [php] ftp_get(): /reads.ctk: No such file or directory (/var/www/html/chitkar/protected/commands/remoteStatsCommand.php:75)
Stack trace:
#0 /var/www/html/chitkar/protected/commands/remoteStatsCommand.php(75): ftp_get()
#1 /var/www/html/chitkar/protected/framework/console/CConsoleCommandRunner.php(71): remoteStatsCommand->run()
#2 /var/www/html/chitkar/protected/framework/console/CConsoleApplication.php(92): CConsoleCommandRunner->run()
#3 /var/www/html/chitkar/protected/framework/base/CApplication.php(185): CConsoleApplication->processRequest()
#4 /var/www/html/chitkar/cron.php(6): CConsoleApplication->run()

2026/02/09 14:12:02 [error] [php] ftp_get(): /reads.ctk: No such file or directory (/var/www/html/chitkar/protected/commands/remoteStatsCommand.php:75)
Stack trace:
#0 /var/www/html/chitkar/protected/commands/remoteStatsCommand.php(75): ftp_get()
#1 /var/www/html/chitkar/protected/framework/console/CConsoleCommandRunner.php(71): remoteStatsCommand->run()
#2 /var/www/html/chitkar/protected/framework/console/CConsoleApplication.php(92): CConsoleCommandRunner->run()
#3 /var/www/html/chitkar/protected/framework/base/CApplication.php(185): CConsoleApplication->processRequest()
#4 /var/www/html/chitkar/cron.php(6): CConsoleApplication->run()

2026/02/09 14:46:02 [error] [php] ftp_get(): /reads.ctk: No such file or directory (/var/www/html/chitkar/protected/commands/remoteStatsCommand.php:75)
Stack trace:
#0 /var/www/html/chitkar/protected/commands/remoteStatsCommand.php(75): ftp_get()
#1 /var/www/html/chitkar/protected/framework/console/CConsoleCommandRunner.php(71): remoteStatsCommand->run()
#2 /var/www/html/chitkar/protected/framework/console/CConsoleApplication.php(92): CConsoleCommandRunner->run()
#3 /var/www/html/chitkar/protected/framework/base/CApplication.php(185): CConsoleApplication->processRequest()
#4 /var/www/html/chitkar/cron.php(6): CConsoleApplication->run()

2026/02/09 15:20:01 [error] [php] ftp_get(): /reads.ctk: No such file or directory (/var/www/html/chitkar/protected/commands/remoteStatsCommand.php:75)
Stack trace:
#0 /var/www/html/chitkar/protected/commands/remoteStatsCommand.php(75): ftp_get()
#1 /var/www/html/chitkar/protected/framework/console/CConsoleCommandRunner.php(71): remoteStatsCommand->run()
#2 /var/www/html/chitkar/protected/framework/console/CConsoleApplication.php(92): CConsoleCommandRunner->run()
#3 /var/www/html/chitkar/protected/framework/base/CApplication.php(185): CConsoleApplication->processRequest()
#4 /var/www/html/chitkar/cron.php(6): CConsoleApplication->run()

2026/02/09 15:56:01 [error] [php] ftp_get(): /reads.ctk: No such file or directory (/var/www/html/chitkar/protected/commands/remoteStatsCommand.php:75)
Stack trace:
#0 /var/www/html/chitkar/protected/commands/remoteStatsCommand.php(75): ftp_get()
#1 /var/www/html/chitkar/protected/framework/console/CConsoleCommandRunner.php(71): remoteStatsCommand->run()
#2 /var/www/html/chitkar/protected/framework/console/CConsoleApplication.php(92): CConsoleCommandRunner->run()
#3 /var/www/html/chitkar/protected/framework/base/CApplication.php(185): CConsoleApplication->processRequest()
#4 /var/www/html/chitkar/cron.php(6): CConsoleApplication->run()

2026/02/09 16:30:02 [error] [php] ftp_get(): /reads.ctk: No such file or directory (/var/www/html/chitkar/protected/commands/remoteStatsCommand.php:75)
Stack trace:
#0 /var/www/html/chitkar/protected/commands/remoteStatsCommand.php(75): ftp_get()
#1 /var/www/html/chitkar/protected/framework/console/CConsoleCommandRunner.php(71): remoteStatsCommand->run()
#2 /var/www/html/chitkar/protected/framework/console/CConsoleApplication.php(92): CConsoleCommandRunner->run()
#3 /var/www/html/chitkar/protected/framework/base/CApplication.php(185): CConsoleApplication->processRequest()
#4 /var/www/html/chitkar/cron.php(6): CConsoleApplication->run()

2026/02/09 17:04:01 [error] [php] ftp_get(): /reads.ctk: No such file or directory (/var/www/html/chitkar/protected/commands/remoteStatsCommand.php:75)
Stack trace:
#0 /var/www/html/chitkar/protected/commands/remoteStatsCommand.php(75): ftp_get()
#1 /var/www/html/chitkar/protected/framework/console/CConsoleCommandRunner.php(71): remoteStatsCommand->run()
#2 /var/www/html/chitkar/protected/framework/console/CConsoleApplication.php(92): CConsoleCommandRunner->run()
#3 /var/www/html/chitkar/protected/framework/base/CApplication.php(185): CConsoleApplication->processRequest()
#4 /var/www/html/chitkar/cron.php(6): CConsoleApplication->run()

2026/02/09 17:38:01 [error] [php] ftp_get(): /reads.ctk: No such file or directory (/var/www/html/chitkar/protected/commands/remoteStatsCommand.php:75)
Stack trace:
#0 /var/www/html/chitkar/protected/commands/remoteStatsCommand.php(75): ftp_get()
#1 /var/www/html/chitkar/protected/framework/console/CConsoleCommandRunner.php(71): remoteStatsCommand->run()
#2 /var/www/html/chitkar/protected/framework/console/CConsoleApplication.php(92): CConsoleCommandRunner->run()
#3 /var/www/html/chitkar/protected/framework/base/CApplication.php(185): CConsoleApplication->processRequest()
#4 /var/www/html/chitkar/cron.php(6): CConsoleApplication->run()

2026/02/09 18:12:01 [error] [php] ftp_get(): /reads.ctk: No such file or directory (/var/www/html/chitkar/protected/commands/remoteStatsCommand.php:75)
Stack trace:
#0 /var/www/html/chitkar/protected/commands/remoteStatsCommand.php(75): ftp_get()
#1 /var/www/html/chitkar/protected/framework/console/CConsoleCommandRunner.php(71): remoteStatsCommand->run()
#2 /var/www/html/chitkar/protected/framework/console/CConsoleApplication.php(92): CConsoleCommandRunner->run()
#3 /var/www/html/chitkar/protected/framework/base/CApplication.php(185): CConsoleApplication->processRequest()
#4 /var/www/html/chitkar/cron.php(6): CConsoleApplication->run()

2026/02/09 18:46:02 [error] [php] ftp_get(): /reads.ctk: No such file or directory (/var/www/html/chitkar/protected/commands/remoteStatsCommand.php:75)
Stack trace:
#0 /var/www/html/chitkar/protected/commands/remoteStatsCommand.php(75): ftp_get()
#1 /var/www/html/chitkar/protected/framework/console/CConsoleCommandRunner.php(71): remoteStatsCommand->run()
#2 /var/www/html/chitkar/protected/framework/console/CConsoleApplication.php(92): CConsoleCommandRunner->run()
#3 /var/www/html/chitkar/protected/framework/base/CApplication.php(185): CConsoleApplication->processRequest()
#4 /var/www/html/chitkar/cron.php(6): CConsoleApplication->run()

2026/02/09 19:20:01 [error] [php] ftp_get(): /reads.ctk: No such file or directory (/var/www/html/chitkar/protected/commands/remoteStatsCommand.php:75)
Stack trace:
#0 /var/www/html/chitkar/protected/commands/remoteStatsCommand.php(75): ftp_get()
#1 /var/www/html/chitkar/protected/framework/console/CConsoleCommandRunner.php(71): remoteStatsCommand->run()
#2 /var/www/html/chitkar/protected/framework/console/CConsoleApplication.php(92): CConsoleCommandRunner->run()
#3 /var/www/html/chitkar/protected/framework/base/CApplication.php(185): CConsoleApplication->processRequest()
#4 /var/www/html/chitkar/cron.php(6): CConsoleApplication->run()

2026/02/09 19:54:01 [error] [php] ftp_get(): /reads.ctk: No such file or directory (/var/www/html/chitkar/protected/commands/remoteStatsCommand.php:75)
Stack trace:
#0 /var/www/html/chitkar/protected/commands/remoteStatsCommand.php(75): ftp_get()
#1 /var/www/html/chitkar/protected/framework/console/CConsoleCommandRunner.php(71): remoteStatsCommand->run()
#2 /var/www/html/chitkar/protected/framework/console/CConsoleApplication.php(92): CConsoleCommandRunner->run()
#3 /var/www/html/chitkar/protected/framework/base/CApplication.php(185): CConsoleApplication->processRequest()
#4 /var/www/html/chitkar/cron.php(6): CConsoleApplication->run()

2026/02/09 20:28:01 [error] [php] ftp_get(): /reads.ctk: No such file or directory (/var/www/html/chitkar/protected/commands/remoteStatsCommand.php:75)
Stack trace:
#0 /var/www/html/chitkar/protected/commands/remoteStatsCommand.php(75): ftp_get()
#1 /var/www/html/chitkar/protected/framework/console/CConsoleCommandRunner.php(71): remoteStatsCommand->run()
#2 /var/www/html/chitkar/protected/framework/console/CConsoleApplication.php(92): CConsoleCommandRunner->run()
#3 /var/www/html/chitkar/protected/framework/base/CApplication.php(185): CConsoleApplication->processRequest()
#4 /var/www/html/chitkar/cron.php(6): CConsoleApplication->run()

2026/02/09 21:02:02 [error] [php] ftp_get(): /reads.ctk: No such file or directory (/var/www/html/chitkar/protected/commands/remoteStatsCommand.php:75)
Stack trace:
#0 /var/www/html/chitkar/protected/commands/remoteStatsCommand.php(75): ftp_get()
#1 /var/www/html/chitkar/protected/framework/console/CConsoleCommandRunner.php(71): remoteStatsCommand->run()
#2 /var/www/html/chitkar/protected/framework/console/CConsoleApplication.php(92): CConsoleCommandRunner->run()
#3 /var/www/html/chitkar/protected/framework/base/CApplication.php(185): CConsoleApplication->processRequest()
#4 /var/www/html/chitkar/cron.php(6): CConsoleApplication->run()

2026/02/09 21:36:01 [error] [php] ftp_get(): /reads.ctk: No such file or directory (/var/www/html/chitkar/protected/commands/remoteStatsCommand.php:75)
Stack trace:
#0 /var/www/html/chitkar/protected/commands/remoteStatsCommand.php(75): ftp_get()
#1 /var/www/html/chitkar/protected/framework/console/CConsoleCommandRunner.php(71): remoteStatsCommand->run()
#2 /var/www/html/chitkar/protected/framework/console/CConsoleApplication.php(92): CConsoleCommandRunner->run()
#3 /var/www/html/chitkar/protected/framework/base/CApplication.php(185): CConsoleApplication->processRequest()
#4 /var/www/html/chitkar/cron.php(6): CConsoleApplication->run()

2026/02/09 22:10:01 [error] [php] ftp_get(): /reads.ctk: No such file or directory (/var/www/html/chitkar/protected/commands/remoteStatsCommand.php:75)
Stack trace:
#0 /var/www/html/chitkar/protected/commands/remoteStatsCommand.php(75): ftp_get()
#1 /var/www/html/chitkar/protected/framework/console/CConsoleCommandRunner.php(71): remoteStatsCommand->run()
#2 /var/www/html/chitkar/protected/framework/console/CConsoleApplication.php(92): CConsoleCommandRunner->run()
#3 /var/www/html/chitkar/protected/framework/base/CApplication.php(185): CConsoleApplication->processRequest()
#4 /var/www/html/chitkar/cron.php(6): CConsoleApplication->run()

2026/02/09 22:44:01 [error] [php] ftp_get(): /reads.ctk: No such file or directory (/var/www/html/chitkar/protected/commands/remoteStatsCommand.php:75)
Stack trace:
#0 /var/www/html/chitkar/protected/commands/remoteStatsCommand.php(75): ftp_get()
#1 /var/www/html/chitkar/protected/framework/console/CConsoleCommandRunner.php(71): remoteStatsCommand->run()
#2 /var/www/html/chitkar/protected/framework/console/CConsoleApplication.php(92): CConsoleCommandRunner->run()
#3 /var/www/html/chitkar/protected/framework/base/CApplication.php(185): CConsoleApplication->processRequest()
#4 /var/www/html/chitkar/cron.php(6): CConsoleApplication->run()

2026/02/09 23:18:01 [error] [php] ftp_get(): /reads.ctk: No such file or directory (/var/www/html/chitkar/protected/commands/remoteStatsCommand.php:75)
Stack trace:
#0 /var/www/html/chitkar/protected/commands/remoteStatsCommand.php(75): ftp_get()
#1 /var/www/html/chitkar/protected/framework/console/CConsoleCommandRunner.php(71): remoteStatsCommand->run()
#2 /var/www/html/chitkar/protected/framework/console/CConsoleApplication.php(92): CConsoleCommandRunner->run()
#3 /var/www/html/chitkar/protected/framework/base/CApplication.php(185): CConsoleApplication->processRequest()
#4 /var/www/html/chitkar/cron.php(6): CConsoleApplication->run()

2026/02/09 23:52:01 [error] [php] ftp_get(): /reads.ctk: No such file or directory (/var/www/html/chitkar/protected/commands/remoteStatsCommand.php:75)
Stack trace:
#0 /var/www/html/chitkar/protected/commands/remoteStatsCommand.php(75): ftp_get()
#1 /var/www/html/chitkar/protected/framework/console/CConsoleCommandRunner.php(71): remoteStatsCommand->run()
#2 /var/www/html/chitkar/protected/framework/console/CConsoleApplication.php(92): CConsoleCommandRunner->run()
#3 /var/www/html/chitkar/protected/framework/base/CApplication.php(185): CConsoleApplication->processRequest()
#4 /var/www/html/chitkar/cron.php(6): CConsoleApplication->run()

2026/02/10 00:26:02 [error] [php] ftp_get(): /reads.ctk: No such file or directory (/var/www/html/chitkar/protected/commands/remoteStatsCommand.php:75)
Stack trace:
#0 /var/www/html/chitkar/protected/commands/remoteStatsCommand.php(75): ftp_get()
#1 /var/www/html/chitkar/protected/framework/console/CConsoleCommandRunner.php(71): remoteStatsCommand->run()
#2 /var/www/html/chitkar/protected/framework/console/CConsoleApplication.php(92): CConsoleCommandRunner->run()
#3 /var/www/html/chitkar/protected/framework/base/CApplication.php(185): CConsoleApplication->processRequest()
#4 /var/www/html/chitkar/cron.php(6): CConsoleApplication->run()

2026/02/10 00:58:02 [error] [php] ftp_get(): /reads.ctk: No such file or directory (/var/www/html/chitkar/protected/commands/remoteStatsCommand.php:75)
Stack trace:
#0 /var/www/html/chitkar/protected/commands/remoteStatsCommand.php(75): ftp_get()
#1 /var/www/html/chitkar/protected/framework/console/CConsoleCommandRunner.php(71): remoteStatsCommand->run()
#2 /var/www/html/chitkar/protected/framework/console/CConsoleApplication.php(92): CConsoleCommandRunner->run()
#3 /var/www/html/chitkar/protected/framework/base/CApplication.php(185): CConsoleApplication->processRequest()
#4 /var/www/html/chitkar/cron.php(6): CConsoleApplication->run()

2026/02/10 01:32:01 [error] [php] ftp_get(): /reads.ctk: No such file or directory (/var/www/html/chitkar/protected/commands/remoteStatsCommand.php:75)
Stack trace:
#0 /var/www/html/chitkar/protected/commands/remoteStatsCommand.php(75): ftp_get()
#1 /var/www/html/chitkar/protected/framework/console/CConsoleCommandRunner.php(71): remoteStatsCommand->run()
#2 /var/www/html/chitkar/protected/framework/console/CConsoleApplication.php(92): CConsoleCommandRunner->run()
#3 /var/www/html/chitkar/protected/framework/base/CApplication.php(185): CConsoleApplication->processRequest()
#4 /var/www/html/chitkar/cron.php(6): CConsoleApplication->run()

2026/02/10 02:04:02 [error] [php] ftp_get(): /reads.ctk: No such file or directory (/var/www/html/chitkar/protected/commands/remoteStatsCommand.php:75)
Stack trace:
#0 /var/www/html/chitkar/protected/commands/remoteStatsCommand.php(75): ftp_get()
#1 /var/www/html/chitkar/protected/framework/console/CConsoleCommandRunner.php(71): remoteStatsCommand->run()
#2 /var/www/html/chitkar/protected/framework/console/CConsoleApplication.php(92): CConsoleCommandRunner->run()
#3 /var/www/html/chitkar/protected/framework/base/CApplication.php(185): CConsoleApplication->processRequest()
#4 /var/www/html/chitkar/cron.php(6): CConsoleApplication->run()

2026/02/10 02:36:01 [error] [php] ftp_get(): /reads.ctk: No such file or directory (/var/www/html/chitkar/protected/commands/remoteStatsCommand.php:75)
Stack trace:
#0 /var/www/html/chitkar/protected/commands/remoteStatsCommand.php(75): ftp_get()
#1 /var/www/html/chitkar/protected/framework/console/CConsoleCommandRunner.php(71): remoteStatsCommand->run()
#2 /var/www/html/chitkar/protected/framework/console/CConsoleApplication.php(92): CConsoleCommandRunner->run()
#3 /var/www/html/chitkar/protected/framework/base/CApplication.php(185): CConsoleApplication->processRequest()
#4 /var/www/html/chitkar/cron.php(6): CConsoleApplication->run()

2026/02/10 03:08:01 [error] [php] ftp_get(): /reads.ctk: No such file or directory (/var/www/html/chitkar/protected/commands/remoteStatsCommand.php:75)
Stack trace:
#0 /var/www/html/chitkar/protected/commands/remoteStatsCommand.php(75): ftp_get()
#1 /var/www/html/chitkar/protected/framework/console/CConsoleCommandRunner.php(71): remoteStatsCommand->run()
#2 /var/www/html/chitkar/protected/framework/console/CConsoleApplication.php(92): CConsoleCommandRunner->run()
#3 /var/www/html/chitkar/protected/framework/base/CApplication.php(185): CConsoleApplication->processRequest()
#4 /var/www/html/chitkar/cron.php(6): CConsoleApplication->run()

2026/02/10 03:40:01 [error] [php] ftp_get(): /reads.ctk: No such file or directory (/var/www/html/chitkar/protected/commands/remoteStatsCommand.php:75)
Stack trace:
#0 /var/www/html/chitkar/protected/commands/remoteStatsCommand.php(75): ftp_get()
#1 /var/www/html/chitkar/protected/framework/console/CConsoleCommandRunner.php(71): remoteStatsCommand->run()
#2 /var/www/html/chitkar/protected/framework/console/CConsoleApplication.php(92): CConsoleCommandRunner->run()
#3 /var/www/html/chitkar/protected/framework/base/CApplication.php(185): CConsoleApplication->processRequest()
#4 /var/www/html/chitkar/cron.php(6): CConsoleApplication->run()

2026/02/10 04:12:02 [error] [php] ftp_get(): /reads.ctk: No such file or directory (/var/www/html/chitkar/protected/commands/remoteStatsCommand.php:75)
Stack trace:
#0 /var/www/html/chitkar/protected/commands/remoteStatsCommand.php(75): ftp_get()
#1 /var/www/html/chitkar/protected/framework/console/CConsoleCommandRunner.php(71): remoteStatsCommand->run()
#2 /var/www/html/chitkar/protected/framework/console/CConsoleApplication.php(92): CConsoleCommandRunner->run()
#3 /var/www/html/chitkar/protected/framework/base/CApplication.php(185): CConsoleApplication->processRequest()
#4 /var/www/html/chitkar/cron.php(6): CConsoleApplication->run()

2026/02/10 04:44:02 [error] [php] ftp_get(): /reads.ctk: No such file or directory (/var/www/html/chitkar/protected/commands/remoteStatsCommand.php:75)
Stack trace:
#0 /var/www/html/chitkar/protected/commands/remoteStatsCommand.php(75): ftp_get()
#1 /var/www/html/chitkar/protected/framework/console/CConsoleCommandRunner.php(71): remoteStatsCommand->run()
#2 /var/www/html/chitkar/protected/framework/console/CConsoleApplication.php(92): CConsoleCommandRunner->run()
#3 /var/www/html/chitkar/protected/framework/base/CApplication.php(185): CConsoleApplication->processRequest()
#4 /var/www/html/chitkar/cron.php(6): CConsoleApplication->run()

2026/02/10 05:16:01 [error] [php] ftp_get(): /reads.ctk: No such file or directory (/var/www/html/chitkar/protected/commands/remoteStatsCommand.php:75)
Stack trace:
#0 /var/www/html/chitkar/protected/commands/remoteStatsCommand.php(75): ftp_get()
#1 /var/www/html/chitkar/protected/framework/console/CConsoleCommandRunner.php(71): remoteStatsCommand->run()
#2 /var/www/html/chitkar/protected/framework/console/CConsoleApplication.php(92): CConsoleCommandRunner->run()
#3 /var/www/html/chitkar/protected/framework/base/CApplication.php(185): CConsoleApplication->processRequest()
#4 /var/www/html/chitkar/cron.php(6): CConsoleApplication->run()

2026/02/10 05:48:01 [error] [php] ftp_get(): /reads.ctk: No such file or directory (/var/www/html/chitkar/protected/commands/remoteStatsCommand.php:75)
Stack trace:
#0 /var/www/html/chitkar/protected/commands/remoteStatsCommand.php(75): ftp_get()
#1 /var/www/html/chitkar/protected/framework/console/CConsoleCommandRunner.php(71): remoteStatsCommand->run()
#2 /var/www/html/chitkar/protected/framework/console/CConsoleApplication.php(92): CConsoleCommandRunner->run()
#3 /var/www/html/chitkar/protected/framework/base/CApplication.php(185): CConsoleApplication->processRequest()
#4 /var/www/html/chitkar/cron.php(6): CConsoleApplication->run()

2026/02/10 06:20:02 [error] [php] ftp_get(): /reads.ctk: No such file or directory (/var/www/html/chitkar/protected/commands/remoteStatsCommand.php:75)
Stack trace:
#0 /var/www/html/chitkar/protected/commands/remoteStatsCommand.php(75): ftp_get()
#1 /var/www/html/chitkar/protected/framework/console/CConsoleCommandRunner.php(71): remoteStatsCommand->run()
#2 /var/www/html/chitkar/protected/framework/console/CConsoleApplication.php(92): CConsoleCommandRunner->run()
#3 /var/www/html/chitkar/protected/framework/base/CApplication.php(185): CConsoleApplication->processRequest()
#4 /var/www/html/chitkar/cron.php(6): CConsoleApplication->run()

2026/02/10 06:54:01 [error] [php] ftp_get(): /reads.ctk: No such file or directory (/var/www/html/chitkar/protected/commands/remoteStatsCommand.php:75)
Stack trace:
#0 /var/www/html/chitkar/protected/commands/remoteStatsCommand.php(75): ftp_get()
#1 /var/www/html/chitkar/protected/framework/console/CConsoleCommandRunner.php(71): remoteStatsCommand->run()
#2 /var/www/html/chitkar/protected/framework/console/CConsoleApplication.php(92): CConsoleCommandRunner->run()
#3 /var/www/html/chitkar/protected/framework/base/CApplication.php(185): CConsoleApplication->processRequest()
#4 /var/www/html/chitkar/cron.php(6): CConsoleApplication->run()

2026/02/10 07:28:01 [error] [php] ftp_get(): /reads.ctk: No such file or directory (/var/www/html/chitkar/protected/commands/remoteStatsCommand.php:75)
Stack trace:
#0 /var/www/html/chitkar/protected/commands/remoteStatsCommand.php(75): ftp_get()
#1 /var/www/html/chitkar/protected/framework/console/CConsoleCommandRunner.php(71): remoteStatsCommand->run()
#2 /var/www/html/chitkar/protected/framework/console/CConsoleApplication.php(92): CConsoleCommandRunner->run()
#3 /var/www/html/chitkar/protected/framework/base/CApplication.php(185): CConsoleApplication->processRequest()
#4 /var/www/html/chitkar/cron.php(6): CConsoleApplication->run()

2026/02/10 08:02:01 [error] [php] ftp_get(): /reads.ctk: No such file or directory (/var/www/html/chitkar/protected/commands/remoteStatsCommand.php:75)
Stack trace:
#0 /var/www/html/chitkar/protected/commands/remoteStatsCommand.php(75): ftp_get()
#1 /var/www/html/chitkar/protected/framework/console/CConsoleCommandRunner.php(71): remoteStatsCommand->run()
#2 /var/www/html/chitkar/protected/framework/console/CConsoleApplication.php(92): CConsoleCommandRunner->run()
#3 /var/www/html/chitkar/protected/framework/base/CApplication.php(185): CConsoleApplication->processRequest()
#4 /var/www/html/chitkar/cron.php(6): CConsoleApplication->run()

2026/02/10 08:36:01 [error] [php] ftp_get(): /reads.ctk: No such file or directory (/var/www/html/chitkar/protected/commands/remoteStatsCommand.php:75)
Stack trace:
#0 /var/www/html/chitkar/protected/commands/remoteStatsCommand.php(75): ftp_get()
#1 /var/www/html/chitkar/protected/framework/console/CConsoleCommandRunner.php(71): remoteStatsCommand->run()
#2 /var/www/html/chitkar/protected/framework/console/CConsoleApplication.php(92): CConsoleCommandRunner->run()
#3 /var/www/html/chitkar/protected/framework/base/CApplication.php(185): CConsoleApplication->processRequest()
#4 /var/www/html/chitkar/cron.php(6): CConsoleApplication->run()

2026/02/10 09:10:01 [error] [php] ftp_get(): /reads.ctk: No such file or directory (/var/www/html/chitkar/protected/commands/remoteStatsCommand.php:75)
Stack trace:
#0 /var/www/html/chitkar/protected/commands/remoteStatsCommand.php(75): ftp_get()
#1 /var/www/html/chitkar/protected/framework/console/CConsoleCommandRunner.php(71): remoteStatsCommand->run()
#2 /var/www/html/chitkar/protected/framework/console/CConsoleApplication.php(92): CConsoleCommandRunner->run()
#3 /var/www/html/chitkar/protected/framework/base/CApplication.php(185): CConsoleApplication->processRequest()
#4 /var/www/html/chitkar/cron.php(6): CConsoleApplication->run()

2026/02/10 09:44:01 [error] [php] ftp_get(): /reads.ctk: No such file or directory (/var/www/html/chitkar/protected/commands/remoteStatsCommand.php:75)
Stack trace:
#0 /var/www/html/chitkar/protected/commands/remoteStatsCommand.php(75): ftp_get()
#1 /var/www/html/chitkar/protected/framework/console/CConsoleCommandRunner.php(71): remoteStatsCommand->run()
#2 /var/www/html/chitkar/protected/framework/console/CConsoleApplication.php(92): CConsoleCommandRunner->run()
#3 /var/www/html/chitkar/protected/framework/base/CApplication.php(185): CConsoleApplication->processRequest()
#4 /var/www/html/chitkar/cron.php(6): CConsoleApplication->run()

2026/02/10 10:40:01 [error] [php] ftp_get(): /reads.ctk: No such file or directory (/var/www/html/chitkar/protected/commands/remoteStatsCommand.php:75)
Stack trace:
#0 /var/www/html/chitkar/protected/commands/remoteStatsCommand.php(75): ftp_get()
#1 /var/www/html/chitkar/protected/framework/console/CConsoleCommandRunner.php(71): remoteStatsCommand->run()
#2 /var/www/html/chitkar/protected/framework/console/CConsoleApplication.php(92): CConsoleCommandRunner->run()
#3 /var/www/html/chitkar/protected/framework/base/CApplication.php(185): CConsoleApplication->processRequest()
#4 /var/www/html/chitkar/cron.php(6): CConsoleApplication->run()

2026/02/10 11:14:02 [error] [php] ftp_get(): /reads.ctk: No such file or directory (/var/www/html/chitkar/protected/commands/remoteStatsCommand.php:75)
Stack trace:
#0 /var/www/html/chitkar/protected/commands/remoteStatsCommand.php(75): ftp_get()
#1 /var/www/html/chitkar/protected/framework/console/CConsoleCommandRunner.php(71): remoteStatsCommand->run()
#2 /var/www/html/chitkar/protected/framework/console/CConsoleApplication.php(92): CConsoleCommandRunner->run()
#3 /var/www/html/chitkar/protected/framework/base/CApplication.php(185): CConsoleApplication->processRequest()
#4 /var/www/html/chitkar/cron.php(6): CConsoleApplication->run()

2026/02/10 11:50:01 [error] [php] ftp_get(): /reads.ctk: No such file or directory (/var/www/html/chitkar/protected/commands/remoteStatsCommand.php:75)
Stack trace:
#0 /var/www/html/chitkar/protected/commands/remoteStatsCommand.php(75): ftp_get()
#1 /var/www/html/chitkar/protected/framework/console/CConsoleCommandRunner.php(71): remoteStatsCommand->run()
#2 /var/www/html/chitkar/protected/framework/console/CConsoleApplication.php(92): CConsoleCommandRunner->run()
#3 /var/www/html/chitkar/protected/framework/base/CApplication.php(185): CConsoleApplication->processRequest()
#4 /var/www/html/chitkar/cron.php(6): CConsoleApplication->run()

2026/02/10 12:28:01 [error] [php] ftp_get(): /reads.ctk: No such file or directory (/var/www/html/chitkar/protected/commands/remoteStatsCommand.php:75)
Stack trace:
#0 /var/www/html/chitkar/protected/commands/remoteStatsCommand.php(75): ftp_get()
#1 /var/www/html/chitkar/protected/framework/console/CConsoleCommandRunner.php(71): remoteStatsCommand->run()
#2 /var/www/html/chitkar/protected/framework/console/CConsoleApplication.php(92): CConsoleCommandRunner->run()
#3 /var/www/html/chitkar/protected/framework/base/CApplication.php(185): CConsoleApplication->processRequest()
#4 /var/www/html/chitkar/cron.php(6): CConsoleApplication->run()

2026/02/10 13:06:01 [error] [php] ftp_get(): /reads.ctk: No such file or directory (/var/www/html/chitkar/protected/commands/remoteStatsCommand.php:75)
Stack trace:
#0 /var/www/html/chitkar/protected/commands/remoteStatsCommand.php(75): ftp_get()
#1 /var/www/html/chitkar/protected/framework/console/CConsoleCommandRunner.php(71): remoteStatsCommand->run()
#2 /var/www/html/chitkar/protected/framework/console/CConsoleApplication.php(92): CConsoleCommandRunner->run()
#3 /var/www/html/chitkar/protected/framework/base/CApplication.php(185): CConsoleApplication->processRequest()
#4 /var/www/html/chitkar/cron.php(6): CConsoleApplication->run()

2026/02/10 13:40:01 [error] [php] ftp_get(): /reads.ctk: No such file or directory (/var/www/html/chitkar/protected/commands/remoteStatsCommand.php:75)
Stack trace:
#0 /var/www/html/chitkar/protected/commands/remoteStatsCommand.php(75): ftp_get()
#1 /var/www/html/chitkar/protected/framework/console/CConsoleCommandRunner.php(71): remoteStatsCommand->run()
#2 /var/www/html/chitkar/protected/framework/console/CConsoleApplication.php(92): CConsoleCommandRunner->run()
#3 /var/www/html/chitkar/protected/framework/base/CApplication.php(185): CConsoleApplication->processRequest()
#4 /var/www/html/chitkar/cron.php(6): CConsoleApplication->run()

2026/02/10 14:18:01 [error] [php] ftp_get(): /reads.ctk: No such file or directory (/var/www/html/chitkar/protected/commands/remoteStatsCommand.php:75)
Stack trace:
#0 /var/www/html/chitkar/protected/commands/remoteStatsCommand.php(75): ftp_get()
#1 /var/www/html/chitkar/protected/framework/console/CConsoleCommandRunner.php(71): remoteStatsCommand->run()
#2 /var/www/html/chitkar/protected/framework/console/CConsoleApplication.php(92): CConsoleCommandRunner->run()
#3 /var/www/html/chitkar/protected/framework/base/CApplication.php(185): CConsoleApplication->processRequest()
#4 /var/www/html/chitkar/cron.php(6): CConsoleApplication->run()

2026/02/10 14:54:01 [error] [php] ftp_get(): /reads.ctk: No such file or directory (/var/www/html/chitkar/protected/commands/remoteStatsCommand.php:75)
Stack trace:
#0 /var/www/html/chitkar/protected/commands/remoteStatsCommand.php(75): ftp_get()
#1 /var/www/html/chitkar/protected/framework/console/CConsoleCommandRunner.php(71): remoteStatsCommand->run()
#2 /var/www/html/chitkar/protected/framework/console/CConsoleApplication.php(92): CConsoleCommandRunner->run()
#3 /var/www/html/chitkar/protected/framework/base/CApplication.php(185): CConsoleApplication->processRequest()
#4 /var/www/html/chitkar/cron.php(6): CConsoleApplication->run()

2026/02/10 15:34:02 [error] [php] ftp_get(): /reads.ctk: No such file or directory (/var/www/html/chitkar/protected/commands/remoteStatsCommand.php:75)
Stack trace:
#0 /var/www/html/chitkar/protected/commands/remoteStatsCommand.php(75): ftp_get()
#1 /var/www/html/chitkar/protected/framework/console/CConsoleCommandRunner.php(71): remoteStatsCommand->run()
#2 /var/www/html/chitkar/protected/framework/console/CConsoleApplication.php(92): CConsoleCommandRunner->run()
#3 /var/www/html/chitkar/protected/framework/base/CApplication.php(185): CConsoleApplication->processRequest()
#4 /var/www/html/chitkar/cron.php(6): CConsoleApplication->run()

2026/02/10 16:08:01 [error] [php] ftp_get(): /reads.ctk: No such file or directory (/var/www/html/chitkar/protected/commands/remoteStatsCommand.php:75)
Stack trace:
#0 /var/www/html/chitkar/protected/commands/remoteStatsCommand.php(75): ftp_get()
#1 /var/www/html/chitkar/protected/framework/console/CConsoleCommandRunner.php(71): remoteStatsCommand->run()
#2 /var/www/html/chitkar/protected/framework/console/CConsoleApplication.php(92): CConsoleCommandRunner->run()
#3 /var/www/html/chitkar/protected/framework/base/CApplication.php(185): CConsoleApplication->processRequest()
#4 /var/www/html/chitkar/cron.php(6): CConsoleApplication->run()

2026/02/10 16:42:02 [error] [php] ftp_get(): /reads.ctk: No such file or directory (/var/www/html/chitkar/protected/commands/remoteStatsCommand.php:75)
Stack trace:
#0 /var/www/html/chitkar/protected/commands/remoteStatsCommand.php(75): ftp_get()
#1 /var/www/html/chitkar/protected/framework/console/CConsoleCommandRunner.php(71): remoteStatsCommand->run()
#2 /var/www/html/chitkar/protected/framework/console/CConsoleApplication.php(92): CConsoleCommandRunner->run()
#3 /var/www/html/chitkar/protected/framework/base/CApplication.php(185): CConsoleApplication->processRequest()
#4 /var/www/html/chitkar/cron.php(6): CConsoleApplication->run()

